date,gross_return,strategy_return,turnover,trading_cost,equity_exposure,cash_weight,benchmark_return,classic_momentum_return,classic_equity_exposure,equal_weight_return,strategy_nav,classic_momentum_nav,benchmark_nav,equal_weight_nav,strategy_value,classic_momentum_value,benchmark_value,equal_weight_value
2019-08-01,0.0,-0.0,0.0,0.0,0.0,1.0,0.0,-0.002,1.0,-0.0010000000000000009,1.0,0.998,1.0,0.999,100000.0,99800.0,100000.0,99900.0
2019-08-02,0.0,0.0,0.0,0.0,0.0,1.0,-0.014731284853041982,-0.011363521172996549,1.0,-0.016001558855383125,1.0,0.9866592058693494,0.985268715146958,0.9830144427034723,100000.0,98665.92058693494,98526.8715146958,98301.44427034723
2019-08-05,0.0,0.0,0.0,0.0,0.0,1.0,-0.01914640394509315,-0.04055393003667718,1.0,-0.024620975684996327,1.0,0.9466462974644804,0.9664043623322914,0.9588116680116698,100000.0,94664.62974644803,96640.43623322915,95881.16680116698
2019-08-06,0.0,0.0,0.0,0.0,0.0,1.0,-0.010708193563657487,-0.011131612175577232,0.9999999999999999,-0.009570062063682383,1.0,0.9361085980136596,0.9560559173596743,0.9496357808414153,100000.0,93610.85980136596,95605.59173596743,94963.57808414153
2019-08-07,0.0,0.0,0.0,0.0,0.0,1.0,-0.0040975379022256675,0.006198423968874156,1.0,-0.0015659619648432654,1.0,0.9419109959850567,0.9521384420016459,0.9481486873281634,100000.0,94191.09959850567,95213.84420016459,94814.86873281634
2019-08-08,0.0,0.0,0.0,0.0,0.0,1.0,0.013215773879379222,0.007148976811472085,1.0,0.024947552937376827,1.0,0.9486446958538244,0.9647216883530041,0.9718026768977871,100000.0,94864.46958538244,96472.16883530041,97180.26768977872
2019-08-09,0.0,0.0,0.0,0.0,0.0,1.0,-0.009745754628279535,-0.021431893725862072,1.0,-0.014565056702618984,1.0,0.9283134435486825,0.9553197474937362,0.9576483158050139,100000.0,92831.34435486826,95531.97474937362,95764.83158050138
2019-08-12,0.0,0.0,0.0,0.0,0.0,1.0,0.01804581219915602,0.03130266141256688,1.0,0.027351509878210223,1.0,0.9573721249568209,0.9725592682471532,0.9838414431746061,100000.0,95737.21249568209,97255.92682471532,98384.14431746061
2019-08-13,0.0,0.0,0.0,0.0,0.0,1.0,-0.009015706523208378,-0.01270513090418135,1.0,-0.008472673824451604,1.0,0.9452085867852302,0.9637909593082106,0.9755056755316099,100000.0,94520.85867852303,96379.09593082106,97550.56755316099
2019-08-14,0.0,0.0,0.0,0.0,0.0,1.0,0.004542044602059647,-0.0012695323354083854,1.0000000000000002,0.0071148627142025855,1.0,0.9440086139206008,0.9681685408324503,0.9824462644899428,100000.0,94400.86139206008,96816.85408324502,98244.62644899427
2019-08-15,0.0,0.0,0.0,0.0,0.0,1.0,0.0031501194872909366,0.021048308085585443,1.0000000000000002,0.006238119335470582,1.0,0.963878398061848,0.9712183874199086,0.9885748815285184,100000.0,96387.8398061848,97121.83874199087,98857.48815285183
2019-08-16,0.0,0.0,0.0,0.0,0.0,1.0,0.004477531131564794,-0.025779668245517695,1.0000000000000002,0.004204811606898451,1.0,0.9390299327307926,0.9755670479851294,0.9927316526646577,100000.0,93902.99327307926,97556.70479851293,99273.16526646577
2019-08-19,0.0,0.0,0.0,0.0,0.0,1.0,0.021708430578837534,0.0496293240776402,1.0000000000000002,0.025248528365256373,1.0,0.9856333535808938,0.996745077521316,1.0177966659560491,100000.0,98563.33535808937,99674.5077521316,101779.66659560491
2019-08-20,0.0,0.0,0.0,0.0,0.0,1.0,-0.0008862886399426673,-0.013971422762703134,1.0000000000000002,-0.00014128748113428902,1.0,0.9718626533089942,0.9958616736821901,1.0176528640288094,100000.0,97186.26533089942,99586.16736821902,101765.28640288094
2019-08-21,0.0,0.0,0.0,0.0,0.0,1.0,-0.0015761419108542007,0.05860950093554451,1.0000000000000002,0.0002789321602094663,1.0,1.0288230383973285,0.9942920543608862,1.0179367201405163,100000.0,102882.30383973285,99429.20543608862,101793.67201405163
2019-08-22,0.0,0.0,0.0,0.0,0.0,1.0,0.0031070189541377857,-0.010993954544680995,1.0000000000000002,0.0013557056013921986,1.0,1.0175122046786675,0.9973813386197341,1.0193167426538736,100000.0,101751.22046786675,99738.13386197342,101931.67426538737
2019-08-23,0.0,0.0,0.0,0.0,0.0,1.0,0.007209681798650891,-0.014391991328706721,1.0000000000000002,0.012033616677774583,1.0,1.002868177852079,1.0045721407030948,1.031582809608208,100000.0,100286.8177852079,100457.21407030948,103158.2809608208
2019-08-26,0.0,0.0,0.0,0.0,0.0,1.0,-0.014381579016242485,-0.030008774245813608,1.0000000000000002,-0.020433999539471004,1.0,0.9727733331046055,0.9901248070840574,1.0105034469517478,100000.0,97277.33331046054,99012.48070840574,101050.34469517478
2019-08-27,0.0,0.0,0.0,0.0,0.0,1.0,0.013553165104848386,0.017464213202436518,1.0000000000000002,0.017140688115367952,1.0,0.9897620539915891,1.0035441320688738,1.027824171375452,100000.0,98976.2053991589,100354.41320688739,102782.41713754518
2019-08-28,0.0,0.0,0.0,0.0,0.0,1.0,-0.0037647860202517647,0.015124544667588502,1.0000000000000004,-0.002183156327589253,1.0,1.004731754387469,0.9997660031497553,1.0255802705320645,100000.0,100473.1754387469,99976.60031497553,102558.02705320645
2019-08-29,0.0,0.0,0.0,0.0,0.0,1.0,-0.003258314092011161,-0.023947039348715227,1.0000000000000002,-0.0024348186537807015,1.0,0.9806714035302486,0.9965084514929787,1.0230831685584236,100000.0,98067.14035302486,99650.84514929788,102308.31685584236
2019-08-30,0.0,0.0,0.0,0.0,0.0,1.0,0.002480086750268562,0.015685714370735404,1.0000000000000002,0.008515939635051373,1.0,0.9960539350575723,0.9989798789000571,1.0317956830635042,100000.0,99605.39350575724,99897.98789000571,103179.56830635043
2019-09-02,0.0,-0.0008424710563329496,0.8424710563329274,0.0008424710563329274,0.8424710563329274,0.1575289436670726,0.012825067967859649,0.02941034561088207,1.0,0.010046404175432677,0.999157528943667,1.0253482255346946,1.0117918637454746,1.0421615195220268,99915.7528943667,102534.82255346946,101179.18637454745,104216.15195220268
2019-09-03,0.001754112895687158,0.0017541128956870544,0.0,0.0,0.8427468960304871,0.15725310396951286,0.001374625810743435,-0.0009946966471989782,1.0,0.0012323317967495306,1.00091016405001,1.0243283150925437,1.0131826989564794,1.0434458082998825,100091.01640500099,102432.83150925438,101318.26989564794,104344.58082998825
2019-09-04,0.00028501004571177034,0.00028501004571168664,0.0,0.0,0.8427917019746939,0.15720829802530611,0.00840510586177623,-0.022446419992123934,1.0,0.0030494267145650955,1.001195433501619,1.0013358115221518,1.0216986067985288,1.0466277198229132,100119.54335016191,100133.58115221518,102169.86067985288,104662.77198229132
2019-09-05,0.007714734607097521,0.007714734607097595,0.0,0.0,0.843995237316242,0.15600476268375796,0.010118373648996482,0.013687710624898708,1.0,0.010317297776848644,1.0089193905609222,1.015041806348615,1.0320365350587755,1.0574260896698304,100891.93905609222,101504.1806348615,103203.65350587755,105742.60896698304
2019-09-06,0.0050703087731752685,0.005070308773175158,0.0,0.0,0.8447822392901222,0.1552177607098778,0.0059077985998594595,0.004019403689660583,1.0,0.00515693480759305,1.0140349233983097,1.0191216691302125,1.0381335990555995,1.0628791670781057,101403.49233983098,101912.16691302125,103813.35990555995,106287.91670781057
2019-09-09,0.006315641413826079,0.006315641413826123,0.0,0.0,0.8457563866424613,0.15424361335753867,0.006189676612190276,-0.006966304632124998,1.0,0.009316981157809767,1.02043920435559,1.0120221571258519,1.044559310314003,1.0727819922508008,102043.920435559,101202.21571258518,104455.9310314003,107278.19922508008
2019-09-10,-0.00529153404292494,-0.005291534042924928,0.0,0.0,0.844935859463978,0.15506414053602202,-0.003445802237631912,-0.015907918706740243,1.0,-0.005295962337323323,1.0150395155670073,0.9959229909208739,1.0409599655051838,1.0671005792236818,101503.95155670073,99592.29909208739,104095.99655051838,106710.05792236819
2019-09-11,-0.018024655398382924,-0.01802465539838294,0.0,0.0,0.8420895785332259,0.15791042146677414,-0.007365012653879788,-0.06764913238011727,1.0,-0.01537415330219849,0.9967437780831705,0.9285496646676653,1.0332932821870557,1.0506948113298322,99674.37780831705,92854.96646676653,103329.32821870557,105069.48113298322
2019-09-12,0.013130223466464488,0.01313022346646453,0.0,0.0,0.8441361062880175,0.1558638937119825,0.010757995979746138,0.02952698674611498,0.9999999999999999,0.014234146843600248,1.0098312466282107,0.9559669383094169,1.0444094471627228,1.0656505555621099,100983.12466282106,95596.69383094169,104440.94471627228,106565.05555621098
2019-09-16,0.0007645999798880222,0.000764599979887981,0.0,0.0,0.8442551887675533,0.15574481123244666,-0.003690482783620941,-0.0029448424965459186,0.9999999999999999,-0.001268390999427993,1.0106033635790728,0.9531517662441905,1.0405550720789176,1.0642988939888995,101060.33635790728,95315.17662441905,104055.50720789176,106429.88939888995
2019-09-17,-0.015026731160046101,-0.015026731160046047,0.0,0.0,0.8418791492525741,0.15812085074742588,-0.016802603519197934,-0.00014505681185783548,1.0,-0.021087322393807506,0.9954172985251317,0.9530135050877625,1.023071037762885,1.0418556800879828,99541.72985251318,95301.35050877625,102307.10377628851,104185.56800879828
2019-09-18,0.01362706392384151,0.01362706392384161,0.0,0.0,0.8440049043922269,0.15599509560777314,0.004846808969937388,0.052422873426491545,1.0000000000000002,0.011119310725292708,1.0089819136830314,1.0029732114387153,1.0280296676455973,1.0534403971257922,100898.19136830313,100297.32114387154,102802.96676455974,105344.03971257922
2019-09-19,0.00322058479384749,0.0032205847938475696,0.0,0.0,0.844505687012165,0.155494312987835,0.0036572141746460396,-0.005118010550481333,1.0,0.003608491569590422,1.0122314254915061,0.9978399839607218,1.0317893923180674,1.0572417279178865,101223.14254915061,99783.99839607219,103178.93923180674,105724.17279178865
2019-09-20,0.004184663969073106,0.004184663969073021,0.0,0.0,0.8451536668831026,0.15484633311689744,0.0028717912128795042,0.01585362562272441,1.0,0.004911044408494769,1.0164672738661238,1.0136593654978205,1.0347524760284688,1.062433888994205,101646.72738661237,101365.93654978205,103475.24760284688,106243.3888994205
2019-09-23,-0.010317184683811828,-0.01031718468381182,0.0,0.0,0.8435394343313656,0.15646056566863442,-0.011431402690788128,-0.013614550626153576,1.0,-0.01406909645283172,1.0059801932765962,0.9998588487485758,1.0229238037896973,1.0474864041351886,100598.01932765961,99985.88487485758,102292.38037896973,104748.64041351885
2019-09-24,0.006215932309208637,0.006215932309208583,0.0,0.0,0.84450597466732,0.15549402533267997,0.0026782088386032576,0.027823722053618605,1.0,0.006404727014658995,1.012233298062408,1.0276786434490073,1.0256634073622246,1.0541952686052412,101223.3298062408,102767.86434490072,102566.34073622247,105419.52686052411
2019-09-25,-0.00810285681905323,-0.008102856819053206,0.0,0.0,0.8432357362840857,0.15676426371591434,-0.007715812031539926,-0.005541711344932088,1.0,-0.011020215975642955,1.0040313165807304,1.0219835450516614,1.017749581303389,1.0425778090647104,100403.13165807303,102198.35450516615,101774.9581303389,104257.78090647105
2019-09-26,-0.007831019673452837,-0.007831019673452788,0.0,0.0,0.84199842282479,0.15800157717521002,-0.007708642255966236,-0.014661306547864572,1.0,-0.008144740860974498,0.996168727587824,1.0069999310107858,1.0099041138749618,1.0340862829824757,99616.87275878241,100699.99310107858,100990.41138749618,103408.62829824757
2019-09-27,0.004701658507008422,0.004701658507008322,0.0,0.0,0.8427378159104454,0.1572621840895546,0.002996506245541708,0.003154951940506967,1.0,0.004228613187531316,1.000852372760303,1.0101769673972187,1.0129302978595864,1.0384590338757407,100085.2372760303,101017.69673972187,101293.02978595864,103845.90338757407
2019-09-30,-0.011617498266833955,-0.011617498266834003,0.0,0.0,0.840889348188794,0.15911065181120598,-0.009894488209414298,-0.03197584785917218,1.0,-0.012961607874241277,0.9892249720544034,0.9778757023768854,1.0029078709704562,1.0249989350851798,98922.49720544035,97787.57023768853,100290.78709704561,102499.89350851798
2019-10-08,0.008545647678300631,0.008367692772971003,0.17644705099799174,0.00017644705099799173,0.9363618606852255,0.06363813931477447,0.006068899707172282,0.021672031562408156,1.0,0.008925287486849509,0.9975025027039055,0.9990682554629092,1.0089944182549095,1.0341473452545296,99750.25027039055,99906.82554629093,100899.44182549095,103414.73452545295
2019-10-09,-0.010036565688145024,-0.010036565688145038,0.0,0.0,0.9357166768901818,0.06428332310981821,0.0014487919784869074,-0.003153939042039422,1.0,-0.007994880959404371,0.9874910033114287,0.9959172550863425,1.0104562412744154,1.0258794603347356,98749.10033114286,99591.72550863425,101045.62412744154,102587.94603347356
2019-10-10,0.011536091565243569,0.0115360915652436,0.0,0.0,0.9364497978412746,0.06355020215872542,0.008170189735743794,0.022170834898958214,1.0,0.00992453942843241,0.9988827899454836,1.0179975721218855,1.0187118604852938,1.0360608414876467,99888.27899454837,101799.75721218855,101871.18604852939,103606.08414876467
2019-10-11,0.010035198184420809,0.01003519818442089,0.0,0.0,0.9370812004641426,0.06291879953585744,0.009572502219561185,0.023774440351374437,0.9999999999999999,0.012711558799294309,1.008906776705594,1.0421998946781412,1.0284634820308827,1.0492307897938633,100890.6776705594,104219.98946781413,102846.34820308827,104923.07897938634
2019-10-14,0.007550772618518313,0.00755077261851822,0.0,0.0,0.9375527256335302,0.062447274366469796,0.010611673096047047,0.038270777810258894,1.0,0.009223085521750107,1.01652480236978,1.0820856952812437,1.0393772002934167,1.0589079351001855,101652.480236978,108208.56952812437,103937.72002934167,105890.79351001856
2019-10-15,-0.0008625311697358171,-0.0008625311697357807,0.0,0.0,0.9374988164145422,0.06250118358545775,-0.004297740587467458,-0.00601949419961556,1.0,-0.003382129364763231,1.0156480180429266,1.0755720867150111,1.0349102267140273,1.0553265714783024,101564.80180429266,107557.20867150111,103491.02267140274,105532.65714783025
2019-10-16,-0.011554758577389003,-0.011554758577388968,0.0,0.0,0.9367681880935524,0.06323181190644755,-0.003444903143855149,-0.019441968103173224,1.0,-0.012299705930309157,1.003912450394837,1.0546608485124345,1.0313450612204123,1.042346364988678,100391.24503948369,105466.08485124345,103134.50612204123,104234.6364988678
2019-10-17,0.005462143872237248,0.005462143872237313,0.0,0.0,0.9371116930738642,0.06288830692613578,0.0006449655720945913,0.026868421338570814,1.0,0.0028789305734442383,1.0093959646340238,1.0829979205595612,1.0320102432778493,1.0453472078069623,100939.59646340238,108299.79205595612,103201.02432778492,104534.72078069624
2019-10-18,-0.01527426603836677,-0.01527426603836679,0.0,0.0,0.9361362207189096,0.06386377928109044,-0.014225954214031278,-0.013872380810253215,1.0,-0.016642511608402244,0.9939781821321498,1.0679741609888467,1.0173289128085674,1.027950004766224,99397.81821321498,106797.41609888467,101732.89128085674,102795.0004766224
2019-10-21,0.00020161726900809633,0.00020161726900802535,0.0,0.0,0.9361490941641679,0.06385090583583208,0.0029617147966858326,0.013046678028388659,1.0,0.004365257003273726,0.9941785852986849,1.0819076760099067,1.020341950902729,1.032437270723545,99417.85852986849,108190.76760099067,102034.1950902729,103243.7270723545
2019-10-22,0.00705879842736399,0.00705879842736401,0.0,0.0,0.9365966456620582,0.06340335433794175,0.0038754496449222575,0.00037236534171691815,1.0,0.005539973089471184,1.0011962915331103,1.0823105409313902,1.0242962347540543,1.0381569454199204,100119.62915331103,108231.05409313903,102429.62347540543,103815.69454199204
2019-10-23,-0.002935653478759765,-0.002935653478759792,0.0,0.0,0.9364099673615285,0.06359003263847152,-0.006365699148844439,0.011286739819534874,1.0,-0.002447887113932845,0.9982571261569497,1.0945262984108228,1.0177758730843158,1.0356156544109871,99825.71261569497,109452.62984108228,101777.58730843158,103561.56544109872
2019-10-24,-0.005112696824565395,-0.005112696824565388,0.0,0.0,0.936083180039078,0.06391681996092202,-0.00010591359517242438,0.015785052939064403,1.0,-0.0027747009880528806,0.9931533401179473,1.111803453974436,1.0176680767825177,1.03274213063145,99315.33401179474,111180.3453974436,101766.80767825177,103274.213063145
2019-10-25,0.018271046233618488,0.018271046233618415,0.0,0.0,0.9372300526492062,0.06276994735079378,0.0067481857146178825,0.026947201185687497,1.0,0.01457867861670481,1.0112992907123148,1.1417634453276273,1.0245354899604842,1.0477981462478567,101129.92907123148,114176.34453276273,102453.54899604841,104779.81462478568
2019-10-28,0.009385614747559112,0.009385614747559057,0.0,0.0,0.9378137092170746,0.06218629078292537,0.007647319973619338,-0.00534821544451658,1.0000000000000002,0.00812148682083369,1.0207909562494204,1.1356570484353417,1.0323704406765408,1.0563078250835027,102079.09562494204,113565.70484353417,103237.04406765409,105630.78250835027
2019-10-29,0.0031037962459475772,0.0031037962459474766,0.0,0.0,0.9380061255717967,0.061993874428203255,-0.004166465049826984,0.02799658445845088,1.0,0.0026165047732118474,1.0239592833873246,1.1674515669076968,1.0280691053169875,1.0590716595498149,102395.92833873245,116745.15669076968,102806.91053169874,105907.16595498148
2019-10-30,-0.0060335921463200454,-0.006033592146320044,0.0,0.0,0.9376298092788974,0.062370190721102614,-0.004859049211938915,-0.0035953373666641752,1.0,-0.00824601020958693,1.0177811306969273,1.163254184665423,1.0230736669409781,1.0503385438324828,101778.11306969273,116325.4184665423,102307.36669409781,105033.85438324828
2019-10-31,-0.00022454819427279737,-0.00022454819427275563,0.0,0.0,0.9376158010196651,0.06238419898033487,-0.0011513069132382814,-0.04111340598418356,1.0000000000000002,0.0013936540228114414,1.0175525897818645,1.115428843108473,1.021895795155477,1.0518023523694089,101755.25897818645,111542.8843108473,102189.5795155477,105180.23523694089
2019-11-01,0.020617693831293225,0.02036645626792799,0.24616226514963255,0.0002461622651496326,0.9999999999999999,1.1102230246251565e-16,0.016888145622949713,0.03729491977984467,1.0,0.026131491591667277,1.0382765301019736,1.1570286723323284,1.0391537201555427,1.079287516696446,103827.65301019736,115702.86723323284,103915.37201555427,107928.7516696446
2019-11-04,0.011900397555279878,0.011900397555279829,0.0,0.0,0.9999999999999997,3.3306690738754696e-16,0.00650998509762446,0.0034699153232371494,1.0000000000000002,0.00996963835988307,1.0506324335825037,1.1610434638518792,1.0459185953878964,1.0900476229242457,105063.24335825037,116104.34638518792,104591.85953878965,109004.76229242457
2019-11-05,0.013153358832428791,0.013153358832428852,0.0,0.0,0.9999999999999996,4.440892098500626e-16,0.006206449277548209,0.033769405013989395,1.0,0.013295870901375517,1.0644517789824024,1.2002512108215384,1.052410036098616,1.1045407553949977,106445.17789824025,120025.12108215384,105241.0036098616,110454.07553949977
2019-11-06,0.005737727773557173,0.0057377277735570775,0.0,0.0,0.9999999999999999,1.1102230246251565e-16,-0.0044793532543387915,-0.0027353043614760653,1.0,0.004049511914130832,1.070559313518282,1.1969681584497114,1.0476959197785187,1.109013606343613,107055.9313518282,119696.81584497113,104769.59197785187,110901.36063436129
2019-11-07,-0.0012476479330363057,-0.0012476479330363333,0.0,0.0,0.9999999999999998,2.220446049250313e-16,0.0017566400995763232,-0.001798663422782898,1.0000000000000002,-0.0019524802905908079,1.0692236324035782,1.1948152156048721,1.049536344443364,1.1068482791352299,106922.36324035782,119481.52156048722,104953.6344443364,110684.82791352298
2019-11-08,3.615709979315925e-05,3.6157099793099334e-05,0.0,0.0,0.9999999999999999,1.1102230246251565e-16,-0.0047270960048898525,0.0026296786267010486,1.0000000000000002,-0.0005536116387385714,1.0692622924291562,1.1979571956402055,1.044575085382559,1.106235515045583,106926.22924291562,119795.71956402055,104457.5085382559,110623.55150455829
2019-11-11,-0.024537782691371225,-0.02453778269137119,0.0,0.0,0.9999999999999998,2.220446049250313e-16,-0.017626434365883847,-0.03297241990180244,1.0,-0.02453581855214504,1.043024966657452,1.158457647961171,1.0261629511998258,1.079093121172486,104302.4966657452,115845.7647961171,102616.29511998258,107909.31211724858
2019-11-12,-0.004798783876309936,-0.004798783876309942,0.0,0.0,0.9999999999999998,2.220446049250313e-16,0.00018191228240982404,-0.017493152641334664,1.0,-0.005187336851307567,1.0380197152648676,1.1381925714968648,1.026349622844403,1.0734955016590353,103801.97152648676,113819.25714968648,102634.96228444029,107349.55016590352
2019-11-13,0.009752079067976514,0.009752079067976593,0.0,0.0,0.9999999999999999,1.1102230246251565e-16,-0.0009503828428999439,0.026253713928159117,1.0,0.006339506693947561,1.0481425656022492,1.1680743536640994,1.0253741977720348,1.0803009335777254,104814.25656022492,116807.43536640993,102537.41977720348,108030.09335777254
2019-11-14,-0.0007467304142575446,-0.0007467304142575459,0.0,0.0,0.9999999999999997,3.3306690738754696e-16,0.001507700039487414,0.0004839001871181914,1.0,-0.0006325517845660045,1.0473598856700361,1.1686395850624054,1.026920154490505,1.0796175872943226,104735.98856700362,116863.95850624054,102692.01544905051,107961.75872943226
2019-11-15,-0.008564627193056172,-0.008564627193056173,0.0,0.0,0.9999999999999997,3.3306690738754696e-16,-0.007365855407003852,-0.007290360201289703,1.0,-0.008757713313727433,1.0383896387123104,1.1601197815418147,1.01935600911799,1.0701626059763407,103838.96387123104,116011.97815418147,101935.600911799,107016.26059763407
2019-11-18,0.0036958239732064416,0.003695823973206336,0.0,0.0,0.9999999999999999,1.1102230246251565e-16,0.007954419422814496,-0.005566974730634389,1.0,0.005196837155943879,1.0422273440325924,1.1536614240334624,1.027464394355681,1.0757240667699803,104222.73440325924,115366.14240334624,102746.4394355681,107572.40667699803
2019-11-19,0.017857299495008142,0.01785729949500814,0.0,0.0,0.9999999999999999,1.1102230246251565e-16,0.010007855821368317,0.03193241199734009,1.0,0.01935550833770261,1.0608387098568692,1.1905006159311369,1.037747109875982,1.096545252913414,106083.87098568692,119050.06159311369,103774.71098759821,109654.52529134142
2019-11-20,-0.012161584740505492,-0.012161584740505438,0.0,0.0,0.9999999999999997,3.3306690738754696e-16,-0.009926425878633016,-0.019409987114542893,0.9999999999999998,-0.01304625811179183,1.0479372299909364,1.167393014316058,1.0274459901090325,1.0822394405126456,104793.72299909365,116739.3014316058,102744.59901090324,108223.94405126457
2019-11-21,0.00013669317430587205,0.00013669317430586858,0.0,0.0,0.9999999999999998,2.220446049250313e-16,-0.004672634127118269,-0.012325271860970988,0.9999999999999999,-0.0036430149806037093,1.0480804758573772,1.1530045780460143,1.0226451109118782,1.078296826018258,104808.04758573772,115300.45780460144,102264.51109118781,107829.6826018258
2019-11-22,-0.012757567823616986,-0.012757567823617033,0.0,0.0,0.9999999999999997,3.3306690738754696e-16,-0.010183566433566438,-0.03251987682694257,0.9999999999999998,-0.012881381098186484,1.0347095181020178,1.115509011187057,1.012230936486945,1.0644068736653518,103470.95181020179,111550.90111870569,101223.0936486945,106440.68736653517
2019-11-25,0.015673954661738907,0.01567395466173882,0.0,0.0,0.9999999999999998,2.220446049250313e-16,0.00732988916854338,0.0012744627869638592,0.9999999999999998,0.014512848428850367,1.0509275081768186,1.1169306859103376,1.0196504770643653,1.0798544492894835,105092.75081768185,111693.06859103376,101965.04770643653,107985.44492894835
2019-11-26,0.011140513607129037,0.011140513607128977,0.0,0.0,1.0,0.0,0.0034655163077812468,0.014623170443192723,0.9999999999999999,0.01188531088957867,1.0626353803817685,1.1332637537036367,1.0231840924208688,1.0926888551347838,106263.53803817685,113326.37537036368,102318.40924208688,109268.88551347838
2019-11-27,-0.004906641150108231,-0.004906641150108193,0.0,0.0,0.9999999999999998,2.220446049250313e-16,-0.00411907545642598,0.0030139905438462122,1.0,-0.004538539817638965,1.0574214098968264,1.1366793999409832,1.0189695199383726,1.0877296432574641,105742.14098968264,113667.93999409833,101896.95199383725,108772.96432574642
2019-11-28,-0.004215692224387814,-0.004215692224387779,0.0,0.0,0.9999999999999998,2.220446049250313e-16,-0.003436869455725744,-0.003319868489862765,1.0,-0.002068482215197176,1.052963646681223,1.132905773818043,1.0154674547189808,1.0854796938354434,105296.36466812232,113290.57738180431,101546.74547189809,108547.96938354435
2019-11-29,-0.020487471940599678,-0.020487471940599633,0.0,0.0,0.9999999999999998,2.220446049250313e-16,-0.008707246977189831,-0.015958014066684623,1.0,-0.01678158656992934,1.0313910835153701,1.1148268475432264,1.0066255287934442,1.0672636223834435,103139.10835153701,111482.68475432263,100662.55287934442,106726.36223834436
2019-12-02,0.0071026505217622335,0.0069499726805712925,0.15160107175943013,0.00015160107175943015,0.9955228870733943,0.004477112926605686,0.00193017418581376,-0.0010548365950799887,1.0,0.0041932198694314415,1.0385592233687868,1.1136508873872601,1.0085684914039024,1.0717388934107432,103855.92233687868,111365.08873872602,100856.84914039023,107173.88934107432
2019-12-03,0.0032314293572190014,0.0032314293572190955,0.0,0.0,0.9955373079475047,0.004462692052495276,0.003918082616017449,0.0010658545869812741,1.0,0.006387260904945791,1.0419152541323913,1.1148378772938776,1.012520146077135,1.0785843693449355,104191.52541323913,111483.78772938777,101252.01460771349,107858.43693449355
2019-12-04,0.007254375795044124,0.007254375795044066,0.0,0.0,0.9955694488306662,0.004430551169333774,-0.00032977676450041127,0.013685353863314154,1.0,0.0069514576101881165,1.0494736989324565,1.1300948281448704,1.0121862404593702,1.0860821028674483,104947.36989324565,113009.48281448704,101218.62404593702,108608.21028674483
2019-12-05,0.017616516471454503,0.01761651647145457,0.0,0.0,0.9956461485268571,0.004353851473142933,0.007673086014410968,0.033849592846878496,1.0,0.014671764344844851,1.0679617696360584,1.1683480779559374,1.0199528325450182,1.1020168435398732,106796.17696360583,116834.80779559375,101995.28325450182,110201.68435398732
2019-12-06,0.015313790051992206,0.015313790051992182,0.0,0.0,0.9957118168631197,0.004288183136880286,0.0059365462344302955,0.00431409033818686,0.9999999999999999,0.012202978057628933,1.084316311959819,1.1733884371106864,1.0260078296923598,1.1154647309007277,108431.6311959819,117338.84371106864,102600.78296923598,111546.47309007277
2019-12-09,-0.00719617103924226,-0.007196171039242305,0.0,0.0,0.9956807346911938,0.004319265308806219,-0.001778397341116622,0.04257855814845368,1.0,-0.003820576424394262,1.0765133863183156,1.223349624910927,1.0241831800960701,1.1112030126476051,107651.33863183156,122334.96249109271,102418.31800960701,111120.3012647605
2019-12-10,0.006704797889427735,0.006704797889427683,0.0,0.0,0.9957095016157055,0.004290498384294517,0.0012655790730211613,0.03133768714736318,1.0000000000000002,0.007506833591816253,1.0837311909988434,1.2616865727282298,1.0254793648957399,1.1195446287502755,108373.11909988434,126168.65727282298,102547.93648957399,111954.46287502754
2019-12-11,-0.004677588482961819,-0.0046775884829618475,0.0,0.0,0.9956893381133104,0.004310661886689604,0.0006076331024156278,-0.01896152298704512,1.0000000000000002,-0.004003329361489616,1.0786619424612007,1.2377630737769973,1.0261024801036946,1.1150627228665015,107866.19424612007,123776.30737769973,102610.24801036947,111506.27228665016
2019-12-12,-0.0058828976722565,-0.005882897672256471,0.0,0.0,0.9956638288622175,0.004336171137782507,-0.0030055729934020947,-0.020947387833601172,1.0000000000000002,-0.0032712536825342253,1.0723162846307441,1.2118351706244803,1.023018454201032,1.1114150698280678,107231.62846307442,121183.51706244804,102301.84542010321,111141.50698280678
2019-12-13,0.027711537678273623,0.027711537678273723,0.0,0.0,0.9957807507468697,0.0042192492531303305,0.01984055594676959,0.037818303154574906,1.0000000000000002,0.02611446341636081,1.1020318177553154,1.257664720480533,1.0433157090761853,1.140439078009485,110203.18177553154,125766.47204805329,104331.57090761853,114043.90780094851
2019-12-16,-0.002999794798212445,-0.0029997947982124407,0.0,0.0,0.9957680557826197,0.004231944217380268,0.00487120169748656,-0.008629071778423647,1.0000000000000002,-0.0012616732412432663,1.0987259484409484,1.2468122413343152,1.0483979103292516,1.1390002165414923,109872.59484409484,124681.22413343152,104839.79103292516,113900.02165414923
2019-12-17,0.018995456321192504,0.018995456321192483,0.0,0.0,0.9958469449582648,0.004153055041735243,0.013604845080312566,0.03739728953344912,1.0000000000000002,0.016888421322583058,1.1195967492035193,1.2934396397173433,1.0626612014818044,1.1582361320849583,111959.67492035193,129343.96397173434,106266.12014818045,115823.61320849584
2019-12-18,-0.009681768579546318,-0.00968176857954628,0.0,0.0,0.9958063429411186,0.004193657058881417,-0.002231678954921046,-0.023621537719414,1.0000000000000002,-0.008516181884988705,1.1087570725753184,1.2628866064799749,1.0602896828422463,1.148372382518357,110875.70725753185,126288.66064799749,106028.96828422464,114837.23825183569
2019-12-19,-0.0018735842798597159,-0.0018735842798597302,0.0,0.0,0.9957984710224749,0.004201528977525126,-0.0013960592940850391,0.031460902392188794,1.0000000000000002,-0.0007980439036000542,1.106679722753958,1.302618158738844,1.0588094555760919,1.1474559309394254,110667.9722753958,130261.81587388439,105880.94555760919,114745.59309394255
2019-12-20,-0.00286015982992858,-0.002860159829928599,0.0,0.0,0.9957864195088139,0.004213580491186142,-0.002458314192418931,-0.022498800458954804,1.0000000000000002,-0.003009683597982593,1.1035144418663405,1.2733108127111676,1.0562065692643818,1.1440024516446692,110351.44418663405,127331.08127111677,105620.65692643818,114400.24516446692
2019-12-23,-0.010556979566859833,-0.010556979566859859,0.0,0.0,0.9957414622124056,0.004258537787594441,-0.012483664198145505,-0.010713557046063138,1.0000000000000002,-0.011293679130146561,1.091864662451823,1.2596691246818175,1.0430212411298099,1.1310824550316934,109186.4662451823,125966.91246818175,104302.124112981,113108.24550316934
2019-12-24,0.01829327013420351,0.018293270134203565,0.0,0.0,0.9958179653028314,0.004182034697168602,0.0065186156134204865,0.09426912413287858,1.0000000000000002,0.016813974498703477,1.1118384376720452,1.3784170297628022,1.049820295677368,1.1501004465865272,111183.84376720451,137841.7029762802,104982.02956773678,115010.04465865273
2019-12-25,0.005888999323546176,0.005888999323546251,0.0,0.0,0.9958424491171678,0.004157550882832206,-0.0005234212213496292,0.05148851675093913,1.0000000000000002,0.004479202685311545,1.1183860534793886,1.4493896780895241,1.049270797456007,1.1552519795952556,111838.60534793886,144938.9678089524,104927.0797456007,115525.19795952555
2019-12-26,0.0038179632629005227,0.0038179632629005145,0.0,0.0,0.9958582621202374,0.004141737879762575,0.008800086196744106,0.008995793463481894,1.0,0.003867580285806138,1.1226560103453131,1.46242808828172,1.0585044709173461,1.1597200093766766,112265.60103453131,146242.808828172,105850.44709173462,115972.00093766766
2019-12-27,0.008069568302900737,0.008069568302900842,0.0,0.0,0.9958914166144949,0.004108583385505127,-0.0009836090005189702,0.04855670746754104,1.0000000000000002,0.009620659369244944,1.1317153597014569,1.5334387811567307,1.0574633163926623,1.1708772805505872,113171.53597014569,153343.87811567308,105746.33163926624,117087.72805505872
2019-12-30,0.02624907912349511,0.026249079123495056,0.0,0.0,0.9959965046799221,0.004003495320077932,0.01481838772957933,0.04811501044853572,1.0,0.025267478005138067,1.161421845723535,1.6072202041342767,1.0731332178247757,1.200462396483615,116142.18457235351,160722.02041342767,107313.32178247756,120046.2396483615
2019-12-31,-0.0005373551161256213,-0.0005373551161256263,0.0,0.0,0.9959943522245965,0.004005647775403465,0.0036627523807890583,-0.006296492427639411,1.0000000000000002,0.0008738810497563865,1.1607977497527555,1.5971003542893962,1.0770638390732672,1.2015114578228472,116079.77497527555,159710.03542893962,107706.38390732672,120151.14578228472
2020-01-02,0.016089507012581706,0.015771254352580755,0.3132132138010467,0.0003132132138010467,1.0,0.0,0.013586943255105455,0.0379047071002272,1.0,0.02112491392771587,1.1791049863160097,1.657637975428405,1.0916978443368817,1.2268932839525193,117910.49863160097,165763.7975428405,109169.78443368817,122689.32839525193
2020-01-03,0.0013154675395410172,0.0013154675395410376,0.0,0.0,0.9999999999999999,1.1102230246251565e-16,-0.0017532705238617607,0.02309673372383747,1.0,0.0005188810513638842,1.1806560606512193,1.695923998357396,1.0897838026854423,1.227529895629608,118065.60606512193,169592.3998357396,108978.38026854424,122752.98956296079
2020-01-06,-0.00736765559024678,-0.007367655590246769,0.0,0.0,0.9999999999999998,2.220446049250313e-16,-0.0037780822975371775,0.006855711833853251,1.0,-0.006400632130481254,1.1719573934258036,1.7075507645822505,1.0856665097923737,1.2196729283385148,117195.73934258036,170755.07645822506,108566.65097923737,121967.29283385148
2020-01-07,0.0009649455113421952,0.0009649455113422967,0.0,0.0,0.9999999999999996,4.440892098500626e-16,0.007490373671082073,-0.03590500977098965,1.0,0.002669934199557744,1.1730882684520743,1.646241137695464,1.0937985576328981,1.2229293748021606,117308.82684520743,164624.11376954638,109379.85576328982,122292.93748021606
2020-01-08,-0.00487542065884706,-0.004875420658847052,0.0,0.0,0.9999999999999997,3.3306690738754696e-16,-0.011516190210637323,0.013205816626456368,1.0,-0.006973413629418723,1.167368969673412,1.6679810962827992,1.0812021653910768,1.2144013824320987,116736.89696734119,166798.10962827993,108120.21653910769,121440.13824320988
2020-01-09,0.021772072341889773,0.021772072341889714,0.0,0.0,0.9999999999999996,4.440892098500626e-16,0.012657088942494843,0.005638174343080005,1.0,0.021344018565698786,1.1927850113308187,1.6773854645046034,1.0948870373632498,1.2403215880849396,119278.50113308187,167738.54645046033,109488.70373632498,124032.15880849396
2020-01-10,-0.003155632337818826,-0.0031556323378187923,0.0,0.0,0.9999999999999998,2.220446049250313e-16,-0.00028335618592978395,-0.006788730820340261,1.0000000000000002,-0.002119300697152493,1.1890210203769975,1.6659981461041302,1.0945767943483184,1.237692973678618,118902.10203769975,166599.814610413,109457.67943483185,123769.2973678618
2020-01-13,0.021591295392587036,0.021591295392586973,0.0,0.0,0.9999999999999998,2.220446049250313e-16,0.00980017726791238,0.04080465655776733,1.0,0.021664688623579398,1.2146935244559525,1.7339786282817864,1.1053038409662752,1.2645072065649572,121469.35244559524,173397.86282817865,110530.38409662752,126450.72065649572
2020-01-14,0.0007128963911158313,0.0007128963911158248,0.0,0.0,0.9999999999999998,2.220446049250313e-16,-0.0033539565983742303,0.009925278526888182,1.0,-0.001002606113752913,1.215559475085849,1.7511888491271546,1.101596699855658,1.2632394039087707,121555.9475085849,175118.88491271547,110159.6699855658,126323.94039087706
2020-01-15,-0.003433296354817867,-0.0034332963548178164,0.0,0.0,1.0,0.0,-0.005527591416481292,-0.025516235228394635,1.0,-0.0022270392572313336,1.2113860991709724,1.7065051025234843,1.0955075233931117,1.2604261201649842,121138.60991709724,170650.51025234844,109550.75233931118,126042.61201649842
2020-01-16,-0.0064230624795945275,-0.006423062479594566,0.0,0.0,0.9999999999999999,1.1102230246251565e-16,-0.004245535467860773,-0.00580739977901501,1.0,-0.005504820505184749,1.2036052905690848,1.6965947451682015,1.090856507347238,1.2534877006134295,120360.52905690849,169659.47451682016,109085.65073472381,125348.77006134295
2020-01-17,0.005433332106456766,0.005433332106456801,0.0,0.0,0.9999999999999998,2.220446049250313e-16,0.0014003239303550519,0.0077084397056290666,1.0,0.0032510257425311107,1.2101448778378352,1.7096728434662176,1.09238405981906,1.25756282139607,121014.48778378352,170967.28434662177,109238.40598190599,125756.28213960699
2020-01-20,0.013989870925095245,0.013989870925095182,0.0,0.0,0.9999999999999998,2.220446049250313e-16,0.007456346197816988,0.04264431958012693,1.0000000000000002,0.012402140975830145,1.2270746484794517,1.7825806785804554,1.1005292535500477,1.2731592927929867,122707.46484794517,178258.06785804554,110052.92535500477,127315.92927929867
2020-01-21,-0.02230832927733338,-0.022308329277333394,0.0,0.0,1.0,0.0,-0.01708621707044944,-0.039104210663388095,1.0,-0.023311316442017893,1.199700663173304,1.71287426820076,1.0817253718315119,1.2434802736375936,119970.0663173304,171287.426820076,108172.53718315119,124348.02736375936
2020-01-22,0.02823642713441036,0.028236427134410436,0.0,0.0,0.9999999999999998,2.220446049250313e-16,0.004282613609572383,0.09548716576328475,1.0,0.025462662316141582,1.2335759235321009,1.8764317773801111,1.0863579836307373,1.275142591942011,123357.59235321009,187643.17773801112,108635.79836307373,127514.25919420109
2020-01-23,-0.038846612160601625,-0.03884661216060159,0.0,0.0,0.9999999999999998,2.220446049250313e-16,-0.030985520083834928,-0.04169388581771016,1.0,-0.03857407169651883,1.1856556780599934,1.7981960451093018,1.0526966165107128,1.225955150177155,118565.56780599934,179819.60451093016,105269.66165107128,122595.5150177155
2020-02-03,-0.07782127033276831,-0.07796140074219104,0.1519558030505576,0.0001519558030505576,0.8743719172963179,0.1256280827036821,-0.07880816204200902,-0.03789318978112899,1.0,-0.08050268300645058,1.093220300600504,1.7300566611082995,0.9697355309756619,1.127262471342318,109322.03006005038,173005.66611082994,96973.5530975662,112726.2471342318
2020-02-04,0.047382842904338286,0.04738284290433836,0.0,0.0,0.880055240970606,0.11994475902939405,0.02637486579401127,0.09645608048622023,1.0,0.05718431900562093,1.145020186363691,1.896931145657883,0.9953121754608293,1.1917242081066217,114502.0186363691,189693.1145657883,99531.21754608293,119172.42081066217
2020-02-05,0.023774279472956523,0.023774279472956517,0.0,0.0,0.8828406207947107,0.1171593792052893,0.011329656280047784,0.11416476940914655,1.0,0.030139421023421376,1.1722422162764783,2.1134938524869433,1.0065887203001471,1.2276420857585506,117224.22162764783,211349.38524869434,100658.87203001471,122764.20857585507
2020-02-06,0.0176594975241636,0.017659497524163514,0.0,0.0,0.8848736935189786,0.1151263064810214,0.01861027600671794,0.024916739019438694,1.0,0.02080618318977656,1.1929434247925328,2.1661552272285487,1.025321614210182,1.2531846318863225,119294.34247925328,216615.52272285486,102532.1614210182,125318.46318863225
2020-02-07,-0.013963638585197587,-0.013963638585197558,0.0,0.0,0.8832433457972748,0.11675665420272519,2.3078224925532353e-05,-0.06452819285970401,1.0,-0.01581581950253741,1.176285593956142,2.026377144961889,1.0253452768130158,1.2333644899450547,117628.55939561421,202637.71449618888,102534.52768130158,123336.44899450547
2020-02-10,0.0075621948046367795,0.007562194804636713,0.0,0.0,0.884119655536139,0.11588034446386097,0.004138599491777972,0.050544274144761925,1.0000000000000002,0.007630319618854298,1.1851808947635263,2.1287989068975226,1.029588770254531,1.2427754552098806,118518.08947635263,212879.89068975227,102958.8770254531,124277.54552098806
2020-02-11,0.010279346321432787,0.010279346321432792,0.0,0.0,0.8852987098214001,0.11470129017859987,0.009307943544577313,-0.0453491981667109,1.0,0.009033136709368783,1.1973637796343461,2.032259583411549,1.039172124402191,1.2540016157958396,119736.37796343461,203225.9583411549,103917.2124402191,125400.16157958396
2020-02-12,0.006905544773212568,0.00690554477321248,0.0,0.0,0.8860853525198987,0.11391464748010127,0.008088633408054768,0.006797444335842062,1.0000000000000002,0.006659905717471437,1.205632228824434,2.0460737548057706,1.0475776067643499,1.2623531483265966,120563.22288244341,204607.37548057706,104757.76067643499,126235.31483265966
2020-02-13,-0.012695951983155653,-0.012695951983155651,0.0,0.0,0.884620499927133,0.11537950007286701,-0.006151444497707215,-0.029662385483690268,1.0,-0.015604399681804493,1.1903255799379342,1.9853823263626602,1.041133491259298,1.2426548852605241,119032.55799379342,198538.232636266,104113.3491259298,124265.48852605242
2020-02-14,0.004374664243184316,0.004374664243184334,0.0,0.0,0.8851230480213201,0.11487695197867986,0.007022869148871624,-0.03496392832701034,1.0000000000000002,0.0002994950611339142,1.1955328546902364,1.9159655610020032,1.0484452355349199,1.2430270542613535,119553.28546902364,191596.5561002003,104844.52355349199,124302.70542613535
2020-02-17,0.0222852699948949,0.022285269994894996,0.0,0.0,0.8876273038940944,0.11237269610590561,0.022491492653715195,0.03522114119361519,1.0000000000000004,0.02614254555261275,1.222175627144776,1.983448054548159,1.0720263338477762,1.275522945650511,122217.5627144776,198344.80545481588,107202.63338477763,127552.29456505111
2020-02-18,-0.007863014137366743,-0.007863014137366786,0.0,0.0,0.8867367130677011,0.11326328693229892,-0.004882989733704157,0.020728040994905772,1.0000000000000002,-0.006586982559625532,1.2125656429101914,2.024561047134099,1.066791640265337,1.267121098253109,121256.56429101914,202456.1047134099,106679.1640265337,126712.1098253109
2020-02-19,0.003273714344989152,0.0032737143449892425,0.0,0.0,0.8871062948098412,0.11289370519015884,-0.0015280307380635128,0.008008907133359555,1.0000000000000004,0.003876796455168474,1.2165352364496276,2.0407755685464135,1.0651615498479023,1.2720334688350858,121653.52364496276,204077.55685464136,106516.15498479024,127203.34688350858
2020-02-20,0.029982927767024655,0.029982927767024714,0.0,0.0,0.890392644240318,0.10960735575968195,0.023041929647447335,0.08746740062140534,1.0000000000000002,0.03703369085205921,1.253010524570137,2.219276902778839,1.0897049273426638,1.319141563073397,125301.0524570137,221927.6902778839,108970.49273426637,131914.1563073397
2020-02-21,0.00035314608705187215,0.0003531460870518366,0.0,0.0,0.8904313379845724,0.10956866201542759,0.0011653549386438922,-0.0055883387152557695,1.0000000000000002,-0.0003358690803231257,1.2534530203339238,2.2068748317431672,1.0909748203614071,1.3186985042097914,125345.30203339238,220687.48317431673,109097.48203614072,131869.85042097914
2020-02-24,-0.014586845738647202,-0.014586845738647214,0.0,0.0,0.888809418119085,0.11119058188091502,-0.004012541300256078,-0.0333500038530844,1.0000000000000002,-0.017151711201013886,1.2351690944856715,2.1332755476012575,1.0865972388371676,1.2960805683043761,123516.90944856715,213327.55476012576,108659.72388371677,129608.0568304376
2020-02-25,-0.006505107286679757,-0.0065051072866797455,0.0,0.0,0.8880813754590687,0.11191862454093127,-0.002175259627761994,0.07232409424079234,1.0000000000000002,-0.002024433360970024,1.227134187008851,2.2875627693475487,1.0842336077318875,1.2934567395633958,122713.4187008851,228756.27693475486,108423.36077318875,129345.67395633958
2020-02-26,-0.026100308694848914,-0.026100308694848917,0.0,0.0,0.8850819796534221,0.11491802034657794,-0.012325860542939382,-0.027365170151406937,1.0000000000000002,-0.029382427964439684,1.1951056059179175,2.2249632249323295,1.0708694954870162,1.2554518400880552,119510.56059179174,222496.32249323293,107086.94954870161,125545.18400880552
2020-02-27,0.005142439853504024,0.005142439853504044,0.0,0.0,0.8856699152377581,0.11433008476224193,0.0029118442826208124,-0.02756284280759913,1.0000000000000002,0.0034117720150739217,1.2012513646149359,2.163636913310831,1.073987700704883,1.2597351555423406,120125.13646149359,216363.69133108307,107398.7700704883,125973.51555423407
2020-02-28,-0.04659121613285867,-0.04659121613285866,0.0,0.0,0.8800828283766117,0.11991717162338833,-0.03545514188911303,-0.09754264638798338,1.0,-0.05300566780428573,1.14528360265627,1.9525900429637646,1.035909314389229,1.1929620523662832,114528.36026562701,195259.00429637646,103590.93143892291,119296.20523662832
2020-03-02,0.02913767539999839,0.02872045919966615,0.4054036795125491,0.0004054036795125491,0.5656592290712188,0.4343407709287812,0.0328980596692936,0.032841575925872446,1.0,0.031136816932615607,1.178176673638406,2.016716177111862,1.0699887208259828,1.2301070933983695,117817.6673638406,201671.61771118618,106998.87208259829,123010.70933983696
2020-03-03,0.005114530025278183,0.0051145300252781745,0.0,0.0,0.5678693741320626,0.4321306258679374,0.0053296704646814685,0.000405963372014817,1.0,0.010949083302188578,1.184202493610812,2.017534890011519,1.0756914081089113,1.2435756384346013,118420.2493610812,201753.4890011519,107569.14081089113,124357.56384346013
2020-03-04,-0.0031902407126653265,-0.003190240712665382,0.0,0.0,0.5664863612722978,0.4335136387277022,0.005790250674592379,-0.020390952508524962,0.9999999999999999,-0.004442282295834876,1.180424602603655,1.976395431885002,1.081919931010367,1.2380513243924518,118042.4602603655,197639.54318850022,108191.99310103671,123805.13243924518
2020-03-05,0.016961570477428245,0.01696157047742819,0.0,0.0,0.5737167939156418,0.4262832060843582,0.022279194663491264,0.017415818960362817,0.9999999999999998,0.033337920984905844,1.200446457694007,2.0108159769207994,1.106024235763658,1.2793253816203054,120044.64576940071,201081.59769207993,110602.4235763658,127932.53816203054
2020-03-06,-0.01000684780996959,-0.010006847809969632,0.0,0.0,0.5694079245484188,0.4305920754515812,-0.016216871536799182,-0.023344962305506645,0.9999999999999998,-0.01733849342875693,1.188433772687846,1.9638735537362728,1.0880879828156924,1.2571438068978398,118843.3772687846,196387.35537362727,108808.79828156924,125714.38068978398
2020-03-09,-0.03711445763069459,-0.03711445763069454,0.0,0.0,0.5528107376167959,0.4471892623832041,-0.0341620534926822,-0.086627696152625,0.9999999999999998,-0.06137282532987509,1.1443256977845364,1.793747712241031,1.0509166629419981,1.1799893396225645,114432.56977845365,179374.7712241031,105091.66629419982,117998.93396225644
2020-03-10,0.017120117309690167,0.017120117309690208,0.0,0.0,0.5603378059554739,0.4396621940445261,0.021415365524763974,0.018190674520690342,0.9999999999999996,0.034392081862219426,1.1639166879711007,1.8263771930466406,1.0734224274149662,1.22057162958741,116391.66879711008,182637.71930466406,107342.24274149662,122057.162958741
2020-03-11,-0.006706326238253537,-0.006706326238253513,0.0,0.0,0.5573693806188637,0.44263061938113635,-0.013299924315347877,-0.005245307406086197,0.9999999999999996,-0.012493441206255618,1.156111082947419,1.8167972832296462,1.0591459903719502,1.2053224896951362,115611.1082947419,181679.72832296463,105914.59903719502,120532.24896951362
2020-03-12,-0.018728866121417883,-0.018728866121417886,0.0,0.0,0.5489211858993649,0.4510788141006351,-0.019243228751647634,-0.04145139595982439,0.9999999999999996,-0.032812088909885184,1.1344584332534093,1.741488499663761,1.0387646017978325,1.1657733409981752,113445.84332534093,174148.8499663761,103876.46017978324,116577.33409981753
2020-03-13,-0.01197150661582182,-0.011971506615821803,0.0,0.0,0.5434556623406602,0.45654433765933977,-0.01407270730034349,-0.021812808989790988,0.9999999999999994,-0.021377708606343693,1.1208772566143412,1.7035017436626776,1.0241463716027737,1.1408517782132725,112087.72566143412,170350.17436626775,102414.63716027737,114085.17782132725
2020-03-16,-0.039800983723972186,-0.03980098372397223,0.0,0.0,0.5245315503134225,0.47546844968657753,-0.04299272715136915,-0.07443357675769002,0.9999999999999994,-0.07240469389067339,1.0762652391672631,1.576704015868903,0.9801155260853909,1.0582487544371102,107626.5239167263,157670.4015868903,98011.55260853909,105824.87544371102
2020-03-17,-0.011670442437171358,-0.011670442437171413,0.0,0.0,0.5189171000217184,0.4810828999782816,-0.004871453710459717,-0.015611036492761965,0.9999999999999996,-0.01995523932167742,1.063704747646433,1.5520900319388893,0.975340938669163,1.0371311472804505,106370.4747646433,155209.00319388893,97534.0938669163,103713.11472804505
2020-03-18,-0.011066699593437127,-0.01106669959343709,0.0,0.0,0.5135335216434694,0.48646647835653056,-0.01979146449289415,-0.02369650072635865,0.9999999999999996,-0.02112351081152075,1.0519330467481172,1.5153109293696754,0.9560375131130262,1.015223296277907,105193.30467481172,151531.09293696753,95603.75131130262,101522.3296277907
2020-03-19,-0.013846653128347087,-0.013846653128347097,0.0,0.0,0.5067030093243259,0.4932969906756741,-0.012972119705411678,-0.01798177707748172,0.9999999999999996,-0.02894489841070047,1.0373672947355506,1.4880629460346781,0.9436356800500599,0.9858377611029666,103736.72947355505,148806.2946034678,94363.56800500599,98583.77611029666
2020-03-20,0.014778384549203726,0.014778384549203771,0.0,0.0,0.5138869745488203,0.48611302545117974,0.0178680389736674,0.017314380483848257,0.9999999999999997,0.029906739533821947,1.0526979075359197,1.5138278340662388,0.9604965991581376,1.0153209542468793,105269.79075359198,151382.78340662387,96049.65991581375,101532.09542468793
2020-03-23,-0.02973449137890133,-0.029734491378901273,0.0,0.0,0.49898968773812896,0.501010312261871,-0.0336442918849672,-0.0901201742519796,0.9999999999999997,-0.05527294970213448,1.0213964706797056,1.3774014058726924,0.9281813712215429,0.9592011702112684,102139.64706797057,137740.14058726924,92818.1371221543,95920.11702112683
2020-03-24,0.024588162411875256,0.024588162411875336,0.0,0.0,0.5110129800031114,0.48898701999688865,0.026853165869286322,0.02495430913528396,0.9999999999999997,0.047980756946737646,1.0465107329876946,1.4117735063582144,0.9531059795397366,1.0052243684222015,104651.07329876946,141177.35063582144,95310.59795397366,100522.43684222015
2020-03-25,0.026937904214681136,0.02693790421468112,0.0,0.0,0.5238397394915262,0.4761602605084738,0.026870908744837996,0.06564593578204492,0.9999999999999997,0.053693305852392514,1.074701538872553,1.504450699295398,0.9787168033401084,1.059198187886173,107470.15388725529,150445.0699295398,97871.68033401083,105919.8187886173
2020-03-26,-0.00456109956231821,-0.004561099562318205,0.0,0.0,0.5216579738855773,0.47834202611442267,-0.006573503970428551,0.016290856231376605,0.9999999999999998,-0.009523506075660881,1.0697997181539787,1.5289594893448135,0.972283204547427,1.0491109075085099,106979.97181539786,152895.94893448136,97228.3204547427,104911.09075085098
2020-03-27,0.0030503122731326982,0.0030503122731326826,0.0,0.0,0.5231126292853702,0.47688737071462983,0.003247657549248828,0.01984613480054387,0.9999999999999998,0.004579195506735578,1.0730629413640576,1.5593034254749214,0.9754408474366832,1.05391499146224,107306.29413640576,155930.34254749215,97544.08474366833,105391.49914622401
2020-03-30,-0.003986896857098635,-0.003986896857098632,0.0,0.0,0.5212037178930474,0.4787962821069526,-0.009689870244686039,0.027615077246321507,0.9999999999999997,-0.007746142375771425,1.0687847500956642,1.602363710019865,0.9659889521936552,1.0457512158864137,106878.47500956642,160236.37100198652,96598.89521936553,104575.12158864137
2020-03-31,0.007390949710456389,0.007390949710456285,0.0,0.0,0.5247165142345503,0.47528348576544965,0.00327970583352144,0.042143109188856664,0.9999999999999996,0.012547943867895928,1.076684084434924,1.6698922988114937,0.969157111795282,1.0588732434431403,107668.40844349239,166989.22988114937,96915.7111795282,105887.32434431402
2020-04-01,0.000850690085207987,0.0006821661821163616,0.16838066333068955,0.00016838066333068954,0.40641480160120064,0.5935851983987994,-0.0030058380536927,-0.020997223894359984,1.0,0.0003301143497020931,1.0774185619061483,1.6348291963338812,0.9662439824686408,1.0592227926953164,107741.85619061482,163482.9196333881,96624.39824686409,105922.27926953163
2020-04-02,0.008502484993233802,0.008502484993233805,0.0,0.0,0.41141920101190255,0.5885807989880975,0.016176518606397794,0.008930246447001355,1.0,0.025473648194905607,1.0865792970601869,1.649428623955896,0.9818744462293647,1.0862050614764622,108657.92970601868,164942.8623955896,98187.44462293647,108620.50614764623
2020-04-03,-0.003258612442286416,-0.0032586124422864238,0.0,0.0,0.4094949739869036,0.5905050260130964,-0.005706206671254543,0.015050315579009599,1.0,-0.008951216907018278,1.0830385562432556,1.6742530452714837,0.9762716677139563,1.0764822043656852,108303.85562432556,167425.30452714837,97627.16677139564,107648.22043656852
2020-04-07,0.014942859204494284,0.01494285920449423,0.0,0.0,0.41818889540645626,0.5818111045935437,0.02283732178540454,0.026770643290575213,1.0,0.03229557166577046,1.0992222489022372,1.7190738763246058,0.9985670979395135,1.1112478125437038,109922.22489022372,171907.3876324606,99856.70979395135,111124.78125437038
2020-04-08,-0.0038328787175106113,-0.0038328787175105905,0.0,0.0,0.4159503037557531,0.584049696244247,-0.004655057108703953,-0.009534523227159974,1.0,-0.008595128142855013,1.0950090633386056,1.702683326521585,0.9939187110717322,1.1016964951964232,109500.90633386056,170268.3326521585,99391.87110717323,110169.64951964232
2020-04-09,-0.0012769546455314975,-0.0012769546455314584,0.0,0.0,0.41520354520611374,0.5847964547938862,0.003298645095414665,0.015802408289460335,1.0,-0.005392179318889911,1.0936107864282762,1.7295898236349356,0.9971972961532499,1.0957559501393315,109361.07864282762,172958.98236349356,99719.72961532499,109575.59501393314
2020-04-10,-0.0018812074720047517,-0.001881207472004709,0.0,0.0,0.41410134828466927,0.5858986517153307,-0.006230209264371345,-0.0020059174476502184,1.0,-0.004022565825266389,1.0915534776453824,1.726120409230428,0.9909845483203499,1.0913481997014687,109155.34776453824,172612.0409230428,99098.45483203499,109134.81997014687
2020-04-13,-0.0012127992831404543,-0.0012127992831404422,0.0,0.0,0.4133899079855912,0.5866100920144088,-0.004223730360449651,-0.004888007063652,1.0,-0.004777718234567407,1.0902296423701845,1.717683120477396,0.9867988967968727,1.0861340455074926,109022.96423701844,171768.3120477396,98679.88967968727,108613.40455074926
2020-04-14,0.020536696556709068,0.02053669655670909,0.0,0.0,0.4251945138341118,0.5748054861658882,0.01930055471776515,0.02415089845937901,1.0,0.047684310722701406,1.1126193577126704,1.7591667111054348,1.0058446628999311,1.1379255988199766,111261.93577126705,175916.67111054348,100584.46628999311,113792.55988199766
2020-04-15,-0.0018862153781676186,-0.0018862153781675772,0.0,0.0,0.4241082579741428,0.5758917420258571,-0.007407794651959065,-0.017086941907491715,0.9999999999999998,-0.005273149845388181,1.1105207179701058,1.729107931707183,0.9983935721853995,1.1319251466244957,111052.07179701058,172910.7931707183,99839.35721853995,113192.51466244957
2020-04-16,0.0014398352702461332,0.0014398352702460482,0.0,0.0,0.4249362550367806,0.5750637449632194,0.0013219710535741225,-0.003968027376872518,0.9999999999999998,0.005416590639190089,1.112119684868178,1.7222467840966014,0.999713419587903,1.1380563217779658,111211.9684868178,172224.67840966015,99971.3419587903,113805.63217779658
2020-04-17,0.0050596890910533515,0.005059689091053254,0.0,0.0,0.4278312510142655,0.5721687489857346,0.009759676833982933,-0.0010841040764006937,0.9999999999999998,0.0185030768068275,1.117746664705651,1.7203796893373942,1.009470299489677,1.159113865310319,111774.6664705651,172037.9689337394,100947.0299489677,115911.3865310319
2020-04-20,0.001054922729512974,0.0010549227295129082,0.0,0.0,0.4284342087588578,0.5715657912411423,0.0036385040721553796,0.012492024533436119,0.9999999999999997,0.0007573470320607623,1.1189258010680863,1.741870714623422,1.0131432612850901,1.1599917167560323,111892.58010680863,174187.0714623422,101314.32612850901,115999.17167560323
2020-04-21,-0.007194284985439418,-0.007194284985439392,0.0,0.0,0.42429240424672665,0.5757075957532733,-0.011784214705744978,-0.01759337537518091,0.9999999999999998,-0.017996111145828775,1.1108759299776414,1.7112253292860176,1.001204163566428,1.1391163768930501,111087.59299776414,171122.53292860175,100120.41635664279,113911.63768930502
2020-04-22,0.004430897283596436,0.004430897283596469,0.0,0.0,0.42683205254813567,0.5731679474518643,0.008227307939759232,0.01848470961649129,0.9999999999999998,0.012048952113827616,1.115798107118192,1.7428568325862543,1.009441378530658,1.1528415355703112,111579.8107118192,174285.68325862545,100944.1378530658,115284.15355703112
2020-04-23,0.0006363865792686172,0.0006363865792686774,0.0,0.0,0.42719657695911795,0.572803423040882,-0.0025082174726127615,0.0009208344286477654,0.9999999999999998,0.0005123751138298438,1.1165081860587354,1.7444617151619037,1.006909480027449,1.153432222883327,111650.81860587353,174446.17151619037,100690.9480027449,115343.22228833269
2020-04-24,0.0019597300505145004,0.00195973005051453,0.0,0.0,0.42831692146748873,0.5716830785325113,-0.008559305437691789,0.005938885140533534,0.9999999999999997,0.0021350506382995516,1.1186962407026002,1.7548218729203084,0.9982910342397866,1.1558948590870293,111869.62407026002,175482.18729203084,99829.10342397865,115589.48590870293
2020-04-27,-0.0038678482121838513,-0.0038678482121838886,0.0,0.0,0.42609715236429374,0.5739028476357062,0.006794891716289664,0.0020069110515170685,0.9999999999999996,0.0008500795724013521,1.1143692934480218,1.758343644330516,1.0050743137187887,1.156877461694583,111436.92934480218,175834.3644330516,100507.43137187888,115687.74616945829
2020-04-28,0.01206108225140782,0.012061082251407784,0.0,0.0,0.43293655126129826,0.5670634487387017,0.006900755211535214,0.0067720308860272915,0.9999999999999997,0.02861491305167041,1.1278097931547415,1.7702512017981722,1.0120100855271639,1.1899814096724106,112780.97931547415,177025.12017981723,101201.00855271639,118998.14096724107
2020-04-29,-0.001339083333324203,-0.0013390833333242202,0.0,0.0,0.4321761878581945,0.5678238121418056,0.004645181403686527,-0.05891835074533147,0.9999999999999996,0.0019979950358302023,1.1262995618575682,1.665950920583283,1.0167110559567978,1.1923589866216664,112629.95618575682,166595.0920583283,101671.10559567978,119235.89866216664
2020-04-30,0.006727772898607155,0.006727772898607265,0.0,0.0,0.43597084790170576,0.5640291520982943,0.011779065587802506,-0.003284670824329039,0.9999999999999996,0.016556106411652394,1.1338770495255468,1.660478820199679,1.0286869621687569,1.2120998088850647,113387.70495255468,166047.8820199679,102868.69621687569,121209.98088850647
2020-05-06,0.004082767493918597,0.003976774334867317,0.10556217324167863,0.00010556217324167863,0.44826449005623675,0.5517355099437633,0.006049716555316387,0.015437494567930088,1.0,0.007366602255525878,1.138386222674995,1.6861124529666744,1.0349102267140273,1.22102886607112,113838.62226749951,168611.24529666745,103491.02267140274,122102.886607112
2020-05-07,-0.0030351531057389775,-0.0030351531057389858,0.0,0.0,0.44658479016333785,0.5534152098366621,-0.0028859955541442606,-0.006207641776165396,1.0,-0.005858381567909965,1.1349310461957125,1.6756456708643257,1.0319234804007922,1.2138756130682429,113493.10461957126,167564.56708643257,103192.34804007922,121387.56130682428
2020-05-08,0.006890010845061493,0.006890010845061578,0.0,0.0,0.4503717348708301,0.54962826512917,0.009867792473164938,0.013078842046051475,0.9999999999999999,0.016166132422996693,1.142750733412398,1.6975611759187101,1.0421062871535733,1.2334992869741503,114275.07334123981,169756.117591871,104210.62871535734,123349.92869741503
2020-05-11,-0.005461102099620295,-0.005461102099620252,0.0,0.0,0.4473536768752662,0.5526463231247338,-0.0008678934913034508,-0.05223590222288843,0.9999999999999999,-0.012085274954719893,1.136510054982817,1.6088875363160489,1.0412018498897064,1.2185921089346168,113651.00549828171,160888.7536316049,104120.18498897065,121859.21089346168
2020-05-12,0.0030466063276648843,0.003046606327664847,0.0,0.0,0.44903225868230395,0.5509677413176961,1.5150826477627888e-05,0.016434667904247968,1.0,0.007908416176120925,1.1399725537077825,1.6353290686706867,1.0412176249582623,1.2282292424810086,113997.25537077825,163532.90686706867,104121.76249582623,122822.92424810086
2020-05-13,0.0013096497673855758,0.0013096497673856788,0.0,0.0,0.449752889682336,0.550247110317664,0.002022604690624874,-0.0063065849609337254,1.0,0.003195235920234518,1.141465518497572,1.6250157269600305,1.0433235966104641,1.2321537246748664,114146.55184975719,162501.57269600304,104332.35966104642,123215.37246748664
2020-05-14,-0.008320847867024877,-0.008320847867024916,0.0,0.0,0.445135950338219,0.5548640496617809,-0.010843570843570904,-0.019875777610619316,1.0,-0.015605356804539894,1.1319675575726988,1.5927172757572141,1.0320102432778493,1.2129255261632723,113196.75575726989,159271.72757572142,103201.02432778492,121292.55261632723
2020-05-15,0.0025296369458544425,0.0025296369458545076,0.0,0.0,0.44653601328720754,0.5534639867127924,-0.0031590586005370014,0.040020011410137224,1.0,0.004219083401122203,1.1348310245278435,1.6564578393061404,1.0287500624429802,1.2180429601175051,113483.10245278434,165645.78393061404,102875.00624429801,121804.29601175051
2020-05-18,0.0019367614684459846,0.0019367614684460133,0.0,0.0,0.44760586895561,0.5523941310443901,0.002578702828139212,-0.017651222819574652,1.0000000000000002,0.0015007015513976985,1.137028921529346,1.6272193328933167,1.0314029031384502,1.2198708790774224,113702.89215293461,162721.93328933168,103140.29031384502,121987.08790774224
2020-05-19,0.005172040932411762,0.005172040932411859,0.0,0.0,0.4504481734967663,0.5495518265032338,0.008498792987858605,0.01884503216046962,1.0000000000000002,0.014018645513571792,1.142909681652832,1.6578843335538291,1.0401685828993001,1.236971816503538,114290.9681652832,165788.4333553829,104016.85828993001,123697.1816503538
2020-05-20,0.0025098666912332576,0.00250986669123332,0.0,0.0,0.45182402212457007,0.5481759778754299,-0.005315639810426598,0.01757314588443437,1.0000000000000002,0.005496937731574336,1.1457782325939003,1.6870185768068888,1.0346394213704857,1.2437713735545703,114577.82325939003,168701.85768068887,103463.94213704857,124377.13735545703
2020-05-21,-0.004959665190753177,-0.004959665190753193,0.0,0.0,0.4490917014127699,0.5509082985872301,-0.005445692998104268,-0.0077305846063099315,1.0000000000000004,-0.008068408980325681,1.1400955561773816,1.6739769369664665,1.0290050927179657,1.2337361174347106,114009.55561773815,167397.69369664666,102900.50927179657,123373.61174347106
2020-05-22,-0.01533213027689092,-0.015332130276890954,0.0,0.0,0.44051358277573655,0.5594864172242635,-0.022926626109218917,-0.031340854762778037,1.0000000000000004,-0.034673482086890695,1.1226154625819655,1.6215130689087605,1.0054134776927388,1.190958190266888,112261.54625819655,162151.30689087603,100541.34776927388,119095.8190266888
2020-05-25,9.30412824111165e-06,9.304128241183207e-06,0.0,0.0,0.4405187882606791,0.5594812117393209,0.00137550143041687,0.023516987583754423,1.0000000000000002,0.0025319425021825825,1.122625907540195,1.6596461716171833,1.0067964253694657,1.1939736279271471,112262.5907540195,165964.61716171834,100679.64253694657,119397.36279271472
2020-05-26,0.01096830572198823,0.010968305721988258,0.0,0.0,0.4465887718015408,0.5534112281984592,0.01134666207055024,0.07121693849020927,1.0,0.025584250904133077,1.1349392117055204,1.7778410909367555,1.018220204181971,1.2245205487969533,113493.92117055204,177784.10909367554,101822.0204181971,122452.05487969532
2020-05-27,-0.004726797039649037,-0.004726797039649067,0.0,0.0,0.4439604858722337,0.5560395141277663,-0.007013068165679814,0.009691440793311745,1.0000000000000002,-0.009262592896084665,1.1295745843994491,1.7950709326094858,1.0110793564823704,1.213178313460557,112957.45843994491,179507.09326094858,101107.93564823703,121317.8313460557
2020-05-28,0.0005014321634760927,0.0005014321634762009,0.0,0.0,0.4442391622314913,0.5557608377685087,0.0028656051965747498,-0.024885503261809827,1.0000000000000002,-0.0005328241602933215,1.1301409894271124,1.7503996890608524,1.0139767107404556,1.2125319027444013,113014.09894271124,175039.96890608524,101397.67107404556,121253.19027444013
2020-05-29,0.001852235243215379,0.0018522352432153166,0.0,0.0,0.44526665887650685,0.5547333411234932,0.002694061914158219,0.026000455941074474,1.0000000000000002,0.004597662928263135,1.1322342763975315,1.7959108790555496,1.0167084267787048,1.2181067157229855,113223.42763975315,179591.08790555494,101670.84267787047,121810.67157229854
2020-06-01,0.018273759218446817,0.018161625783049695,0.11012110877052624,0.00011012110877052623,0.479278307619642,0.5207216923803579,0.026976845219316203,0.02676290343773635,1.0,0.04190522243737416,1.1527974916242054,1.8439746684944935,1.0441360126410884,1.2691517485978165,115279.74916242054,184397.46684944935,104413.60126410883,126915.17485978165
2020-06-02,0.00010297112520173314,0.0001029711252016341,0.0,0.0,0.4793319213975524,0.5206680786024476,0.003079565083825564,0.0017247162212543632,0.9999999999999999,0.0005759107547140818,1.1529161964790475,1.847155001516828,1.0473514974483826,1.2698826667391983,115291.61964790475,184715.50015168282,104735.14974483826,126988.26667391983
2020-06-03,0.002250383724762459,0.0022503837247624947,0.0,0.0,0.4805009935067949,0.519499006493205,2.00824888227924e-05,0.006310184045249301,0.9999999999999999,0.005075634283560726,1.1555107003236191,1.858810889536502,1.0473725308731237,1.2763281267385993,115551.07003236191,185881.0889536502,104737.25308731236,127632.81267385992
2020-06-04,-0.0009257677012548167,-0.0009257677012548537,0.0,0.0,0.4800196124587232,0.5199803875412767,-0.0003664980608236723,0.007364796225379999,0.9999999999999999,0.00010792932080549988,1.154440965838805,1.8725006529594557,1.0469886708715987,1.2764658799664432,115444.09658388051,187250.06529594556,104698.86708715987,127646.58799664432
2020-06-05,0.008064470959303375,0.008064470959303405,0.0,0.0,0.4841794324459741,0.5158205675540259,0.004786311049949976,-0.002430925688567842,1.0,0.012175311808316103,1.1637509214820423,1.8679487430203165,1.051999884316164,1.2920072500677113,116375.09214820423,186794.87430203165,105199.9884316164,129200.72500677113
2020-06-08,0.0051782203039632095,0.005178220303963199,0.0,0.0,0.48683670503918886,0.5131632949608111,0.0051733833177132205,0.02665916245995148,1.0000000000000002,0.012630264614245768,1.1697770801324165,1.9177466920273574,1.0574422829679215,1.3083256435195905,116977.70801324166,191774.66920273573,105744.22829679215,130832.56435195905
2020-06-09,0.004865102488195144,0.004865102488195161,0.0,0.0,0.4893212096925819,0.5106787903074181,0.006235781150934372,0.0020292808748243463,1.0,0.01031327161099993,1.1754681655156025,1.9216383387122462,1.0640362616242538,1.3218187612368442,117546.81655156024,192163.83387122463,106403.62616242538,132181.87612368443
2020-06-10,-0.0008891028591276266,-0.0008891028591275774,0.0,0.0,0.4888667596672069,0.5111332403327931,-0.0018087338122030339,-0.008089211209675873,1.0,0.0017382308182474215,1.1744230534088291,1.9060938003217922,1.062111703260444,1.3241163873437636,117442.30534088291,190609.3800321792,106211.17032604439,132411.63873437635
2020-06-11,0.0028074102784993505,0.0028074102784994004,0.0,0.0,0.490297703134402,0.509702296865598,-0.010849788722457787,-0.009532400111663009,1.0,0.0029577378280971622,1.1777201407602758,1.8879241515667646,1.0505880156804184,1.3280327764714135,117772.01407602758,188792.41515667646,105058.80156804183,132803.27764714134
2020-06-12,0.0011965277931388935,0.0011965277931389462,0.0,0.0,0.49090684724097483,0.5090931527590252,0.0018018559115888788,-0.002679195250838151,1.0,-0.0020943021502890513,1.179129315641235,1.8828660341459442,1.0524810239071165,1.325251474571995,117912.9315641235,188286.60341459443,105248.10239071165,132525.1474571995
2020-06-15,-0.008283006303759307,-0.008283006303759333,0.0,0.0,0.4866548057610895,0.5133451942389105,-0.012013249797655834,-0.03991660562957633,1.0000000000000002,-0.02011945309966723,1.1693625800868312,1.8077084132076162,1.0398373064596278,1.2985881396840788,116936.25800868313,180770.84132076162,103983.73064596277,129858.81396840788
2020-06-16,0.012247294215052561,0.012247294215052662,0.0,0.0,0.49286582718209754,0.5071341728179024,0.015064513437454963,0.026486649077348767,1.0000000000000004,0.023919336293344085,1.1836841076492277,1.8555885515824173,1.0555019495355558,1.3296495061037303,118368.41076492277,185558.85515824173,105550.19495355558,132964.95061037302
2020-06-17,0.00030199744255605834,0.00030199744255599015,0.0,0.0,0.4930189341674034,0.5069810658325966,0.0007522598933384916,-0.01843317874069572,1.0000000000000004,0.0007158231850088459,1.184041577222532,1.82138415614191,1.056295961319532,1.330601300048135,118404.15772225319,182138.415614191,105629.59613195319,133060.1300048135
2020-06-18,0.009385772954091506,0.009385772954091598,0.0,0.0,0.49773309727870024,0.5022669027212998,0.006668176692992578,0.009686265514534664,1.0000000000000004,0.017273326047750448,1.1951547226345471,1.8390265666822672,1.063339529429705,1.353585210143427,119515.4722634547,183902.65666822673,106333.9529429705,135358.5210143427
2020-06-19,0.009268834565651893,0.009268834565651973,0.0,0.0,0.5023457719890311,0.4976542280109689,0.013433455807812411,0.02710400512323674,1.0000000000000004,0.02166949827973208,1.2062324140390044,1.8888715521673918,1.077623854006999,1.3829167225261008,120623.24140390044,188887.15521673916,107762.38540069989,138291.67225261006
2020-06-22,0.000280025685176402,0.0002800256851764882,0.0,0.0,0.5024850889428852,0.49751491105711476,0.0008148905387304062,-0.012772785726330449,1.0000000000000004,0.0006902566542870137,1.2065701900972277,1.8647454005669966,1.0785019994899394,1.3838712899961492,120657.01900972276,186474.54005669965,107850.19994899395,138387.1289996149
2020-06-23,0.009060516847439021,0.009060516847438915,0.0,0.0,0.5069523554330742,0.49304764456692585,0.004812228032325283,-0.007871942706423773,1.0000000000000004,0.015782150991221267,1.217502339632221,1.8500662316116658,1.0836919970448038,1.4057117556472845,121750.23396322211,185006.6231611666,108369.19970448037,140571.17556472844
2020-06-24,0.009000669140127397,0.009000669140127426,0.0,0.0,0.5113505276591123,0.48864947234088774,0.004172944279063229,0.03416989791506175,1.0000000000000004,0.017226502784208897,1.2284606753685818,1.9132828058819396,1.0882141833641386,1.4299272531197376,122846.06753685819,191328.28058819394,108821.41833641386,142992.72531197374
2020-06-29,0.0035477894844824975,0.003547789484482422,0.0,0.0,0.5130780243241784,0.48692197567582163,-0.007071773548619209,-0.0077046566031112595,1.0000000000000004,-0.00032624010198023523,1.2328189952347546,1.898541618877982,1.0805185790869918,1.4294607535068555,123281.89952347545,189854.1618877982,108051.85790869918,142946.07535068554
2020-06-30,0.014015973416896569,0.014015973416896532,0.0,0.0,0.5198083773423642,0.4801916226576358,0.01319797942438905,0.008414199181100868,1.0000000000000004,0.023606026656438406,1.25009815349981,1.914516326212831,1.094779241061452,1.4632046421584708,125009.81534998099,191451.63262128312,109477.9241061452,146320.46421584708
2020-07-01,0.015739899537557996,0.015453624184838644,0.2818392315292867,0.0002818392315292867,0.784155548537536,0.215844451462464,0.020129876367688482,0.05377180422734229,1.0,0.027056161359338082,1.2694167005581567,2.017463323295998,1.116817011833931,1.5027933430584428,126941.67005581567,201746.33232959983,111681.70118339309,150279.33430584427
2020-07-02,0.008476441257578135,0.008476441257578182,0.0,0.0,0.7859697632665525,0.21403023673344745,0.02073082880940169,-0.007621010619702773,1.0,0.01091481844104858,1.2801768366518267,2.0020882138842984,1.1399695541176877,1.5191960595523422,128017.68366518267,200208.82138842985,113996.95541176878,151919.6059552342
2020-07-03,0.023933347815374338,0.023933347815374262,0.0,0.0,0.7909724913344269,0.20902750866557307,0.019318056016827345,0.04547333469487547,1.0,0.023262699151619604,1.3108157541486005,2.0931298413229245,1.161991549821611,1.5545366604380342,131081.57541486004,209312.98413229245,116199.1549821611,155453.66604380342
2020-07-06,0.05418617960963269,0.05418617960963279,0.0,0.0,0.8017167055415424,0.1982832944584576,0.05667707484840245,0.0752241150164017,1.0,0.06856456273011347,1.381843852038033,2.2505836812508626,1.2278498318640616,1.661122786808899,138184.3852038033,225058.36812508627,122784.98318640616,166112.2786808899
2020-07-07,0.013764744011788541,0.01376474401178851,0.0,0.0,0.8044089660547992,0.19559103394520083,0.006004166943249567,-0.006551816230975782,0.9999999999999999,0.02265022972040387,1.4008645789256002,2.235838270558874,1.2352220472358144,1.6987475995239179,140086.45789256002,223583.8270558874,123522.20472358144,169874.7599523918
2020-07-08,0.01402241040067985,0.014022410400679863,0.0,0.0,0.8071136969567416,0.19288630304325838,0.016148978423330185,0.01958261744216272,1.0,0.018842872472498717,1.4205080769670706,2.279621836073775,1.2551696214246473,1.7307568839047103,142050.80769670705,227962.18360737752,125516.96214246473,173075.68839047104
2020-07-09,0.012155612068343234,0.012155612068343258,0.0,0.0,0.8094301896433745,0.19056981035662546,0.0139861751152075,-0.0014405384385524078,0.9999999999999999,0.020125920979477074,1.4377752220906306,2.2763379531935475,1.272724643549181,1.7655899601848624,143777.52220906306,227633.79531935474,127272.4643549181,176558.99601848624
2020-07-10,-0.006839347987581983,-0.006839347987582012,0.0,0.0,0.808117840783887,0.19188215921611296,-0.018104557745978522,0.025836804508329925,0.9999999999999999,-0.014484308528620926,1.4279417770188298,2.335151251885101,1.2496825267453149,1.7400166104665094,142794.177701883,233515.1251885101,124968.25267453148,174001.66104665093
2020-07-13,0.033061745571870096,0.03306174557187003,0.0,0.0,0.8142587700700377,0.18574122992996234,0.021003002232213186,0.008895828384273496,0.9999999999999999,0.04330841806264463,1.4751520247420704,2.355924356673192,1.2759296116441046,1.8153739772685389,147515.20247420704,235592.43566731922,127592.96116441046,181537.3977268539
2020-07-14,-0.011883962019704526,-0.011883962019704541,0.0,0.0,0.8120248808939318,0.18797511910606823,-0.009534387260558552,-0.021317098643617194,0.9999999999999999,-0.017996047436072304,1.4576213741067454,2.3057028847650893,1.2637644046094756,1.782704421059403,145762.13741067454,230570.28847650893,126376.44046094756,178270.4421059403
2020-07-15,-0.006965143828454453,-0.006965143828454479,0.0,0.0,0.810706423910667,0.18929357608933295,-0.012944458660741454,-0.01750328635398768,0.9999999999999998,-0.009535847952733323,1.4474688315886626,2.2653455069258306,1.2474056585170916,1.765704822755515,144746.88315886626,226534.55069258306,124740.56585170917,176570.4822755515
2020-07-16,-0.05568129476803241,-0.05568129476803241,0.0,0.0,0.7995448199420832,0.20045518005791685,-0.048102317013280826,-0.08630917887061973,0.9999999999999998,-0.06541932588218546,1.3668718929094348,2.0698253963648146,1.1874025560869421,1.6501936035439255,136687.18929094347,206982.53963648147,118740.2556086942,165019.36035439256
2020-07-17,0.015315067109000718,0.015315067109000768,0.0,0.0,0.8025684966650882,0.19743150333491177,0.006299474121228776,0.07372703780131529,0.9999999999999997,0.020917096147238468,1.3878056276787496,2.2224274916047255,1.1948825677604926,1.6847108618108118,138780.56276787497,222242.74916047257,119488.25677604927,168471.08618108116
2020-07-20,0.027833226984624378,0.027833226984624426,0.0,0.0,0.8079148463470861,0.1920851536529139,0.02983695293418709,0.027189171197897544,0.9999999999999996,0.03401759450110897,1.4264327367244714,2.2828534531488804,1.2305342226966431,1.7420206727595058,142643.27367244713,228285.34531488805,123053.42226966431,174202.06727595057
2020-07-21,0.0046398795627589275,0.0046398795627589084,0.0,0.0,0.8088019821226751,0.19119801787732493,0.0022947246971347646,0.004782900088459829,0.9999999999999996,0.006101361878465106,1.4330512128272495,2.293772113131887,1.2333579599681346,1.7526493712837787,143305.12128272495,229377.21131318872,123335.79599681345,175264.93712837787
2020-07-22,0.01068503745202479,0.01068503745202487,0.0,0.0,0.8108233418005849,0.1891766581994151,0.004990364609979814,0.03852115240154497,0.9999999999999993,0.015100041154425092,1.4483634187069783,2.3821308582762546,1.2395128658829964,1.779114448919441,144836.34187069783,238213.08582762547,123951.28658829964,177911.4448919441
2020-07-23,0.01660852680240388,0.016608526802403878,0.0,0.0,0.813913956836027,0.18608604316397304,-0.0004263487787546927,0.05531325240146856,0.9999999999999993,0.015729686156057854,1.4724186013661944,2.513894263693416,1.2389844010863764,1.8070993608366517,147241.86013661945,251389.4263693416,123898.44010863765,180709.93608366518
2020-07-24,-0.04970131595992213,-0.04970131595992211,0.0,0.0,0.8041815207268822,0.1958184792731178,-0.04389445807267567,-0.09102864338398331,0.9999999999999992,-0.06197935330444293,1.3992374592344266,2.285057879258627,1.1845998522401913,1.695096511095124,139923.74592344265,228505.78792586268,118459.98522401912,169509.6511095124
2020-07-27,0.0073461673867534745,0.007346167386753422,0.0,0.0,0.8056095455437055,0.19439045445629455,0.005073697340414851,-0.017060885232606404,0.9999999999999993,0.009161817020820973,1.4095164918237781,2.2460727690307323,1.1906101533599582,1.7106266751624095,140951.64918237782,224607.27690307322,119061.01533599582,171062.66751624094
2020-07-28,0.014252122639757833,0.014252122639757836,0.0,0.0,0.8083410918082559,0.19165890819174414,0.008791087458181135,0.048745983093430256,0.9999999999999993,0.017658003545567347,1.4296050937280118,2.3555597942565183,1.201076911346744,1.7408329270575695,142960.50937280117,235555.97942565184,120107.69113467442,174083.29270575696
2020-07-29,0.021047231678522602,0.021047231678522627,0.0,0.0,0.8122918291677148,0.1877081708322852,0.02424336618318579,0.03395685543992655,0.9999999999999996,0.02538455092135239,1.4596943233445012,2.43554719767019,1.230195058722693,1.7850231891400294,145969.43233445013,243554.719767019,123019.5058722693,178502.31891400294
2020-07-30,0.0014102604486229057,0.001410260448622802,0.0,0.0,0.8125561737821684,0.18744382621783162,-0.004885648887264726,0.015491793007110566,0.9999999999999993,-0.0006466528302813135,1.4617528725157931,2.4732781907155448,1.2241847576029259,1.7838688988426543,146175.2872515793,247327.8190715545,122418.47576029258,178386.88988426543
2020-07-31,0.015109562186167347,0.015109562186167436,0.0,0.0,0.8153462116797053,0.18465378832029467,0.0083545418425095,0.06631666389665125,0.9999999999999993,0.019688864739781486,1.4838393184438794,2.6372977492121454,1.234412260383282,1.8189912523054703,148383.93184438793,263729.77492121456,123441.22603832818,181899.12523054704
2020-08-03,0.006938857863233877,0.006600546069606139,0.3359804728815304,0.00033598047288153037,0.5423021659007358,0.45769783409926423,0.016242638523551456,-0.007836937583868275,1.0,0.008517041078906162,1.4936334682251613,2.6166294113614934,1.2544623725177275,1.834483675523527,149363.34682251612,261662.94113614934,125446.23725177275,183448.3675523527
2020-08-04,-0.0017942461772839549,-0.0017942461772839646,0.0,0.0,0.5414794671875308,0.4585205328124692,0.0009410413492310088,0.0012663077935488598,1.0,-0.006962242957728182,1.490953522084535,2.6199428695779297,1.2556428734813212,1.821711554472546,149095.3522084535,261994.28695779297,125564.28734813211,182171.1554472546
2020-08-05,0.00031020175938026697,0.00031020175938034633,0.0,0.0,0.541621656956005,0.45837834304399505,0.00027429959378522106,0.02525980533476102,1.0,-9.266416952535828e-06,1.4914160184902399,2.6861221164516635,1.2559872958114564,1.821694673733715,149141.60184902398,268612.21164516633,125598.72958114564,182169.4673733715
2020-08-06,0.0008226600031923286,0.0008226600031924214,0.0,0.0,0.5419984365236764,0.4580015634763236,-0.003003908220660545,0.04189457440113564,0.9999999999999999,0.00165144277469631,1.4926429467967723,2.7986560593098835,1.2522144252485232,1.8247030982403554,149264.29467967723,279865.6059309883,125221.44252485232,182470.30982403553
2020-08-07,-0.0033159936845762994,-0.003315993684576246,0.0,0.0,0.5404746533763697,0.4595253466236303,-0.01151223240306043,0.03066854405942543,0.9999999999999998,-0.011680950699820114,1.487693352211867,2.8844867659720066,1.2377986417665974,1.8033888313080007,148769.3352211867,288448.6765972007,123779.86417665974,180338.88313080007
2020-08-10,-0.005382820863731308,-0.005382820863731319,0.0,0.0,0.5379877240581298,0.4620122759418702,0.0035981843400390012,-0.030553215432705283,0.9999999999999998,-0.011314363088687607,1.4796853653967466,2.7963564203984763,1.2422524694555235,1.7829846352804979,147968.53653967465,279635.6420398476,124225.24694555235,178298.4635280498
2020-08-11,-0.004761795323460596,-0.004761795323460549,0.0,0.0,0.5357771900526789,0.4642228099473211,-0.009119827635469369,-0.04829111085029658,0.9999999999999997,-0.009175911464272768,1.4726394065436073,2.661317262524075,1.230923341054353,1.7666241261250053,147263.94065436072,266131.7262524075,123092.3341054353,176662.41261250054
2020-08-12,-0.008231825741224406,-0.008231825741224386,0.0,0.0,0.5319240705679323,0.46807592943206766,-0.007292098304490957,-0.05417463648546095,0.9999999999999997,-0.014529432338810766,1.4605168955692802,2.517141367254351,1.221947327046092,1.7409560804163613,146051.68955692803,251714.1367254351,122194.73270460921,174095.60804163612
2020-08-13,-0.0012408105825645406,-0.0012408105825645332,0.0,0.0,0.5313425554511386,0.4686574445488614,-0.0025668941656411537,0.009298896679769353,0.9999999999999996,-0.002436453114799786,1.4587046707492435,2.5405480047568227,1.2188107175815768,1.7367143225515012,145870.46707492435,254054.80047568228,121881.07175815768,173671.4322551501
2020-08-14,0.009929489854790311,0.009929489854790363,0.0,0.0,0.5359503319224336,0.4640496680775664,0.014867194022059271,0.009906925424427726,0.9999999999999994,0.01951557025692985,1.4731888639785835,2.5657170243771272,1.2369310129960274,1.7706072929294714,147318.88639785835,256571.70243771272,123693.10129960274,177060.72929294713
2020-08-17,0.011453930474468526,0.011453930474468521,0.0,0.0,0.5412053341273954,0.45879466587260465,0.02350875626776161,0.03827608246438152,0.9999999999999996,0.014899326941748559,1.4900626668023556,2.663922620782454,1.2660097227005864,1.796988149872272,149006.26668023557,266392.2620782454,126600.97227005864,179698.8149872272
2020-08-18,0.0036506431182985687,0.0036506431182985466,0.0,0.0,0.5428741375114854,0.4571258624885146,-0.0005129557674294905,0.0367498486353981,0.9999999999999994,0.00697931736571511,1.4955023538227512,2.761821373872622,1.2653603157117053,1.8095299004726597,149550.23538227513,276182.1373872622,126536.03157117053,180952.99004726598
2020-08-19,-0.010672769884503268,-0.010672769884503275,0.0,0.0,0.537942706342826,0.46205729365717396,-0.014976853198580442,-0.01141540432507493,0.9999999999999993,-0.024988537098818653,1.479541201338668,2.7302940662162323,1.2464092000199816,1.7643123954232771,147954.1201338668,273029.4066216232,124640.92000199815,176431.2395423277
2020-08-20,-0.009965410084579603,-0.009965410084579629,0.0,0.0,0.5332917674152698,0.46670823258473015,-0.012979150670368145,-0.03927289972319592,0.9999999999999993,-0.015795134355737428,1.4647969665302965,2.6230675011388853,1.230231867215989,1.7364448440920734,146479.69665302965,262306.7501138885,123023.1867215989,173644.48440920733
2020-08-21,0.0065486198125244205,0.006548619812524414,0.0,0.0,0.5363281778960093,0.4636718221039907,0.008482309821228329,0.008499603214731977,0.9999999999999991,0.01436136502785712,1.4743893649666424,2.6453625341040246,1.2406670750656634,1.7613825623488202,147438.93649666425,264536.25341040245,124066.70750656634,176138.25623488202
2020-08-24,0.0181914124299518,0.018191412429951814,0.0,0.0,0.5446123229448374,0.4553876770551626,0.00784302921904545,0.09851792494196099,0.9999999999999991,0.03627575366348257,1.5012105899870853,2.9059781616831604,1.250397663186511,1.8252780422877397,150121.05899870853,290597.81616831606,125039.7663186511,182527.80422877398
2020-08-25,0.0024552746285915646,0.0024552746285915195,0.0,0.0,0.5457276862313053,0.4542723137686947,0.001282630865145018,-0.006578318854301934,0.999999999999999,0.0007372853468268215,1.5048964742608535,2.8868617107519703,1.2520014618230193,1.8266237930422031,150489.64742608534,288686.17107519705,125200.14618230193,182662.37930422032
2020-08-26,-0.006176701718888116,-0.006176701718888067,0.0,0.0,0.5429043426991589,0.4570956573008411,-0.01172208864015789,-0.017947754583981346,0.9999999999999989,-0.013178147594646306,1.4956011776215379,2.8350490252495013,1.2373253897099226,1.8025522750976004,149560.1177621538,283504.90252495016,123732.53897099226,180255.22750976004
2020-08-27,0.003960529020931655,0.003960529020931691,0.0,0.0,0.5447075416932939,0.45529245830670606,0.005358967984309793,0.01916738986590727,0.9999999999999989,0.012265651934976196,1.5015245494892475,2.8893895152054188,1.2439561768595517,1.824661753898547,150152.45494892474,288938.95152054186,124395.61768595518,182466.1753898547
2020-08-28,0.019503715085825254,0.01950371508582527,0.0,0.0,0.5534175583966576,0.4465824416033424,0.023866338360087447,0.03807167219563179,0.999999999999999,0.03501788983927745,1.530809856496858,2.999393405673815,1.2736448558816025,1.8885575581905092,153080.98564968578,299939.34056738147,127364.48558816024,188855.75581905092
2020-08-31,0.002565146406753714,0.00256514640675376,0.0,0.0,0.5545601767586702,0.4454398232413298,-0.005790346120261747,0.06004253206299226,0.999999999999999,0.0007969419232298769,1.534736607899674,3.1794845804035123,1.266270011331757,1.8900626288830638,153473.6607899674,317948.4580403512,126627.00113317571,189006.26288830637
2020-09-01,0.011511349709850568,0.0114136874268016,0.09655085242182053,9.655085242182054e-05,0.5447793897742669,0.4552206102257331,0.005377661319457827,0.04354176342431759,1.0,0.02469913252224787,1.5522536118247108,3.3179249458147075,1.2730795825916854,1.9367455362291948,155225.36118247107,331792.49458147073,127307.95825916855,193674.55362291948
2020-09-02,-0.001111730885994615,-0.0011117308859945885,0.0,0.0,0.5442727437078573,0.4557272562921427,0.00036554236574071197,-0.011595043636800195,1.0,-0.0025597629851336068,1.5505279235415486,3.279453461284358,1.2735449471140823,1.9317879266939326,155052.79235415487,327945.3461284358,127354.49471140823,193178.79266939327
2020-09-03,-0.0019457651692536184,-0.0019457651692535993,0.0,0.0,0.5433842767378001,0.4566157232621999,-0.00553067885521763,-0.023304561021058157,1.0,-0.005309663723614633,1.5475109603139663,3.203027237980136,1.2665013790039092,1.9215307824178491,154751.09603139662,320302.7237980136,126650.13790039092,192153.0782417849
2020-09-04,-0.008058025098806116,-0.008058025098806154,0.0,0.0,0.5396749660607085,0.4603250339392915,-0.009731996429387046,-0.003077118904965981,1.0,-0.014846562084882331,1.5350410781550787,3.1931711423130267,1.2541757921056294,1.89300265635867,153504.1078155079,319317.1142313027,125417.57921056294,189300.265635867
2020-09-07,-0.015283762929369284,-0.015283762929369282,0.0,0.0,0.5325302695234487,0.46746973047655127,-0.021141582568518946,0.007534670619832484,1.0,-0.03284553025899206,1.511579874229713,3.2172306351031095,1.2276605310413906,1.8308259803288889,151157.98742297132,321723.06351031095,122766.05310413906,183082.5980328889
2020-09-08,0.00012139435770199626,0.00012139435770208706,0.0,0.0,0.5325870108230514,0.4674129891769486,0.0053583245705524085,0.01556891257065729,1.0,0.0006464642029251344,1.5117633714976606,3.26731941758067,1.2342387346291672,1.8320095437869568,151176.33714976607,326731.941758067,123423.87346291672,183200.9543786957
2020-09-09,-0.013080997923539062,-0.013080997923539117,0.0,0.0,0.5263917421860158,0.4736082578139842,-0.023389620376662368,-0.03707957199248102,0.9999999999999999,-0.026247077485637704,1.4919879979742172,3.1461686120140566,1.2053703591720188,1.7839246473367527,149198.79979742173,314616.86120140564,120537.03591720188,178392.46473367527
2020-09-10,0.008777874637878994,0.008777874637879046,0.0,0.0,0.530512841606488,0.46948715839351196,-0.0005692984541694202,0.029057235226708666,0.9999999999999998,0.01706141639649883,1.505084481581655,3.2375875734362367,1.2046841436898406,1.8143609285649425,150508.4481581655,323758.75734362367,120468.41436898406,181436.09285649424
2020-09-11,0.009244474165560165,0.00924447416556018,0.0,0.0,0.5348132485127726,0.46518675148722743,0.009886555593869861,-0.019922480166109757,0.9999999999999997,0.01936754583135225,1.5189981961886223,3.1730867992184097,1.2165943204494836,1.849500647003539,151899.81961886224,317308.67992184096,121659.43204494836,184950.0647003539
2020-09-14,0.012347146400362875,0.01234714640036283,0.0,0.0,0.5404869237382575,0.45951307626174254,0.00513692709323843,0.03362161249573248,0.9999999999999998,0.022334499707731048,1.5377534892988503,3.2797710939970552,1.2228438767756806,1.8908083186634879,153775.34892988502,327977.10939970554,122284.38767756807,189080.83186634877
2020-09-15,0.0067187429893023586,0.0067187429893023065,0.0,0.0,0.5435536693224897,0.4564463306775103,0.0080476451553948,0.004734613049637071,0.9999999999999998,0.013040905697513594,1.548085259774352,3.295299541018516,1.2326848903764187,1.9154661716392527,154808.5259774352,329529.9541018516,123268.48903764188,191546.61716392526
2020-09-16,-0.004757071340659325,-0.00475707134065928,0.0,0.0,0.5413719429362092,0.45862805706379084,-0.00663754564379071,-0.008088816572686786,0.9999999999999998,-0.00888933498695954,1.5407209077521824,3.2686444674791586,1.224502888152134,1.8984389511833624,154072.09077521824,326864.4467479159,122450.28881521341,189843.89511833622
2020-09-17,-0.0027236317200866876,-0.0027236317200867166,0.0,0.0,0.5401193975398964,0.45988060246010365,-0.005292698009172536,-0.016520588913561562,0.9999999999999999,-0.0014800389262877856,1.5365245514160277,3.214644535927348,1.2180219641537853,1.89562918763643,153652.45514160278,321464.4535927348,121802.19641537852,189562.91876364299
2020-09-18,0.009436454065781018,0.009436454065780975,0.0,0.0,0.5444184717048717,0.4555815282951283,0.022531088714812686,0.041842991081468606,1.0,0.016783602765959582,1.55102389476641,3.349154878574248,1.2454653250847245,1.9274446749132785,155102.389476641,334915.48785742477,124546.53250847245,192744.46749132784
2020-09-21,-0.009782715064458157,-0.009782715064458158,0.0,0.0,0.5399176168442825,0.4600823831557175,-0.009638828901287422,-0.02248620047547223,1.0,-0.017545269533495667,1.535850669945744,3.2738451105512216,1.2334604979137465,1.8936271385810242,153585.0669945744,327384.5110551222,123346.04979137465,189362.71385810242
2020-09-22,-0.007155604580013981,-0.007155604580013963,0.0,0.0,0.5366017220038829,0.4633982779961171,-0.011866317945701033,-0.03983882879360534,0.9999999999999999,-0.010625951878862616,1.5248607298576626,3.1434189556951897,1.2188238634720392,1.8735055477299538,152486.07298576625,314341.89556951897,121882.38634720392,187350.55477299538
2020-09-23,0.005457120979899056,0.005457120979899033,0.0,0.0,0.5391168172895348,0.46088318271046524,0.003574386939789731,-0.007856018737411485,1.0,0.009116987916625297,1.533182079337993,3.1187241974797137,1.2231804115715377,1.8905862751703382,153318.2079337993,311872.41974797135,122318.04115715377,189058.6275170338
2020-09-24,-0.018829035037069296,-0.01882903503706934,0.0,0.0,0.5302722979293649,0.4697277020706351,-0.019186085251906126,-0.06258650344797712,1.0,-0.03455236397665151,1.5043137402479312,2.9235341547408598,1.1997123679166646,1.8252620500613908,150431.37402479313,292353.41547408595,119971.23679166645,182526.20500613906
2020-09-25,0.0033858902548074953,0.0033858902548074,0.0,0.0,0.5318573774728396,0.46814262252716043,0.0015230973883813004,0.02144477579024362,1.0,0.005131801865642105,1.5094071814812096,2.9862286892043968,1.2015396466910473,1.8346289332551815,150940.71814812097,298622.8689204397,120153.96466910472,183462.89332551815
2020-09-28,0.007308998851621162,0.0073089988516210624,0.0,0.0,0.5352542039623744,0.46474579603762556,0.002601739160878802,0.004330835852907056,1.0,0.014202809180242415,1.5204394368372842,2.999161555476583,1.2046657394431919,1.8606858179107566,152043.94368372843,299916.1555476583,120466.57394431919,186068.58179107567
2020-09-29,0.003235522652216468,0.0032355226522164937,0.0,0.0,0.5367530499627899,0.46324695003721006,0.002158488490607624,-0.022532145592325303,1.0,0.009837697639129228,1.5253588530764945,2.9315840106536797,1.2072659965768093,1.8789906823887785,152535.88530764944,293158.401065368,120726.59965768093,187899.06823887787
2020-09-30,0.003889305854009433,0.003889305854009484,0.0,0.0,0.538547778788095,0.461452221211905,-0.0009582298880614903,0.01267434808975132,1.0,0.008748515088892406,1.53129144019323,2.9687399268590537,1.206109158216049,1.895429060725545,153129.144019323,296873.99268590537,120610.9158216049,189542.9060725545
2020-10-09,0.014297233700441885,0.014209114229971176,0.08687736448730997,8.687736448730996e-05,0.5632928593231222,0.43670714067687777,0.020434232898809856,0.005429070802642766,1.0,0.03426494797331392,1.5530497351863126,2.984857426116604,1.2307550736564232,1.9603758388784132,155304.97351863128,298485.7426116604,123075.50736564232,196037.58388784132
2020-10-12,0.02497295254374334,0.024972952543743432,0.0,0.0,0.573933010043755,0.42606698995624503,0.030338763634499166,0.04099855913625361,1.0,0.04082250140063426,1.5918339725211936,3.1072322798145313,1.2680946609280461,2.0404032843067967,159183.39725211935,310723.2279814531,126809.4660928046,204040.32843067968
2020-10-13,0.0022957143811993272,0.002295714381199243,0.0,0.0,0.5749088978003946,0.42509110219960544,0.0033256205475249434,0.0031137902816946728,1.0000000000000002,0.0033161542471162875,1.5954883686643921,3.116907549490386,1.2723118625886352,2.047169576323881,159548.8368664392,311690.7549490386,127231.18625886351,204716.95763238808
2020-10-14,-0.0036401457399588286,-0.0036401457399588555,0.0,0.0,0.5733558509186376,0.4266441490813624,-0.006633327822780477,-0.011844433254955655,1.0000000000000002,-0.006917939167388587,1.5896805584760445,3.0799895460585796,1.2638722009112724,2.0330073817295435,158968.05584760444,307998.95460585796,126387.22009112724,203300.73817295436
2020-10-15,0.0005254388035096313,0.0005254388035096369,0.0,0.0,0.5735799085812652,0.4264200914187348,-0.001739094256412499,-0.007073769019269149,1.0000000000000002,0.0006703721857697076,1.5905158383266527,3.0582024114279975,1.261674208025828,2.0343702533317196,159051.58383266526,305820.2411427997,126167.42080258281,203437.02533317197
2020-10-16,-0.005111069610770578,-0.005111069610770569,0.0,0.0,0.5713892491979915,0.4286107508020085,-0.001471219528459411,-0.026032734217787623,1.0000000000000002,-0.012634441962958598,1.5823866011599321,2.9785890408670954,1.2598180082924268,2.0086671204348305,158238.6601159932,297858.90408670955,125981.80082924268,200866.71204348304
2020-10-19,-0.002625246286056064,-0.0026252462860560932,0.0,0.0,0.570261078690851,0.42973892130914904,-0.007552674636035928,-0.028956843333138638,1.0000000000000002,-0.004941388040789363,1.578232446612132,2.8923385046569035,1.2503030127751753,1.998741516747987,157823.2446612132,289233.85046569037,125030.30127751753,199874.1516747987
2020-10-20,0.012560223110604458,0.012560223110604563,0.0,0.0,0.5755917411124615,0.4244082588875385,0.00798655869321574,0.06528940934744742,1.0000000000000002,0.02284447404066925,1.5980553982619756,3.081177577258832,1.2602886311710086,2.044401715441344,159805.53982619755,308117.7577258832,126028.86311710086,204440.1715441344
2020-10-21,-0.0007805591699090691,-0.0007805591699090453,0.0,0.0,0.5752602065718758,0.4247397934281242,-0.00013351496932290097,-0.01741953524000195,1.0000000000000002,-0.0060254873468094106,1.5968080214668396,3.027504895871068,1.2601203637730798,2.0320831987731567,159680.80214668397,302750.4895871068,126012.03637730797,203208.31987731566
2020-10-22,0.0019103726184317908,0.0019103726184317438,0.0,0.0,0.5760700707009426,0.4239299292990574,-0.0030983782024399664,0.018471347471059163,1.0000000000000002,0.0018445957394164214,1.599858519787942,3.0834269907730354,1.2562160343055147,2.0358315707837535,159985.8519787942,308342.6990773035,125621.60343055146,203583.15707837534
2020-10-23,-0.010011337108869449,-0.010011337108869478,0.0,0.0,0.5717830464229497,0.42821695357705025,-0.01245086835859499,-0.03759487418517782,1.0000000000000002,-0.018708609478468863,1.583841796819848,2.967505940995742,1.2405750538324205,1.9977439929620224,158384.1796819848,296750.5940995742,124057.50538324205,199774.39929620223
2020-10-26,0.0026079063740979238,0.0026079063740980235,0.0,0.0,0.5728968913424147,0.4271031086575853,-0.005775152644172166,0.02180032829815426,1.0000000000000004,0.007205941366069446,1.5879723079373373,3.0321985447361723,1.2334105435299862,2.0121396190397243,158797.23079373373,303219.8544736172,123341.05435299863,201213.96190397243
2020-10-27,0.001931910096809847,0.001931910096809819,0.0,0.0,0.5737204251571175,0.4262795748428825,0.0017138325901040474,0.007715742652101509,1.0000000000000004,0.004328549851237984,1.591040127672496,3.0555942083774332,1.2355244027164658,2.0208492656883887,159104.0127672496,305559.4208377433,123552.44027164658,202084.92656883888
2020-10-28,0.015150026610092874,0.015150026610092793,0.0,0.0,0.5800821911354672,0.4199178088645328,0.008084217156670848,0.05440004400625842,1.0000000000000004,0.026284391339426838,1.6151444279444596,3.221818667778434,1.2455126502903917,2.073966058625736,161514.44279444596,322181.86677784345,124551.26502903918,207396.60586257357
2020-10-29,0.006064759662430117,0.006064759662430141,0.0,0.0,0.5826135397035177,0.4173864602964823,0.007525431313815778,0.03986464677179846,1.0000000000000004,0.007215971000013255,1.6249398907200558,3.3502553309322076,1.2548856701906408,2.088931737559791,162493.98907200558,335025.5330932208,125488.56701906408,208893.1737559791
2020-10-30,-0.004503832838150771,-0.004503832838150812,0.0,0.0,0.5807251960733839,0.4192748039266161,-0.01625629593624034,0.015764187984073752,1.0000000000000004,-0.009710374724353099,1.6176214330802097,3.403069385763668,1.2344858773698744,2.0686474276144917,161762.14330802095,340306.9385763668,123448.58773698744,206864.74276144916
2020-11-02,0.010310676010806819,0.010107049163454063,0.20154874355770985,0.00020154874355770986,0.721998898170631,0.278001101829369,0.005430928177572181,0.01851898732209789,1.0,0.020042379530238907,1.6339708124322083,3.466090784574845,1.2411902815060973,2.1101080444729936,163397.08124322083,346609.0784574845,124119.02815060974,211010.80444729936
2020-11-03,0.008281207302589577,0.008281207302589522,0.0,0.0,0.724282174639461,0.275717825360539,0.012016954645687417,-0.021463280008111818,1.0,0.007236127597078701,1.64750206345634,3.391697107531979,1.2561056088256242,2.1253770555264224,164750.206345634,339169.7107531979,125610.56088256242,212537.70555264223
2020-11-04,0.011491337961227257,0.011491337961227366,0.0,0.0,0.7274145462122503,0.2725854537877497,0.0075561583737304705,0.011613381490338748,1.0,0.013890514962187295,1.6664340664593362,3.4310861799414263,1.2655969417400417,2.1548996373165017,166643.40664593363,343108.61799414264,126559.69417400417,215489.96373165018
2020-11-05,0.01544574814901957,0.015445748149019556,0.0,0.0,0.7315607906334483,0.26843920936655175,0.014843175463161051,0.08254118449751524,0.9999999999999999,0.025759087959127625,1.6921733873568137,3.7142920973468465,1.284382419211929,2.21040788661723,169217.33873568138,371429.2097346847,128438.24192119291,221040.788661723
2020-11-06,0.0053838198446046846,0.005383819844604787,0.0,0.0,0.7329982797932406,0.2670017202067594,0.0001248692455237954,0.005944335759640262,1.0,0.00497208257195525,1.7012837440201773,3.7363710966828547,1.28454279907558,2.221398217147192,170128.37440201774,373637.10966828547,128454.279907558,222139.8217147192
2020-11-09,0.01333444011859893,0.013334440118598856,0.0,0.0,0.7365117481100222,0.2634882518899778,0.01957336892003636,0.00758309081443298,0.9999999999999998,0.016365400297704946,1.72396941022956,3.7647043380254233,1.3096856291754624,2.257752288191414,172396.941022956,376470.43380254233,130968.56291754624,225775.22881914137
2020-11-10,-0.00871338488501076,-0.008713384885010722,0.0,0.0,0.7341956928779743,0.26580430712202574,-0.005514569343651909,-0.025232655653007918,0.9999999999999999,-0.01237121766468996,1.7089478012282449,3.669710849828643,1.30246327695499,2.2298211432012462,170894.78012282448,366971.08498286427,130246.327695499,222982.11432012462
2020-11-11,-0.016271158458141324,-0.01627115845814131,0.0,0.0,0.7297992130581286,0.27020078694187144,-0.009887199528450519,-0.0859335026706346,1.0,-0.028466718459245643,1.681141240757768,3.3543597427144363,1.2895855626572565,2.166345452503263,168114.12407577678,335435.9742714436,128958.55626572565,216634.5452503263
2020-11-12,0.006816125600787932,0.006816125600787926,0.0,0.0,0.7316284671338205,0.26837153286617954,0.0007258048074374468,0.024050587587618022,1.0,0.009718535612689205,1.6926001106074373,3.4350340655069695,1.2905215500582352,2.1873991579328034,169260.01106074374,343503.40655069693,129052.15500582352,218739.91579328035
2020-11-13,-0.010807878033589322,-0.010807878033589291,0.0,0.0,0.7286962492860486,0.2713037507139514,-0.010514499456041104,0.018419520045600324,0.9999999999999998,-0.013003020840248958,1.6743066950523524,3.498305744333895,1.2769523619221386,2.1589563610962603,167430.66950523524,349830.5744333895,127695.23619221385,215895.63610962604
2020-11-16,0.008909851005421361,0.008909851005421299,0.0,0.0,0.7310921779150181,0.2689078220849819,0.00974294038317014,-0.01450447952266698,0.9999999999999998,0.006982363830465355,1.6892245182426482,3.447564640301176,1.2893936326564943,2.174030979903532,168922.4518242648,344756.4640301176,128939.36326564943,217403.09799035318
2020-11-17,-0.005471710379821306,-0.005471710379821304,0.0,0.0,0.7296126969020855,0.2703873030979145,-0.0019126580032911011,-0.019039655111086073,0.9999999999999998,-0.007204117779533115,1.6799815709123314,3.381924198576666,1.2869274636056014,2.158369004667953,167998.15709123312,338192.4198576666,128692.74636056014,215836.9004667953
2020-11-18,-0.003136553022622722,-0.0031365530226227234,0.0,0.0,0.7287619443588138,0.2712380556411862,-0.0006374124324025621,-0.023401894015421143,0.9999999999999999,-0.009184430943066757,1.6747122196381359,3.302780766913387,1.2861071600406988,2.138545613594925,167471.2219638136,330278.0766913387,128610.71600406988,213854.56135949248
2020-11-19,0.007470711287068743,0.007470711287068665,0.0,0.0,0.7307732596070482,0.2692267403929518,0.007424867172151739,-0.013897137756380462,1.0,0.010397411621386077,1.6872235111199783,3.2568815676164675,1.2956563348731542,2.160780952610581,168722.35111199782,325688.15676164674,129565.63348731543,216078.0952610581
2020-11-20,0.01590235649313685,0.01590235649313687,0.0,0.0,0.7349875815601865,0.2650124184398135,0.0031047140923581296,0.07192298574657263,1.0,0.023363722990019875,1.7140543408774103,3.491126214182422,1.299678977354888,2.211264840229486,171405.434087741,349112.62141824217,129967.8977354888,221126.4840229486
2020-11-23,0.011029185281385166,0.011029185281385079,0.0,0.0,0.7378785674064824,0.2621214325935176,0.012489657697606127,0.02743760015366048,1.0,0.013991623473040171,1.7329589637853096,3.5869143393331218,1.3159115228988254,2.242204025273149,173295.89637853095,358691.4339333122,131591.15228988254,224220.4025273149
2020-11-24,-0.006192744687641775,-0.006192744687641749,0.0,0.0,0.736245201277856,0.263754798722144,-0.006141821327744212,0.0036125332507341845,1.0,-0.0077283816845317155,1.7222271913684268,3.5998721866514978,1.307829429442061,2.2248754167512446,172222.71913684267,359987.21866514976,130782.9429442061,222487.54167512446
2020-11-25,-0.016129561262983032,-0.01612956126298304,0.0,0.0,0.731921207978641,0.268078792021359,-0.012783733960022414,-0.02028694605746717,1.0,-0.022237306346488017,1.6944484223764746,3.5268417737871225,1.2911104859509857,2.175400180526177,169444.84223764748,352684.1773787122,129111.04859509856,217540.0180526177
2020-11-26,0.001328253986319254,0.0013282539863193055,0.0,0.0,0.7322768123698408,0.26772318763015923,0.0018103325391491953,-0.025694178805211854,1.0,-0.00024238576081381247,1.6966990802481086,3.4362224706337456,1.2934478252753394,2.1748728944983458,169669.90802481087,343622.24706337455,129344.78252753394,217487.28944983458
2020-11-27,0.01085850048542612,0.010858500485426026,0.0,0.0,0.7351526573683702,0.2648473426316298,0.012435995682567036,-0.01297561091492394,1.0,0.011758109738799538,1.7151226880346044,3.3916353848376835,1.3095331368460892,2.200445288659798,171512.26880346044,339163.53848376835,130953.31368460892,220044.5288659798
2020-11-30,-0.006267994852655461,-0.006267994852655501,0.0,0.0,0.7334821246978357,0.2665178753021643,-0.004119844923576199,-0.004391407092296351,1.0,-0.0065304889465003235,1.704372307854331,3.376741333154224,1.304138063399999,2.1860753050248265,170437.2307854331,337674.1333154224,130413.80633999991,218607.53050248264
2020-12-01,0.016660638707607856,0.016520556025622746,0.13778706153429576,0.00013778706153429575,0.7452936597256298,0.2547063402743702,0.02154125296104037,0.0206597485047757,1.0,0.02091831768917851,1.7325294860547584,3.4465039598628713,1.3322308313198197,2.2318043227478035,173252.94860547583,344650.39598628716,133223.08313198196,223180.43227478035
2020-12-02,-0.004656937065827795,-0.004656937065827815,0.0,0.0,0.7441019586518024,0.2558980413481976,7.89406169210416e-06,-0.005946528593910982,1.0,-0.006139798507354022,1.7244612052735104,3.4260092255165193,1.3322413480321902,2.21810149389829,172446.12052735104,342600.92255165195,133224.13480321903,221810.14938982902
2020-12-03,-0.0034205393734743207,-0.0034205393734743073,0.0,0.0,0.7432236450194141,0.25677635498058593,-0.0019892878428462435,-0.03845172274859099,1.0,-0.004744726121528098,1.7185626178228435,3.294273268642843,1.3295911365148128,2.2075772097999904,171856.26178228436,329427.3268642843,132959.11365148128,220757.72097999905
2020-12-04,0.006010370776978384,0.006010370776978302,0.0,0.0,0.7447577456062724,0.2552422543937276,0.001752006106314763,0.020589379425379306,1.0,0.0100727142842576,1.7288918163594131,3.3621003109018153,1.3319205883048888,2.2298135042947442,172889.18163594132,336210.03109018155,133192.05883048888,222981.35042947443
2020-12-07,0.0031132323292741852,0.003113232329274185,0.0,0.0,0.7455499078593114,0.2544500921406886,-0.008624297264860137,-0.033121459678190135,1.0,0.005065502781892661,1.7342742582559207,3.2507426410202505,1.32043370921816,2.241108630803851,173427.42582559207,325074.2641020251,132043.370921816,224110.8630803851
2020-12-08,0.001467879964422002,0.001467879964422103,0.0,0.0,0.7459228625987204,0.2540771374012796,-0.002459066988170444,-0.008576481221461263,1.0,0.003310439115032038,1.7368199646924276,3.222862707803737,1.3171866742737541,2.2485276844763,173681.99646924276,322286.2707803737,131718.66742737542,224852.76844763
2020-12-09,-0.009384360143252156,-0.009384360143252168,0.0,0.0,0.7435159236552923,0.2564840763447077,-0.013409502822422925,-0.015206238767100144,0.9999999999999999,-0.012013764490611756,1.7205210206397634,3.1738550879552907,1.2995238558474225,2.221514402424381,172052.10206397634,317385.5087955291,129952.38558474225,222151.44024243808
2020-12-10,-0.0016846468701162212,-0.0016846468701162687,0.0,0.0,0.7430831094196962,0.25691689058030376,-0.00044105448439102357,-0.012666558115552617,0.9999999999999998,-0.004179971703382246,1.7176225502873734,3.133653268033363,1.298950695023228,2.212228535083591,171762.25502873733,313365.32680333627,129895.06950232279,221222.85350835908
2020-12-11,-0.006772118522511195,-0.006772118522511139,0.0,0.0,0.7413313748320034,0.2586686251679966,-0.010300535166338887,-0.01955153810906196,0.9999999999999998,-0.008960920160311692,1.7059906067998896,3.072385526742822,1.2855708077098007,2.1924049318043437,170599.06067998896,307238.55267428217,128557.08077098007,219240.49318043437
2020-12-14,0.009471816047009174,0.009471816047009085,0.0,0.0,0.7437584476791864,0.2562415523208136,0.0092460983755418,0.017075311970903728,0.9999999999999998,0.011008708343748896,1.7221494360054235,3.124847468106845,1.2974573218666103,2.2165404782699745,172214.94360054235,312484.7468106845,129745.73218666103,221654.04782699744
2020-12-15,0.01031963516484329,0.010319635164843355,0.0,0.0,0.7463757573324749,0.25362424266752515,0.0020790947629507617,-0.022621379540206377,0.9999999999999998,0.013577430484466912,1.7399213898843402,3.0541591075255474,1.3001548585896554,2.246635402529692,173992.13898843402,305415.9107525547,130015.48585896553,224663.54025296922
2020-12-16,0.006740144856988395,0.006740144856988373,0.0,0.0,0.748073776571656,0.25192622342834403,0.0017734727305815934,0.007519831385678355,0.9999999999999996,0.011400124709994852,1.7516487120919333,3.0771258690391736,1.3024606477768974,2.2722473262964202,175164.87120919334,307712.58690391737,130246.06477768974,227224.73262964204
2020-12-17,0.009081990809674943,0.009081990809674867,0.0,0.0,0.7503411757193272,0.24965882428067276,0.012840466140613183,0.04803939270530755,0.9999999999999996,0.012557397170185336,1.767557169596931,3.2249491270656074,1.3191848496241578,2.300780838441616,176755.7169596931,322494.91270656075,131918.4849624158,230078.08384416162
2020-12-18,0.0033777357572892484,0.0033777357572892797,0.0,0.0,0.7511816184637132,0.24881838153628677,-0.003489799660387094,0.017191405140834615,0.9999999999999996,0.005496954763389406,1.7735275106517316,3.2803905340675734,1.3145811587839515,2.313428126631003,177352.75106517316,328039.05340675736,131458.11587839515,231342.8126631003
2020-12-21,0.03180720248209997,0.031807202482099894,0.0,0.0,0.7588518659903392,0.24114813400966084,0.009374056244337403,0.00886880348022201,0.9999999999999996,0.044370918551037475,1.8299384592906058,3.309483673052599,1.3269041165041386,2.4160770576114263,182993.8459290606,330948.3673052599,132690.41165041385,241607.70576114263
2020-12-22,-0.013990876389270351,-0.013990876389270324,0.0,0.0,0.755430119016967,0.244569880983033,-0.016261660761981656,-0.062586830555041,0.9999999999999996,-0.020537582234018137,1.8043360165066993,3.1023535791825814,1.3053264518978713,2.366456676357007,180433.60165066994,310235.3579182581,130532.64518978713,236645.66763570072
2020-12-23,0.013216638766616457,0.013216638766616384,0.0,0.0,0.758620346700241,0.24137965329975897,0.008530103106488163,0.006338237319415629,0.9999999999999998,0.016379264878848998,1.828183273850464,3.122017032416179,1.3164610211201866,2.4052174970833793,182818.3273850464,312201.7032416179,131646.10211201865,240521.74970833794
2020-12-24,0.00015046884682166288,0.00015046884682168304,0.0,0.0,0.7586566613540953,0.24134333864590474,-0.0014179807953472734,0.005607881708308504,0.9999999999999998,-0.001456647729291105,1.828458358479459,3.1395249346252934,1.3145943046744148,2.4017139424778016,182845.83584794588,313952.4934625293,131459.43046744147,240171.39424778015
2020-12-25,0.01274810164280523,0.012748101642805265,0.0,0.0,0.7616946027798862,0.2383053972201138,0.008397966408134394,0.018969169369208005,1.0,0.015365887748348461,1.851767731482992,3.1990791148490523,1.3256342234853953,2.438618409321559,185176.7731482992,319907.9114849052,132563.42234853952,243861.84093215587
2020-12-28,0.0035532668383488845,0.0035532668383488897,0.0,0.0,0.7625383673246517,0.23746163267534826,0.004442672664274783,0.0215943957395206,1.0,0.007791599196497634,1.858347556355595,3.268161295257138,1.331523582412901,2.457619146560193,185834.7556355595,326816.1295257138,133152.35824129012,245761.9146560193
2020-12-29,-0.012531302009365674,-0.012531302009365697,0.0,0.0,0.7595249012363119,0.2404750987636881,-0.004239388201192296,-0.01763700905829757,1.0000000000000002,-0.01794064365792214,1.835060041888536,3.2105207048887103,1.3258787370480105,2.41352787720487,183506.0041888536,321052.070488871,132587.87370480105,241352.787720487
2020-12-30,0.02525724431422492,0.025257244314224936,0.0,0.0,0.7654490128235696,0.23455098717643041,0.01403348046972619,0.01450548457499945,1.0000000000000002,0.036897210806700276,1.8814086016977867,3.25709086345119,1.344485430409599,2.502580324077946,188140.86016977867,325709.086345119,134448.5430409599,250258.03240779458
2020-12-31,0.019041482074323764,0.019041482074323657,0.0,0.0,0.7698317572911882,0.23016824270881175,0.019082036329787888,0.008695466095841597,1.0000000000000002,0.02372152197731947,1.9172334098614934,3.2854127866254053,1.3701409502375455,2.561945338235568,191723.34098614933,328541.27866254054,137014.09502375455,256194.53382355682
2021-01-04,0.03701319528298744,0.036800253269049454,0.20534166287051553,0.00020534166287051553,0.7730720215337583,0.2269279784662417,0.010828412926549902,0.037551767625591204,1.0,0.05113795696912038,1.9877880849202796,3.4087858441429084,1.384977402214293,2.692957988699497,198778.80849202795,340878.58441429085,138497.74022142933,269295.7988699497
2021-01-05,0.022460363405328785,0.022460363405328865,0.0,0.0,0.7780569432437922,0.22194305675620785,0.019131616714631816,-0.001520496809203964,1.0,0.02831583698553164,2.0324345276803717,3.4036027961436295,1.4114742590318834,2.7692113481163974,203243.45276803718,340360.2796143629,141147.42590318833,276921.1348116397
2021-01-06,0.009204746665622916,0.009204746665622876,0.0,0.0,0.7800812397191951,0.21991876028080493,0.009158982956132933,-0.0022958990526559253,1.0,0.01110399105410953,2.0511425726221346,3.3957884677083463,1.4244019277133768,2.7999606461528206,205114.25726221348,339578.84677083464,142440.1927713377,279996.06461528206
2021-01-07,0.03276348026440932,0.03276348026440923,0.0,0.0,0.7870579619793479,0.21294203802065215,0.017717948859934163,0.049263465534607365,1.0,0.04043570527681273,2.1183451418197294,3.5630767758501136,1.449639408224594,2.9131790296273303,211834.51418197295,356307.67758501135,144963.9408224594,291317.90296273306
2021-01-08,-0.005854920985944409,-0.005854920985944423,0.0,0.0,0.7858038605071227,0.2141961394928773,-0.003306333723878452,-0.0448806351892832,1.0,-0.011780701313269804,2.105942398393416,3.4031636269217773,1.4448464165617179,2.8788597376072094,210594.23983934158,340316.3626921777,144484.6416561718,287885.9737607209
2021-01-11,-0.01064307600801472,-0.010643076008014729,0.0,0.0,0.7834996306200487,0.21650036937995132,-0.009875478352012523,-0.006791884134117798,1.0000000000000002,-0.015432459292049061,2.0835286933788137,3.3800497338782804,1.4305778670529798,2.834431851899067,208352.86933788136,338004.97338782804,143057.78670529797,283443.18518990674
2021-01-12,0.025149705553587788,0.025149705553587864,0.0,0.0,0.7888109724783661,0.21118902752163393,0.02852149174073193,0.05188527493624284,1.0000000000000002,0.03116684085944965,2.1359288265297427,3.5554245436187295,1.4713800818726053,2.9227721383541607,213592.88265297428,355542.4543618729,147138.00818726054,292277.21383541607
2021-01-13,-0.008143402942561828,-0.008143402942561773,0.0,0.0,0.787077055142676,0.212922944857324,-0.003284283506213903,-0.053191973796831715,1.0000000000000002,-0.015336611556992619,2.118535097438678,3.3663044944579497,1.4665476525383394,2.8779467173986224,211853.50974386782,336630.449445795,146654.76525383393,287794.67173986224
2021-01-14,-0.03121052752828092,-0.031210527528280907,0.0,0.0,0.7802175282581433,0.21978247174185672,-0.019274036970439057,-0.056541980332767805,1.0000000000000004,-0.0421936426245384,2.052414499460439,3.1759669719382004,1.4382813588644048,2.7565156621122417,205241.4499460439,317596.69719382003,143828.1358864405,275651.5662112242
2021-01-15,0.005768903322527632,0.005768903322527663,0.0,0.0,0.7814781596291037,0.21852184037089628,-0.0022630638008503956,0.01588056022276585,1.0000000000000002,0.007346193529130796,2.0642546802855803,3.2264031067015804,1.4350264363857208,2.7767655596321985,206425.46802855804,322640.310670158,143502.64363857207,277676.55596321984
2021-01-18,0.005409176046381617,0.005409176046381692,0.0,0.0,0.7826538233615491,0.2173461766384509,0.011073491044469863,-0.005930015589578952,1.0000000000000002,0.005368235902466267,2.075420597255812,3.207270485980574,1.4509171887776156,2.7916718922021477,207542.05972558123,320727.04859805736,145091.71887776157,279167.1892202148
2021-01-19,-0.017173848404798752,-0.01717384840479874,0.0,0.0,0.7788559286037702,0.22114407139622982,-0.014677848408631289,-0.03703252917877431,1.0000000000000002,-0.026026655531115828,2.039777638542344,3.0884971481242767,1.4296208462272602,2.7190140095079043,203977.7638542344,308849.71481242764,142962.08462272602,271901.40095079044
2021-01-20,0.014964342573589818,0.014964342573589917,0.0,0.0,0.7821164132372503,0.21788358676274966,0.007155835748650086,0.04727947501219476,1.0,0.025943996790584345,2.07030156989944,3.2345196718642533,1.4398509781857085,2.7895561002441314,207030.156989944,323451.96718642535,143985.09781857085,278955.61002441315
2021-01-21,0.02132544873329188,0.021325448733291896,0.0,0.0,0.7866658595132613,0.2133341404867387,0.016167466762105898,-0.0018638273110053172,1.0000000000000002,0.0254210715450911,2.114451679890784,3.2284910857618487,1.4631297210179117,2.860469605447483,211445.16798907839,322849.1085761849,146312.97210179118,286046.9605447483
2021-01-22,0.010131721900408303,0.01013172190040823,0.0,0.0,0.7888056222158994,0.21119437778410055,0.0008643352974049279,0.04436142510954855,1.0000000000000002,0.017414233267399437,2.1358747162832885,3.371711551279718,1.4643943556804697,2.9102824904110514,213587.47162832884,337171.15512797184,146439.43556804696,291028.24904110515
2021-01-25,0.01168725299159117,0.011687252991591235,0.0,0.0,0.7912453901543268,0.20875460984567318,0.010079392722872393,0.029036046140856975,1.0,0.014004555127440366,2.1608372244508343,3.4696127234563368,1.4791545614925308,2.9510397019844374,216083.72244508343,346961.27234563365,147915.45614925306,295103.97019844374
2021-01-26,-0.020062545969767684,-0.020062545969767642,0.0,0.0,0.786971495999955,0.21302850400004503,-0.020076716341504985,-0.03255846115019534,1.0,-0.02805952200816042,2.1174853283021045,3.35664747239346,1.449457994936202,2.8682349385196497,211748.53283021043,335664.74723934603,144945.7994936202,286823.49385196494
2021-01-27,0.006166889161183622,0.006166889161183686,0.0,0.0,0.7882771672424624,0.21172283275753756,0.0027262981659612606,0.005179635934694504,1.0,0.007089101074615245,2.130543625622176,3.374033684261571,1.4534096496094346,2.8885681459045585,213054.3625622176,337403.3684261571,145340.96496094347,288856.81459045585
2021-01-28,-0.03320625493857431,-0.03320625493857432,0.0,0.0,0.7810051690559029,0.2189948309440971,-0.02729015918958022,-0.04605432172592261,1.0,-0.04631347457312762,2.0597962508320116,3.2186448514524884,1.413745868903921,2.7547885185264613,205979.62508320116,321864.4851452488,141374.5868903921,275478.85185264616
2021-01-29,-0.0041086816905970235,-0.004108681690596971,0.0,0.0,0.7801016768417496,0.21989832315825042,-0.0046827867602480255,-0.009792717678530183,0.9999999999999998,-0.006347938318681079,2.051333203689858,3.1871255711147595,1.4071255984666624,2.7373012909298446,205133.3203689858,318712.55711147597,140712.55984666623,273730.1290929845
2021-02-01,0.018501051487291358,0.018294763932980018,0.20254034496094067,0.00020254034496094067,0.6155412776865575,0.38445872231344247,0.012274008026965655,0.014932321834273843,1.0,0.018820689382490707,2.0888618603992475,3.234716755868889,1.424396669357191,2.788819188272726,208886.18603992474,323471.6755868889,142439.6669357191,278881.9188272726
2021-02-02,0.013329764564572636,0.013329764564572688,0.0,0.0,0.6205986089053208,0.3794013910946792,0.015401511725563699,0.05023120723072694,1.0,0.03185517595714438,2.116705897206285,3.3972004835656437,1.4463345313621496,2.8776575142278142,211670.5897206285,339720.04835656437,144633.45313621496,287765.75142278144
2021-02-03,0.000854519459590251,0.0008545194595901418,0.0,0.0,0.6209225379733146,0.37907746202668535,-0.0028885184572512435,-0.04625279847350827,1.0000000000000002,0.0005978994419608696,2.118514663585677,3.2400704542251773,1.4421567673729503,2.8793780640497255,211851.46635856768,324007.04542251775,144215.67673729503,287937.80640497257
2021-02-04,0.0022675150068921543,0.0022675150068922623,0.0,0.0,0.6217801571428975,0.37821984285710253,-0.002050973528768374,0.0010379313154913472,1.0,0.0021317285775148687,2.123318427377679,3.243433424814016,1.439198942018734,2.8855161165543297,212331.84273776787,324343.3424814016,143919.89420187342,288551.61165543296
2021-02-05,-0.00290074120592448,-0.0029007412059244286,0.0,0.0,0.6206798475464379,0.3793201524535621,0.0017281853140784786,-0.032493171424798906,1.0,-0.006033615972232509,2.117159230122086,3.1380439865366117,1.4416861444943683,2.868106020425353,211715.92301220857,313804.3986536612,144168.61444943683,286810.6020425353
2021-02-08,0.013682915778157143,0.013682915778157057,0.0,0.0,0.6257999947031013,0.3742000052968987,0.014799185178566043,0.004708317227173797,1.0,0.027385679203183466,2.1461281415567943,3.152818893098051,1.4630219247161134,2.946651051821441,214612.81415567943,315281.8893098051,146302.19247161134,294665.1051821441
2021-02-09,0.017454904740176226,0.01745490474017619,0.0,0.0,0.6322195671242484,0.3677804328757516,0.021868755121698724,0.037559483515288594,1.0,0.03141252065555711,2.1835886038278796,3.2712371423400577,1.4950163929254063,3.039212788851501,218358.86038278794,327123.7142340058,149501.63929254064,303921.2788851501
2021-02-10,0.018600755574200902,0.018600755574200933,0.0,0.0,0.6389356370853778,0.3610643629146222,0.021362057595075923,0.05023069149689929,1.0,0.03537737546152009,2.2242050017222925,3.4355536460501397,1.5269530192166616,3.146732160790154,222420.50017222925,343555.364605014,152695.30192166616,314673.2160790154
2021-02-18,-0.001755471260701593,-0.0017554712607016354,0.0,0.0,0.6383006843317067,0.3616993156682933,-0.006773742535797211,-0.053433972283264075,1.0,-0.011496025122903153,2.22030047376386,3.25197836774943,1.5166098326002297,3.110557248814663,222030.047376386,325197.836774943,151660.98326002297,311055.7248814663
2021-02-19,-0.0031261885085402904,-0.003126188508540295,0.0,0.0,0.6371663980949187,0.3628336019050813,0.0018133340729979963,-0.00029698780922060575,1.0,-0.005754157068982746,2.213359395937273,3.251012569818359,1.5193599528851276,3.0926586138329206,221335.9395937273,325101.2569818359,151935.99528851276,309265.86138329207
2021-02-22,-0.02242657387740656,-0.02242657387740654,0.0,0.0,0.6288426094557323,0.37115739054426766,-0.03140941780703399,-0.06303350925899642,0.9999999999999999,-0.03869244617522383,2.1637213279270338,3.0460898388975997,1.4716377413256831,2.972996086878848,216372.13279270337,304608.98388976,147163.7741325683,297299.6086878848
2021-02-23,-0.009598967369522423,-0.009598967369522371,0.0,0.0,0.6252453518162394,0.3747546481837606,-0.0031550757236039617,-0.03487836791528154,0.9999999999999999,-0.014171376322488882,2.1429518375035226,2.9398471967935285,1.4669946128140872,2.930864640526401,214295.18375035227,293984.7196793528,146699.46128140873,293086.4640526401
2021-02-24,-0.023508710862058135,-0.02350871086205819,0.0,0.0,0.6162232552892527,0.3837767447107473,-0.025467455960657248,-0.05859360621676879,0.9999999999999998,-0.04646454261440913,2.092573802364336,2.767590947807137,1.429633992117723,2.794683355539597,209257.38023643362,276759.0947807137,142963.3992117723,279468.3355539597
2021-02-25,0.003444246644621045,0.003444246644620952,0.0,0.0,0.6175405400010576,0.3824594599989424,0.005883142653795748,0.00985069538456762,0.9999999999999998,-0.0005700034329205739,2.099781142661751,2.794853643183072,1.438044732836067,2.7930903764330135,209978.1142661751,279485.3643183072,143804.4732836067,279309.03764330136
2021-02-26,-0.019233458865767928,-0.019233458865767883,0.0,0.0,0.6100402654880155,0.3899597345119845,-0.024279832381398192,-0.04317202365190986,0.9999999999999998,-0.033152938033263024,2.059395088427251,2.674194155595946,1.4031292477658548,2.7004912242618264,205939.5088427251,267419.4155595946,140312.92477658548,270049.1224261826
2021-03-01,0.012486364247893489,0.01241889062104451,0.06664151659864084,6.664151659864085e-05,0.5613760098689815,0.4386239901310185,0.015368875497492773,0.060102149225876866,1.0,0.029361155100687153,2.0849704907759454,2.8349189717945413,1.4246937664816588,2.7797807659454223,208497.04907759454,283491.89717945416,142469.37664816587,277978.07659454225
2021-03-02,-0.007184925156468569,-0.0071849251564686245,0.0,0.0,0.5582017223095188,0.4417982776904812,-0.012761175024636473,-0.05896442960189763,1.0,-0.013024559394062774,2.0699901338462747,2.667759591655078,1.4065129999710777,2.743575346256893,206999.01338462747,266775.9591655078,140651.29999710777,274357.53462568927
2021-03-03,0.012725499567539399,0.012725499567539433,0.0,0.0,0.563753181015842,0.43624681898415796,0.01917515790811697,0.043761692281854,1.0,0.01893633567811981,2.0963317923993463,2.784505265987052,1.4334831088453424,2.7955286099718273,209633.17923993463,278450.5265987052,143348.31088453424,279552.8609971827
2021-03-04,-0.027799098354644197,-0.027799098354644225,0.0,0.0,0.551279145857762,0.44872085414223795,-0.03145513470684369,-0.0905593653819241,0.9999999999999999,-0.057265814231963086,2.038055658718469,2.532342236196639,1.388392704556627,2.6354403879130426,203805.5658718469,253234.2236196639,138839.2704556627,263544.0387913043
2021-03-05,-0.006152999916939381,-0.006152999916939406,0.0,0.0,0.548501072997417,0.451498927002583,-0.0033915893885481108,-0.044851761606848894,1.0,-0.01038179930214922,2.0255155024196565,2.418762225911793,1.3836838465927153,2.608079774732951,202551.55024196566,241876.22259117928,138368.3846592715,260807.97747329512
2021-03-08,-0.027353689468823796,-0.027353689468823772,0.0,0.0,0.5358035885048359,0.4641964114951641,-0.034730561678194105,-0.027527075542626567,0.9999999999999999,-0.05541134813314741,1.9701101803521806,2.3521807753994675,1.3356277294155061,2.463562558376203,197011.01803521806,235218.07753994674,133562.77294155062,246356.2558376203
2021-03-09,-0.013794621172728878,-0.013794621172728894,0.0,0.0,0.529310606633321,0.47068939336667903,-0.021460545430923572,-0.017053966928129216,0.9999999999999998,-0.02333751139499507,1.9429332567456856,2.3120667622468236,1.3069644298495833,2.406069139097815,194293.32567456856,231206.67622468236,130696.44298495832,240606.9139097815
2021-03-10,0.007110481986323025,0.007110481986323025,0.0,0.0,0.5326338055400449,0.4673661944599551,0.0065600482800241,0.012195640338557912,0.9999999999999998,0.019899276064862637,1.9567484486684037,2.34026389691792,1.3155381796096708,2.453948173127869,195674.84486684037,234026.38969179202,131553.81796096708,245394.8173127869
2021-03-11,0.021230956625163007,0.021230956625162944,0.0,0.0,0.5423501496620815,0.4576498503379185,0.02490401929806696,0.06930622938670505,0.9999999999999999,0.042083935764526625,1.9982920901084376,2.502458763383138,1.348300367822014,2.5572199704152596,199829.20901084377,250245.8763383138,134830.0367822014,255721.99704152596
2021-03-12,0.004983077371150472,0.004983077371150557,0.0,0.0,0.544619346690846,0.455380653309154,0.003541189730549732,0.016021709641365955,0.9999999999999999,0.00841478006921692,2.008249734203606,2.5425524310795544,1.3530749552382417,2.5787384140549134,200824.97342036062,254255.24310795544,135307.49552382418,257873.84140549134
2021-03-15,-0.019356367098166835,-0.019356367098166793,0.0,0.0,0.5356308468942665,0.46436915310573346,-0.021537469055918912,-0.01937113437088267,1.0,-0.044647823672369746,1.9693773151235652,2.493300306292098,1.3239331452594592,2.4636033560470234,196937.73151235652,249330.0306292098,132393.31452594593,246360.33560470233
2021-03-16,0.006776499231610236,0.006776499231610167,0.0,0.0,0.5387564633658531,0.46124353663414686,0.008702145152257756,0.01089875062939405,1.0,0.013418987182544972,1.9827227989862506,2.5204741645745674,1.3354542036613921,2.4966624179046932,198272.27989862507,252047.41645745674,133545.4203661392,249666.24179046933
2021-03-17,0.0018809224814905798,0.0018809224814906322,0.0,0.0,0.5396223979475284,0.4603776020524716,0.004232816732816724,0.0027124377132456967,1.0,0.009731543437248913,1.986452146873428,2.527310793753821,1.3411069365605606,2.5209587966726796,198645.21468734278,252731.07937538208,134110.69365605604,252095.87966726796
2021-03-18,0.005472616144866213,0.00547261614486616,0.0,0.0,0.5421281547998503,0.4578718452001497,0.008020216198837193,0.005612468351122724,1.0,0.011000763286233672,1.9973232369634115,2.541495245597215,1.3518629041375365,2.5486912676492244,199732.32369634116,254149.5245597215,135186.29041375365,254869.12676492243
2021-03-19,-0.020745193493989626,-0.020745193493989622,0.0,0.0,0.532428289186713,0.46757171081328697,-0.026193314753479857,-0.032061833536105366,1.0,-0.03963535777917582,1.955888379942564,2.460010248100074,1.3164531335859087,2.447672977387286,195588.8379942564,246001.0248100074,131645.31335859085,244767.2977387286
2021-03-22,0.002096552571342297,0.002096552571342336,0.0,0.0,0.5334065269324443,0.4665934730675557,0.0099978230868627,-0.03286551663359982,1.0,-0.0032027480627541127,1.959989002754791,2.3791607403723147,1.3296147991176466,2.4398336975007036,195998.9002754791,237916.07403723148,132961.47991176465,243983.36975007036
2021-03-23,-0.009320249297887388,-0.00932024929788744,0.0,0.0,0.5290168465269706,0.47098315347302944,-0.009471738034268262,-0.04123405911338518,1.0,-0.019713504383361835,1.9417214166279986,2.2810582857635575,1.317021036053918,2.3917360252103497,194172.14166279987,228105.82857635577,131702.1036053918,239173.60252103498
2021-03-24,-0.016584492423371844,-0.01658449242337179,0.0,0.0,0.5210741036272195,0.4789258963727805,-0.01608224784149337,-0.07947549803356124,1.0,-0.03453316894047276,1.9095189525056329,2.099770042458917,1.2958403773396385,2.309141800990746,190951.89525056328,209977.00424589173,129584.03773396385,230914.1800990746
2021-03-25,0.0017890933236981924,0.0017890933236981432,0.0,0.0,0.5219294165163866,0.4780705834836134,-0.00047477118666405804,0.026876310117135427,1.0,0.0037519017672358324,1.9129352601150358,2.156204113294714,1.2952251496659617,2.317805474194681,191293.5260115036,215620.4113294714,129522.51496659617,231780.54741946812
2021-03-26,0.01920892717347147,0.019208927173471446,0.0,0.0,0.530939564266351,0.469060435733649,0.022661808438295905,0.04547553571739771,1.0,0.04471133629722801,1.9496806942141511,2.2542586504628472,1.324577293892155,2.4214376542229554,194968.0694214151,225425.8650462847,132457.7293892155,242143.76542229555
2021-03-29,0.002560200211479452,0.002560200211479513,0.0,0.0,0.5321373862290707,0.4678626137709293,0.001764592625233652,0.016620242047847178,1.0,0.002101334644404318,1.9546722671397958,2.2917249748719932,1.326914633216509,2.426525905055039,195467.2267139796,229172.49748719932,132691.4633216509,242652.5905055039
2021-03-30,0.0088457560190272,0.008845756019027151,0.0,0.0,0.5362396967231676,0.4637603032768324,0.009481105158038128,0.00030766640946944257,1.0,0.017169694124059998,1.971962821112073,2.2924300616665034,1.3394952503897744,2.468188612628942,197196.28211120729,229243.00616665033,133949.52503897744,246818.86126289418
2021-03-31,-0.006203058381316441,-0.006203058381316406,0.0,0.0,0.5333450085673783,0.4666549914326217,-0.0091015618099487,-0.0470973289122274,1.0,-0.013097646654110728,1.9597306206069294,2.1844627290439185,1.3273037515742192,2.435861150305028,195973.06206069293,218446.27290439184,132730.37515742192,243586.1150305028
2021-04-01,0.008426808430834752,0.00831098981677858,0.11485078846357624,0.00011485078846357625,0.4678691880886138,0.5321308119113862,0.01236441141281519,0.016948562761948116,1.0,0.021243002326427174,1.9760179218384228,2.221486232708256,1.343715081228456,2.4876061543878114,197601.79218384228,222148.6232708256,134371.50812284558,248760.61543878115
2021-04-02,0.006827928886415498,0.00682792888641548,0.0,0.0,0.47147789940636614,0.5285221005936338,0.009935861062303708,-0.018402077002692363,1.0,0.018605254108327696,1.989510031687018,2.1806062719935375,1.357066047582864,2.5338886990116367,198951.0031687018,218060.62719935374,135706.6047582864,253388.86990116368
2021-04-06,-0.004152499627208377,-0.004152499627208428,0.0,0.0,0.4692740601389434,0.5307259398610567,-0.00411116019188007,-0.016841369857157895,1.0,-0.010199683227865353,1.9812485920221103,2.1438818752540563,1.3514869316702893,2.50804383694705,198124.85920221102,214388.18752540564,135148.69316702892,250804.383694705
2021-04-07,-0.006100411856982066,-0.006100411856982069,0.0,0.0,0.4660165411149286,0.5339834588850714,-0.007120151585303769,0.009362943688038472,1.0,-0.01729752606750279,1.9691621596197095,2.163954920525866,1.3418641398512399,2.4646608832990187,196916.21596197094,216395.4920525866,134186.41398512397,246466.08832990186
2021-04-08,0.003909229929308382,0.003909229929308422,0.0,0.0,0.4680958766335154,0.5319041233664846,0.0016595672977073317,-0.006593417937499568,1.0,0.006277658613406345,1.9768600672697565,2.1496870613369303,1.3440910536957031,2.4801331829221867,197686.00672697564,214968.70613369302,134409.10536957032,248013.31829221867
2021-04-09,-0.010961074868871627,-0.010961074868871656,0.0,0.0,0.4622010217687196,0.5377989782312804,-0.015036549750499284,-0.0024332476578877715,1.0,-0.025821572971440943,1.95519155606713,2.1444563403297408,1.3238805616976066,2.4160922429604694,195519.155606713,214445.63403297408,132388.05616976065,241609.22429604694
2021-04-12,-0.011294858456626169,-0.011294858456626145,0.0,0.0,0.4560572655748776,0.5439427344251224,-0.017395051774060977,-0.004758570223360792,1.0000000000000002,-0.021608642209116846,1.9331079441857613,2.1342517942433505,1.3008515907842038,2.363883770138114,193310.79441857612,213425.17942433505,130085.15907842037,236388.3770138114
2021-04-13,0.002659579783576161,0.002659579783576227,0.0,0.0,0.45750008737508663,0.5424999126249134,-0.0016391288969732631,-0.016352752188868558,1.0000000000000002,0.00316680031179839,1.9382491989935884,2.099350903543441,1.2987193273510758,2.3713697179984425,193824.91989935885,209935.09035434408,129871.93273510758,237136.97179984426
2021-04-14,0.007547807866300989,0.007547807866300937,0.0,0.0,0.46156409811086435,0.5384359018891356,0.008298175575548017,-0.00017885742357159895,1.0000000000000002,0.02456093710350582,1.9528787315446037,2.09897541904966,1.3094963283527925,2.4296127804913605,195287.87315446037,209897.541904966,130949.63283527925,242961.27804913605
2021-04-15,-0.003198100841546249,-0.0031981008415462586,0.0,0.0,0.4598366010902386,0.5401633989097614,-0.006356625567448315,-0.007461653085392483,1.0000000000000004,-0.007419081351313306,1.9466332284298131,2.0833135926379454,1.3011723505115054,2.411587285620705,194663.32284298132,208331.35926379453,130117.23505115054,241158.7285620705
2021-04-16,0.00030669306845424984,0.0003066930684543223,0.0,0.0,0.46000221466798047,0.5399977853320195,0.00347749127596253,0.008667527352022475,1.0000000000000004,0.0001383649994854963,1.9472302473477954,2.101370770184975,1.3056971660089327,2.411920964894239,194723.02473477952,210137.0770184975,130569.71660089327,241192.09648942392
2021-04-19,0.021903028857285844,0.0219030288572859,0.0,0.0,0.4715762943418841,0.5284237056581159,0.02433258560905971,0.0012790810984795176,1.0000000000000004,0.05084450856092482,1.989880487647234,2.104058593818016,1.3374681540803517,2.534553901042078,198988.0487647234,210405.8593818016,133746.81540803518,253455.39010420782
2021-04-20,0.0011926747367935933,0.0011926747367936308,0.0,0.0,0.4722057811729049,0.5277942188270951,-0.0007175124139477962,-0.006556321151469424,1.0000000000000004,-0.00010267714064160494,1.9922537678340895,2.090263709955436,1.3365085040765392,2.534293660294717,199225.37678340895,209026.3709955436,133650.85040765392,253429.3660294717
2021-04-21,0.0010393058871138545,0.0010393058871138727,0.0,0.0,0.4727537513031342,0.5272462486968659,0.0030255519468385117,-0.0042471832831667555,1.0000000000000004,-0.00016222307393742863,1.9943243289036243,2.081385976869103,1.3405521799830142,2.533882539386884,199432.43289036243,208138.5976869103,134055.21799830144,253388.25393868837
2021-04-22,0.00022570414349654954,0.00022570414349654122,0.0,0.0,0.4728727261130006,0.5271272738869994,-0.001865163030154493,-0.012041961196056494,1.0000000000000004,0.0012448922235834825,1.9947744561681338,2.0563220077016293,1.338051831616917,2.5370369500556404,199477.44561681338,205632.20077016292,133805.1831616917,253703.69500556405
2021-04-23,0.006729173626955362,0.006729173626955465,0.0,0.0,0.4763961473492303,0.5236038526507697,0.00907994120929656,0.007105777195889562,1.0000000000000007,0.017326240925383818,2.0081976398303047,2.0709337737313613,1.35020126358299,2.5809942634889054,200819.76398303048,207093.37737313614,135020.12635829902,258099.42634889053
2021-04-26,-0.006793044827973067,-0.006793044827973049,0.0,0.0,0.47281495571073634,0.5271850442892636,-0.011334936568363041,-0.021556914057794807,1.0000000000000007,-0.018493766649338328,1.9945558632395077,2.0262908323516498,1.3348968179057532,2.5332619578566606,199455.58632395076,202629.083235165,133489.68179057533,253326.19578566606
2021-04-27,0.0004517826344708203,0.0004517826344707654,0.0,0.0,0.4730530212050428,0.5269469787949572,0.002615594299265167,-0.007175975263818302,1.0000000000000007,0.005634818052512758,1.9954569689420012,2.0117502194613923,1.3383883664127747,2.5475364280685353,199545.6968942001,201175.02194613923,133838.83664127748,254753.64280685352
2021-04-28,0.0034232649521537773,0.003423264952153726,0.0,0.0,0.4748507462400888,0.5251492537599112,0.005641859770710855,0.0009064276578332198,1.0000000000000007,0.010076037827913442,2.002287946847311,2.0135737255009643,1.3459393658948264,2.5732055014857416,200228.7946847311,201357.37255009642,134593.93658948265,257320.55014857417
2021-04-29,0.005133207025471001,0.005133207025471043,0.0,0.0,0.4775326791619935,0.5224673208380065,0.008776693415428971,0.01674783617227993,1.0000000000000007,0.012837027396892742,2.0125661054030837,2.0472967283764616,1.3577522630650423,2.606237811006149,201256.61054030838,204729.67283764615,135775.22630650422,260623.7811006149
2021-04-30,-0.005132221848178889,-0.005132221848178853,0.0,0.0,0.47483742833786324,0.5251625716621368,-0.007877354928284785,-0.0007980105236627955,1.0000000000000007,-0.0038572235501318497,2.0022371696660297,2.045662964042157,1.347056766584197,2.596184969144292,200223.71696660298,204566.29640421568,134705.67665841972,259618.4969144292
2021-05-06,-0.003222890025414207,-0.0033665955639758938,0.1441701832070872,0.0001441701832070872,0.5397321624972524,0.4602678375027476,-0.012173342780019025,-0.004066559425318639,1.0,-0.00912410452804746,1.9954964468926044,2.037344154034706,1.3306585828204236,2.572497106111674,199549.64468926043,203734.4154034706,133065.85828204235,257249.7106111674
2021-05-07,-0.008353096501380983,-0.008353096501380941,0.0,0.0,0.5358551154862871,0.46414488451371294,-0.012856838012139549,-0.004691014548051209,1.0,-0.018807146074614756,1.9788278725035477,2.027786942968742,1.3135505209716383,2.524115777260508,197882.78725035477,202778.6942968742,131355.05209716383,252411.5777260508
2021-05-10,0.00445366518994246,0.004453665189942502,0.0,0.0,0.5379130958460457,0.46208690415395426,-0.000726573993454882,0.023419945724308278,1.0,0.007407894913412427,1.9876409093162049,2.075277603113531,1.3125961293240112,2.5428141616877404,198764.09093162048,207527.7603113531,131259.61293240113,254281.41616877404
2021-05-11,-0.0017471751155051108,-0.0017471751155051507,0.0,0.0,0.5371043360609361,0.4628956639390639,0.0061373041530961014,-0.04087350612496754,1.0000000000000002,-0.004066279434497222,1.9841681525808876,1.9904537312916621,1.3206519309998492,2.532474368756321,198416.81525808875,199045.37312916623,132065.19309998493,253247.43687563212
2021-05-12,0.0021159486163360563,0.0021159486163360164,0.0,0.0,0.5380817313822782,0.4619182686177218,0.004278268625101056,0.00134625788637166,1.0,0.004065300109751924,1.988366550437919,1.9931333953248715,1.3263020347209251,2.5427696370855704,198836.65504379192,199313.33953248715,132630.20347209251,254276.96370855704
2021-05-13,-0.013766082150550491,-0.01376608215055053,0.0,0.0,0.5316341688744937,0.46836583112550634,-0.010224896175080045,-0.05030370536388373,1.0,-0.028987016743596272,1.960994533159184,1.892871400255532,1.3127407341191062,2.469062331040263,196099.4533159184,189287.1400255532,131274.07341191062,246906.2331040263
2021-05-14,0.012724659140944705,0.012724659140944672,0.0,0.0,0.5375190809288647,0.4624809190711353,0.023557121312565377,0.011157566232533389,1.0,0.024275830349330896,1.9859475201708905,1.9139912382735513,1.3436651268446962,2.52900086931052,198594.75201708905,191399.12382735513,134366.5126844696,252900.086931052
2021-05-17,0.014105451956079495,0.014105451956079484,0.0,0.0,0.5439518462512267,0.4560481537487733,0.014558006022787895,0.04296034408731697,1.0,0.032391023682702524,2.013960207503956,1.996216960449893,1.3632262118539114,2.610917796361932,201396.02075039563,199621.6960449893,136322.62118539112,261091.7796361932
2021-05-18,0.000849941507428813,0.0008499415074287864,0.0,0.0,0.5443391313368147,0.45566086866318534,0.0005033760913715213,0.00858515558567996,1.0,0.0006929771947892238,2.0156719558786236,2.013354793638128,1.3639124273360896,2.61272710285228,201567.19558786237,201335.47936381283,136391.24273360896,261272.710285228
2021-05-19,0.0003699999473036064,0.0003699999473036897,0.0,0.0,0.5445076634773253,0.45549233652267473,-0.002955123756650413,-0.007332570196484367,1.0,0.005749398608992262,2.0164177543960804,1.9985917282833483,1.3598818973200781,2.627748712423095,201641.77543960803,199859.17282833482,135988.18973200783,262774.8712423095
2021-05-20,0.000137040407502953,0.000137040407502953,0.0,0.0,0.5445700757797294,0.4554299242202706,0.0027338093332327507,-0.02157072383947678,1.0000000000000002,-0.0026761549282549035,2.016694085106839,1.9554806580446855,1.363599555143066,2.6207164497561286,201669.40851068392,195548.06580446856,136359.9555143066,262071.64497561287
2021-05-21,-0.005439822820011172,-0.005439822820011209,0.0,0.0,0.5420790670388466,0.45792093296115344,-0.010076334111649543,-0.009096321627580228,1.0,-0.010685849030555139,2.0057236266016933,1.9376929770425988,1.3498594704309477,2.5927118694221423,200572.36266016934,193769.2977042599,134985.94704309475,259271.18694221423
2021-05-24,0.003561861208401762,0.003561861208401851,0.0,0.0,0.5437043288893373,0.4562956711106627,0.004175959019506736,0.008024966960098912,1.0,0.009833124842693719,2.012867735782061,1.9532428991621813,1.3554964282615605,2.618206328915304,201286.7735782061,195324.28991621814,135549.64282615605,261820.6328915304
2021-05-25,0.02038065600211031,0.020380656002110253,0.0,0.0,0.5528181875786962,0.44718181242130384,0.03159483201728608,0.027905290204969013,1.0000000000000002,0.03804031467846625,2.053891300682782,2.007748709104097,1.3983231102125158,2.717803721560394,205389.1300682782,200774.87091040972,139832.31102125157,271780.3721560394
2021-05-26,-0.0005647770567196167,-0.0005647770567196453,0.0,0.0,0.5525654868312738,0.4474345131687262,0.0003967298927514129,-0.008056067864096517,1.0000000000000004,-0.0032789878123987704,2.05273130999916,1.9915741492495023,1.398877866790062,2.7088920762809057,205273.13099991603,199157.41492495022,139887.7866790062,270889.2076280906
2021-05-27,0.0003945298223949407,0.00039452982239485124,0.0,0.0,0.5527419434728803,0.4472580565271197,0.0033154217859296953,0.0020833180298993614,1.0000000000000002,0.0012092079318715143,2.0535411737183185,1.9957232315825153,1.4035157369454727,2.7121676900661282,205354.11737183185,199572.32315825153,140351.57369454726,271216.7690066128
2021-05-28,0.0036226754482919553,0.0036226754482919787,0.0,0.0,0.5543563657254542,0.4456436342745458,-0.003210802082338038,0.04026332552959255,1.0000000000000002,0.013098693918669024,2.0609804869104047,2.0760776857226926,1.399009325694694,2.747693544494408,206098.04869104046,207607.76857226927,139900.9325694694,274769.35444944084
2021-05-31,0.0016092928982506564,0.001609292898250736,0.0,0.0,0.5550723845771897,0.44492761542281034,0.0019695212822936625,0.03667635750754661,1.0000000000000002,0.009399809290632444,2.064297208171423,2.152220653137698,1.401764704335777,2.7735213398017575,206429.7208171423,215222.0653137698,140176.4704335777,277352.1339801758
2021-06-01,0.00014981247001398165,1.4398379732716293e-05,0.1353938066006765,0.00013539380660067648,0.5818524592072732,0.41814754079272676,0.0018962519483005646,-0.002804082730958779,1.0,0.004109435370318826,2.0643269307065073,2.1461856483710218,1.4044228033874326,2.784918946495873,206432.69307065074,214618.56483710217,140442.28033874327,278491.8946495873
2021-06-02,-0.006475154825272497,-0.0064751548252725,0.0,0.0,0.5791272429435937,0.42087275705640625,-0.009680475056536575,0.0012580427244845982,1.0,-0.011757303647311423,2.050960094220203,2.148885641611348,1.3908273234704094,2.7521758088087704,205096.00942202032,214888.5641611348,139082.73234704093,275217.58088087704
2021-06-03,-0.009096757979183362,-0.009096757979183412,0.0,0.0,0.5752635179615603,0.4247364820384397,-0.006555802773928865,-0.02635417547745056,0.9999999999999999,-0.015721206407749544,2.0323030066181187,2.0922535323313487,1.381709333845146,2.708908284848073,203230.30066181187,209225.35323313487,138170.93338451462,270890.8284848073
2021-06-04,0.0049315563241253135,0.00493155632412523,0.0,0.0,0.5773478508406522,0.4226521491593478,0.005135777473745495,0.03672001922591339,0.9999999999999999,0.011092414435776021,2.042325423362945,2.169081122264041,1.3888054855171719,2.738956618212115,204232.54233629451,216908.1122264041,138880.5485517172,273895.66182121146
2021-06-07,-0.006329716018671205,-0.006329716018671161,0.0,0.0,0.5746555412063732,0.4253444587936268,-0.0008803016879074255,-0.03708320029661882,1.0,-0.012156799296183185,2.0293980834153453,2.088644652547509,1.387582917704096,2.7056596723235575,202939.80834153455,208864.4652547509,138758.2917704096,270565.96723235573
2021-06-08,-0.0009113232691215941,-0.0009113232691215778,0.0,0.0,0.574267561328592,0.425732438671408,-0.00862318881770796,-0.0005264688913575455,1.0,8.835745585922261e-05,2.027548645719618,2.0875450461128424,1.3756175282045073,2.7058987375286248,202754.8645719618,208754.50461128424,137561.75282045073,270589.87375286245
2021-06-09,0.004098193334975213,0.0040981933349752975,0.0,0.0,0.5760051740981669,0.42399482590183313,0.0008275804071771198,-0.0028090079907030496,1.0,0.005323943247919516,2.0358579320658445,2.081681115397359,1.3767559623186187,2.7203047888418443,203585.79320658447,208168.1115397359,137675.59623186188,272030.47888418444
2021-06-10,0.00948405181687327,0.009484051816873285,0.0,0.0,0.5799885841299566,0.4200114158700434,0.00668773692100566,0.03220657897462398,1.0,0.024264118445920024,2.0551661141853494,2.148724942640387,1.3859633439990315,2.786310586447306,205516.61141853494,214872.49426403872,138596.33439990316,278631.0586447306
2021-06-11,0.0032024316304866546,0.003202431630486613,0.0,0.0,0.5813293482678202,0.41867065173217977,-0.008872287995568717,0.022104224380227855,1.0,0.010561779586522935,2.061747643155321,2.1962208409039023,1.3736666780597706,2.815738984720958,206174.7643155321,219622.08409039024,137366.66780597705,281573.89847209584
2021-06-15,-0.00976841446031447,-0.009768414460314512,0.0,0.0,0.5771992553600476,0.42280074463995243,-0.01112791165042959,-0.024741550120600753,1.0,-0.015851097369715017,2.041607637664403,2.1418829328927704,1.3583806366291824,2.7711064319064436,204160.7637664403,214188.29328927703,135838.06366291823,277110.64319064433
2021-06-16,-0.014878085506577347,-0.014878085506577321,0.0,0.0,0.5708137861724775,0.42918621382752253,-0.01665905360626807,-0.023473725179001037,1.0000000000000002,-0.03806143679898,2.0112324246603506,2.091604961560453,1.3357513007858604,2.6656341395851895,201123.24246603507,209160.4961560453,133575.13007858602,266563.41395851894
2021-06-17,0.003075535526020808,0.0030755355260208006,0.0,0.0,0.5721297164301252,0.4278702835698748,0.004212192131074044,0.013676004560292387,1.0,0.014492050274641066,2.0174180414334786,2.1202097605530836,1.3413777419041024,2.7042646435498576,201741.80414334786,212020.97605530836,134137.77419041024,270426.46435498574
2021-06-18,0.0015839792110690864,0.0015839792110690087,0.0,0.0,0.572806382239759,0.427193617760241,0.00011368336048023231,0.015556575731841882,1.0000000000000002,0.009234769901127926,2.020613589671145,2.153192964260518,1.3415302342334754,2.7292379052847964,202061.35896711447,215319.2964260518,134153.02342334753,272923.7905284796
2021-06-21,-0.0028150142925473026,-0.0028150142925472688,0.0,0.0,0.5716004313310348,0.4283995686689652,-0.0023674808475110387,-0.007054428256404899,1.0000000000000002,-0.0006543497897825157,2.0149255335365055,2.1380034189719463,1.3383541870975706,2.7274520290352067,201492.55335365055,213800.34189719462,133835.41870975707,272745.20290352067
2021-06-22,0.004005509215639363,0.004005509215639469,0.0,0.0,0.5733095438852278,0.4266904561147722,0.006241172090939884,0.01565442172101461,1.0000000000000002,0.002603559480536255,2.0229963363299133,2.1714726261335042,1.3467070858978765,2.734553112623109,202299.63363299132,217147.2626133504,134670.70858978765,273455.3112623109
2021-06-23,0.006872264427505119,0.006872264427505215,0.0,0.0,0.5762218593265324,0.42377814067346764,0.004925656363721664,0.016433852003366223,1.0000000000000002,0.016180932822942307,2.036898902089047,2.2071582859007433,1.3533405022255984,2.7788007328392315,203689.8902089047,220715.82859007432,135334.05022255983,277880.07328392315
2021-06-24,0.006883220917700751,0.006883220917700772,0.0,0.0,0.5791188770757102,0.4208811229242898,0.001666864177767735,0.00042513227403562226,1.0000000000000002,0.008752436642406547,2.050919327219148,2.2080966201219847,1.3555963370290804,2.80312201019528,205091.9327219148,220809.66201219847,135559.63370290803,280312.201019528
2021-06-25,0.011085059021916203,0.011085059021916255,0.0,0.0,0.5837332189129233,0.4162667810870767,0.016291793784680708,0.025693322989600587,1.0,0.020692092290372832,2.0736538890105614,2.264829959775024,1.3776814330072267,2.861124469531416,207365.38890105614,226482.9959775024,137768.14330072267,286112.4469531416
2021-06-28,0.0014476598956792816,0.0014476598956791875,0.0,0.0,0.5843349605206136,0.4156650394793864,0.002250012881753083,0.004379730630714285,1.0,0.010007957179325233,2.076655834583201,2.27474930492321,1.3807812339784449,2.889758480707206,207665.5834583201,227474.930492321,138078.1233978445,288975.8480707206
2021-06-29,-0.0033827085245525233,-0.003382708524552469,0.0,0.0,0.5829241143668972,0.4170758856331028,-0.011657044495559599,0.008674793348400156,1.0,-0.0020958180741755816,2.069631113188995,2.294482285062836,1.3646854056953244,2.8837020726533376,206963.1113188995,229448.2285062836,136468.54056953243,288370.20726533374
2021-06-30,0.005237733860123854,0.005237733860123939,0.0,0.0,0.5850972644734227,0.4149027355265773,0.006454049097011083,0.035567068003182545,1.0,0.01207188941372661,2.0804712901485107,2.3760902925277634,1.3734931523056564,2.9185138051765427,208047.12901485106,237609.02925277635,137349.31523056564,291851.3805176543
2021-07-01,-0.0002308106931039524,-0.0004992150902302095,0.26846636203334706,0.00026846636203334707,0.8228259938594875,0.17717400614051249,0.0010757957442897315,0.010277848629656194,1.0,-0.005538604555974769,2.079432687485678,2.4005113888847593,1.3749707503937179,2.902349311318517,207943.2687485678,240051.13888847592,137497.0750393718,290234.9311318517
2021-07-02,-0.027611343121589704,-0.02761134312158975,0.0,0.0,0.817795071047742,0.18220492895225804,-0.028403376127702384,-0.0046779134926207,1.0,-0.02947643569631264,2.0220167580532613,2.3892820042695058,1.335916939005696,2.8167983984751994,202201.67580532614,238928.20042695059,133591.6939005696,281679.83984751994
2021-07-05,0.00460882102298422,0.004608821022984211,0.0,0.0,0.8186309684532531,0.18136903154674688,0.0009190887048524665,0.0230489218263632,1.0,0.007163310361593345,2.0313358713966037,2.44435237840705,1.3371447651749573,2.8369759996295163,203133.58713966038,244435.237840705,133714.47651749573,283697.5999629516
2021-07-06,0.005338012697187599,0.0053380126971875885,0.0,0.0,0.8195939780888636,0.18040602191113642,-0.000528924709828682,-0.00197182488237313,1.0,0.0019630728134953923,2.0421791680703714,2.439532543566019,1.3364375162680382,2.842545190086928,204217.91680703714,243953.25435660192,133643.75162680383,284254.51900869276
2021-07-07,0.012810528063130412,0.012810528063130322,0.0,0.0,0.8218758426058824,0.17812415739411758,0.011290354311345396,0.037144119264194364,1.0,0.022085776649174216,2.068340561612877,2.5301468313131186,1.3515263693416788,2.9053250082703723,206834.0561612877,253014.68313131185,135152.63693416788,290532.5008270372
2021-07-08,-0.010183219014116859,-0.010183219014116895,0.0,0.0,0.8200433041590778,0.17995669584092222,-0.010160509990292721,0.009505541978275245,1.0,-0.004325694040807515,2.047278196678192,2.5541972482293653,1.3377941721638387,2.892757461195488,204727.8196678192,255419.72482293652,133779.41721638388,289275.7461195488
2021-07-09,8.478076157783336e-06,8.478076157780734e-06,0.0,0.0,0.8200448298327154,0.17995517016728457,-0.0036987103646434205,-0.01910283675777802,1.0000000000000002,-0.0012920405696191795,2.0472955536586595,2.505404835149274,1.3328460589934967,2.889019901197555,204729.55536586593,250540.48351492741,133284.60589934967,288901.9901197555
2021-07-12,0.015735091200267885,0.015735091200267837,0.0,0.0,0.8228325754162572,0.1771674245837428,0.012480668476202661,0.056411610023156866,1.0000000000000002,0.024765872103291287,2.0795099359093814,2.6467387556598467,1.349480868785608,2.9605689985744768,207950.99359093813,264673.8755659847,134948.0868785608,296056.89985744766
2021-07-13,-0.001639867371864555,-0.0016398673718645007,0.0,0.0,0.8225415671223189,0.17745843287768115,0.001829442925861846,-0.005295934887525444,1.0000000000000002,-0.0052737792104141645,2.0760998154160157,2.6327217995455823,1.3519496670145936,2.944955611338798,207609.98154160156,263272.1799545582,135194.96670145937,294495.5611338798
2021-07-14,-0.017336180305464792,-0.0173361803054648,0.0,0.0,0.8194108408989303,0.18058915910106965,-0.011475856167713627,-0.05035176063917113,1.0000000000000002,-0.023069702055619756,2.0401081746838217,2.5001596216653352,1.3364348870899458,2.8770163628181864,204010.81746838216,250015.9621665335,133643.48870899458,287701.6362818186
2021-07-15,0.016877132387076294,0.01687713238707622,0.0,0.0,0.8224080831898105,0.1775919168101895,0.01345047992461268,-0.0024741529946402663,1.0,0.020463614765857674,2.074539350431917,2.493973844250313,1.3544105777093012,2.9358905173419667,207453.93504319168,249397.3844250313,135441.0577709301,293589.05173419666
2021-07-16,-0.021320083165563625,-0.021320083165563664,0.0,0.0,0.8185393265403723,0.18146067345962769,-0.011004647226223185,-0.06464716424735295,1.0000000000000002,-0.0349104630125292,2.0303099989504743,2.332745507512461,1.339505767102145,2.833397220027465,203030.99989504743,233274.5507512461,133950.57671021452,283339.7220027465
2021-07-19,0.002841353846097192,0.0028413538460971832,0.0,0.0,0.819053459688624,0.18094654031137603,0.003674356251606836,-0.005455195661586809,1.0,0.00273263979948557,2.036078828074762,2.320019924340293,1.3444275884915602,2.8411398740386637,203607.88280747618,232001.9924340293,134442.75884915603,284113.98740386637
2021-07-20,-0.0024602860751893304,-0.002460286075189333,0.0,0.0,0.818607181463038,0.18139281853696199,-0.0008800251882764565,0.012793483510679993,1.0000000000000002,0.0003627559374017597,2.0310694916860617,2.3497010609867894,1.343244458349874,2.84217051439696,203106.94916860617,234970.10609867895,134324.4458349874,284217.051439696
2021-07-21,0.012060144243944616,0.012060144243944526,0.0,0.0,0.8207687363556141,0.1792312636443859,0.006860455784802877,0.05953852745561128,1.0,0.019958020452900627,2.055564482725271,2.4895988021188304,1.3524597275645647,2.8988946116539256,205556.44827252708,248959.88021188305,135245.97275645647,289889.46116539254
2021-07-22,0.0032293993106056735,0.0032293993106056185,0.0,0.0,0.8213456824854322,0.17865431751456784,0.0014988219376210754,0.017563041182462324,1.0,0.0034489160077695313,2.0622027212486893,2.533323728408252,1.3544868238739876,2.9088926556848955,206220.27212486893,253332.3728408252,135448.68238739876,290889.26556848956
2021-07-23,-0.007390848232640176,-0.007390848232640135,0.0,0.0,0.8200154439474288,0.17998455605257124,-0.012135682049788987,0.010507229675822849,1.0,-0.009636950095931685,2.0469612939110027,2.5599419426658496,1.3380492024388244,2.880859802327638,204696.12939110026,255994.19426658496,133804.92024388243,288085.9802327638
2021-07-26,-0.029385101376175643,-0.02938510137617567,0.0,0.0,0.8145664605934232,0.1854335394065768,-0.03221115964497567,-0.02766853686953341,1.0,-0.031789252174297844,1.9868111287763202,2.4891120946413348,1.2949490859662351,2.7892794235926472,198681.11287763203,248911.20946413348,129494.90859662351,278927.9423592647
2021-07-27,-0.03980474739819642,-0.039804747398196394,0.0,0.0,0.8068793415671295,0.19312065843287052,-0.035325766958357874,-0.06465088830122356,1.0,-0.049943640555525914,1.9077266136674533,2.3281887866414532,1.2492040163324534,2.6499726546518114,190772.66136674533,232818.87866414533,124920.40163324533,264997.26546518115
2021-07-28,0.00837721995339935,0.00837721995339935,0.0,0.0,0.8084837156061547,0.19151628439384527,0.0019299940437478291,0.026451182446792343,1.0,0.012828133030282851,1.9237080591210993,2.3897721330074826,1.251614972643401,2.6839668563922965,192370.80591210994,238977.21330074826,125161.4972643401,268396.68563922966
2021-07-29,0.024571544825236664,0.024571544825236602,0.0,0.0,0.813076709614737,0.186923290385263,0.018861543373777545,0.07795763979240511,1.0,0.037143271038988956,1.9709765379264623,2.5760731281384075,1.275222362737184,2.783658164798939,197097.65379264622,257607.31281384075,127522.23627371839,278365.81647989387
2021-07-30,-0.012242673867458764,-0.012242673867458809,0.0,0.0,0.8107599048471335,0.18924009515286655,-0.008061406890750522,0.009255712850521292,1.0,-0.01676073144428125,1.9468465149722156,2.599916521294401,1.2649422763949751,2.7370020178660632,194684.65149722155,259991.65212944007,126494.22763949752,273700.20178660634
2021-08-02,0.026898084327036574,0.026526040511460236,0.3622986752577281,0.0003622986752577281,0.5,0.5,0.025476131585456363,0.05405507732078374,1.0,0.031899014879068766,1.9984886444979637,2.740455209880553,1.2971681122764203,2.824309685958014,199848.86444979638,274045.5209880553,129716.81122764203,282430.9685958014
2021-08-03,-0.0007715648545277185,-0.0007715648545276732,0.0,0.0,0.4996139196867353,0.5003860803132647,0.00014593391625838947,-0.016901911942317827,1.0,-0.010361449224242647,1.9969466808976963,2.694136277241286,1.2973574130990904,2.7950457445534234,199694.66808976964,269413.6277241286,129735.74130990903,279504.5744553423
2021-08-04,0.009811292054447465,0.009811292054447529,0.0,0.0,0.5044756537677094,0.4955243462322906,0.008995918499693945,0.04384527695262652,1.0,0.03568161043156182,2.016539308001143,2.8122614284650482,1.3090283346523035,2.894777477948973,201653.93080011432,281226.1428465048,130902.83346523035,289477.7477948973
2021-08-05,-0.005769178791008579,-0.005769178791008578,0.0,0.0,0.5016002967703923,0.4983997032296077,-0.006061640740331664,-0.02974691755488512,1.0,-0.015246294961094864,2.0049055321941878,2.728605319609715,1.3010934751687266,2.850642846673429,200490.55321941877,272860.53196097154,130109.34751687266,285064.2846673429
2021-08-06,-0.0018074609412478773,-0.0018074609412478404,0.0,0.0,0.5006978275958915,0.49930217240410846,-0.005478239607813795,-0.007195109306857073,1.0,-0.006088477884915733,2.001281743753855,2.7089727060798516,1.2939657733595893,2.8332867707436646,200128.1743753855,270897.27060798515,129396.57733595892,283328.6770743665
2021-08-09,0.0032094886917637395,0.00320948869176374,0.0,0.0,0.5022952055056578,0.49770479449434224,0.01300400685961356,-0.009529298506715578,1.0,-0.00743344930546419,2.0077048348794664,2.683158096517072,1.3107925131524625,2.8122256771654994,200770.48348794665,268315.8096517072,131079.25131524625,281222.56771654997
2021-08-10,0.004195569626531016,0.004195569626531004,0.0,0.0,0.5043746362280378,0.4956253637719622,0.011551360328629023,-0.005285088463973908,1.0,0.005255566573541204,2.016128300303726,2.668977368614151,1.3259339497879559,2.8270055164316648,201612.8300303726,266897.7368614151,132593.39497879558,282700.55164316646
2021-08-11,-0.0014949510111106885,-0.0014949510111106346,0.0,0.0,0.5036325912684722,0.49636740873152785,-0.005514410636209388,2.7625944477804865e-05,1.0,-0.0011537181426262144,2.0131142872626584,2.669051101634749,1.318622205512334,2.8237439488780534,201311.42872626585,266905.1101634749,131862.2205512334,282374.39488780533
2021-08-12,-0.001768954021701557,-0.0017689540217015187,0.0,0.0,0.5027529841600229,0.4972470158399771,-0.008372313741441206,0.013810806811063614,0.9999999999999998,-0.005311456819986793,2.0095531806480604,2.705912850768283,1.3075822867013536,2.8087457548228887,200955.31806480605,270591.2850768283,130758.22867013536,280874.57548228884
2021-08-13,-0.0007884908179616162,-0.0007884908179616179,0.0,0.0,0.5023606000625163,0.49763939993748374,-0.005503332763630353,-0.0005716826596310343,0.9999999999999998,-0.003099941203118739,2.007968666416914,2.704365927313026,1.3003862262618073,2.8000388081284284,200796.86664169142,270436.5927313026,130038.62262618073,280003.88081284286
2021-08-16,-0.0015402703230257332,-0.0015402703230257275,0.0,0.0,0.5015929184259819,0.49840708157401814,-0.000992725405278616,-0.02119660555037317,0.9999999999999998,-0.014245493550092636,2.0048758518704664,2.6470425494879026,1.299095299818323,2.760150873347226,200487.58518704664,264704.25494879024,129909.5299818323,276015.0873347226
2021-08-17,-0.010618600781244636,-0.010618600781244658,0.0,0.0,0.49624373172208924,0.5037562682779108,-0.020981285430078933,-0.025964324420869822,0.9999999999999998,-0.019261670886532634,1.983586875583496,2.5783138779771524,1.2718386105319608,2.706985755627636,198358.6875583496,257831.38779771523,127183.86105319607,270698.5755627636
2021-08-18,0.004443679427307135,0.004443679427307057,0.0,0.0,0.4984723597791645,0.5015276402208355,0.011750113697440723,-0.00015055501166605367,0.9999999999999998,0.008928027317398834,1.9924012997748026,2.577925699901175,1.2867828588105064,2.731153798401689,199240.12997748028,257792.56999011748,128678.28588105063,273115.3798401689
2021-08-19,-0.006774534107367678,-0.0067745341073677245,0.0,0.0,0.49505156941369577,0.5049484305863042,-0.006558730262512524,0.006197134504695168,0.9999999999999998,-0.00831418558871344,1.9789037092139143,2.593901452206573,1.2783431971331436,2.708446478850458,197890.37092139144,259390.1452206573,127834.31971331435,270844.6478850458
2021-08-20,-0.012065811628404182,-0.012065811628404144,0.0,0.0,0.48888454663300324,0.5111154533669968,-0.019100642926777045,-0.026106987662502967,0.9999999999999998,-0.025973412060985024,1.955026629827789,2.5261824989960675,1.253926020186829,2.638098882410151,195502.6629827789,252618.24989960674,125392.6020186829,263809.8882410151
2021-08-23,0.006837322264601598,0.006837322264601653,0.0,0.0,0.49235547584054173,0.5076445241594583,0.01396649801751626,0.015053951249146325,0.9999999999999998,0.02315438886506893,1.9683937769317996,2.564211527182401,1.2714389754618804,2.6991824497979793,196839.37769317997,256421.1527182401,127143.89754618805,269918.2449797979
2021-08-24,0.005407289616795387,0.005407289616795374,0.0,0.0,0.49508569372622735,0.5049143062737727,0.01085841666873466,0.02014068342319386,0.9999999999999998,0.013941753125947809,1.9790374521635676,2.6158564997814864,1.2852447896263146,2.7368137851549537,197903.74521635677,261585.64997814863,128524.47896263146,273681.3785154954
2021-08-25,0.0026112632772922893,0.0026112632772923305,0.0,0.0,0.49640072402205954,0.5035992759779404,0.0019986130402851465,-0.007856958600469532,0.9999999999999999,0.00977108954515482,1.9842052399867884,2.595303823557934,1.2878134966228203,2.7635554377181166,198420.52399867884,259530.3823557934,128781.34966228202,276355.54377181164
2021-08-26,-0.011940963881574108,-0.011940963881574063,0.0,0.0,0.4903145889375981,0.5096854110624018,-0.019711483495843396,-0.02338255664134614,1.0,-0.02441904168562692,1.9605119168824763,2.534618984902089,1.2624287821384153,2.696072062283937,196051.19168824764,253461.89849020887,126242.87821384153,269607.2062283937
2021-08-27,0.0027982047131776947,0.002798204713177599,0.0,0.0,0.49173681338192754,0.5082631866180725,0.005296140252956771,0.001748815099642309,0.9999999999999998,0.000751884108187717,1.9659978305685377,2.539051564854726,1.2691147820279898,2.6980991960220972,196599.78305685378,253905.15648547257,126911.47820279897,269809.9196022097
2021-08-30,-0.0025406005693346116,-0.0025406005693345834,0.0,0.0,0.49044223062293923,0.5095577693770608,-0.0028526799032118078,-0.001367330299553382,0.9999999999999998,-0.0005665293424579332,1.9610030153608848,2.5355798427179717,1.2654944037944296,2.6965706436586885,196100.3015360885,253557.98427179718,126549.44037944295,269657.06436586886
2021-08-31,-0.0047082784608699245,-0.0047082784608699635,0.0,0.0,0.488031741498789,0.5119682585012111,-0.0015914336822993036,-0.010292520947471795,0.9999999999999998,-0.017462921980538004,1.9517700671019602,2.5094823340728096,1.2634804533754698,2.6494806408934677,195177.00671019603,250948.23340728096,126348.04533754698,264948.0640893468
2021-09-01,0.003995930961687975,0.0038779743626160545,0.11748712861700436,0.00011748712861700436,0.5,0.5,0.013286554672559792,-0.021180331599657154,1.0,-0.0016116516446604834,1.959338981383903,2.456330666093666,1.2802677554969535,2.6452106010610756,195933.8981383903,245633.0666093666,128026.77554969535,264521.06010610756
2021-09-02,0.0017955096077734798,0.0017955096077735266,0.0,0.0,0.5008961457655546,0.49910385423444537,-1.026807900672555e-05,0.015353797241889122,1.0,0.003527031367900557,1.962856993349863,2.4940446690999023,1.2802546096064902,2.654540341825721,196285.6993349863,249404.46690999024,128025.46096064901,265454.0341825721
2021-09-03,-0.0020429234819016678,-0.002042923481901715,0.0,0.0,0.4998744274895736,0.5001255725104263,-0.005411333200531332,-0.0001376881296464294,1.0,-0.006642828023784908,1.9588470267065334,2.493701268754159,1.2733267253323932,2.6369066868527735,195884.70267065335,249370.1268754159,127332.67253323933,263690.66868527734
2021-09-06,0.01115013501082253,0.011150135010822515,0.0,0.0,0.5053894024302599,0.49461059756974013,0.018721634668990017,-0.002160942032055968,1.0,0.032895433741573665,1.9806884355198595,2.488312524867117,1.2971654830983277,2.7236488760528514,198068.84355198595,248831.2524867117,129716.54830983277,272364.88760528516
2021-09-07,0.005024122780063735,0.005024122780063811,0.0,0.0,0.5078619643461242,0.4921380356538758,0.011978766572147359,0.007973425774373766,1.0000000000000002,0.006254720597523189,1.9906396574089638,2.5081529000875893,1.3127039256258093,2.74068453877832,199063.96574089638,250815.29000875892,131270.39256258094,274068.453877832
2021-09-08,-0.005182938142581694,-0.005182938142581639,0.0,0.0,0.505297954243962,0.49470204575603804,-0.004145945285539465,-0.011797072920396556,1.0000000000000002,-0.012672289479095378,1.9803222952004431,2.4785640374297517,1.3072615269740517,2.7059537909320404,198032.22952004432,247856.40374297518,130726.15269740517,270595.37909320404
2021-09-09,-0.0006288463484337018,-0.0006288463484337425,0.0,0.0,0.5049866669170268,0.49501333308297324,-0.00042637662329825243,0.028429973864789737,1.0000000000000002,0.0011792043416509745,1.9790769767563845,2.549029548236087,1.3067041412184128,2.709144663390614,197907.69767563845,254902.9548236087,130670.41412184128,270914.46633906144
2021-09-10,0.009317355974796897,0.009317355974796993,0.0,0.0,0.5095563054051614,0.4904436945948386,0.008754509548270617,0.038746518998074464,1.0000000000000002,0.01337555775101995,1.9975167414503487,2.64779557005347,1.3181436950994743,2.7453809842916628,199751.67414503486,264779.557005347,131814.36950994743,274538.0984291663
2021-09-13,-0.0013487446816269535,-0.0013487446816269344,0.0,0.0,0.5088939287033855,0.49110607129661454,-0.00436020999218123,0.02006476483634878,1.0000000000000004,0.0013112401748072156,1.9948226013688568,2.700922965501319,1.3123963117889708,2.7489808381334178,199482.26013688568,270092.2965501319,131239.63117889708,274898.0838133418
2021-09-14,-0.007274139889150733,-0.00727413988915071,0.0,0.0,0.5052953780797279,0.4947046219202721,-0.014924894724400284,-0.04611292685876056,1.0000000000000004,-0.0016200172895105558,1.9803119827124602,2.5763755023420103,1.2928089349988292,2.7445274416471084,198031.19827124602,257637.55023420101,129280.89349988292,274452.74416471086
2021-09-15,-0.008082681252790313,-0.008082681252790325,0.0,0.0,0.5012642560318602,0.4987357439681398,-0.010135932123420899,-0.014956702320472193,1.0000000000000004,-0.015672767054474512,1.9643057521751142,2.537841420887724,1.279705111385129,2.70151310237956,196430.57521751142,253784.1420887724,127970.5111385129,270151.310237956
2021-09-16,-0.009452023174067386,-0.009452023174067348,0.0,0.0,0.49650521162410927,0.5034947883758907,-0.012249040539763167,-0.03604550267454065,1.0000000000000002,-0.024395990057282546,1.945739088684601,2.4463636511635554,1.2640299515968305,2.63560701559429,194573.9088684601,244636.36511635553,126402.99515968305,263560.701559429
2021-09-17,0.003576069209440004,0.0035760692094399804,0.0,0.0,0.4982993279497833,0.5017006720502166,0.010033903945753542,-0.00750792535953082,1.0000000000000004,0.007000614175513009,1.95269718632925,2.42799653546835,1.2767131067157087,2.654057883428741,195269.71863292498,242799.653546835,127671.31067157087,265405.7883428741
2021-09-22,-0.009305431080368411,-0.00930543108036841,0.0,0.0,0.4935869360853271,0.5064130639146729,-0.007036742628615533,-0.010735603194619525,1.0000000000000004,-0.01994836539645528,1.9345264972410339,2.401930528105651,1.2677292051731701,2.601113766986762,193452.6497241034,240193.0528105651,126772.920517317,260111.37669867618
2021-09-23,0.0004196184138889517,0.0004196184138889336,0.0,0.0,0.4937993472003645,0.5062006527996354,0.006518353218838646,0.0028533708317315387,1.0000000000000004,-0.0010545829275863117,1.9353382601814322,2.408784126614393,1.2759927119183263,2.598370676815388,193533.8260181432,240878.4126614393,127599.27119183262,259837.06768153879
2021-09-24,0.0033344945522756093,0.0033344945522755243,0.0,0.0,0.4954816608537707,0.5045183391462293,-0.0007768070551388284,-0.01666775498729156,1.0000000000000004,0.009348053104471843,1.9417916350668176,2.3686351029747073,1.2750015117774025,2.6226603838873603,194179.16350668177,236863.51029747073,127500.15117774025,262266.038388736
2021-09-27,0.008744984797510678,0.008744984797510735,0.0,0.0,0.49985541762321306,0.5001445823767869,0.005761501867229679,-0.019826016076353814,1.0000000000000004,0.021357048648156463,1.9587725733954104,2.321674505344115,1.2823474353682287,2.6786726692936353,195877.25733954104,232167.45053441147,128234.74353682288,267867.26692936354
2021-09-28,-0.0002523618975548128,-0.0002523618975548425,0.0,0.0,0.49972916832684067,0.5002708316731593,0.0013244843019906138,0.00947196938353323,1.0000000000000004,-0.007549899408797689,1.95827825383191,2.343665335177264,1.2840458844160718,2.658448960091373,195827.825383191,234366.53351772638,128404.58844160718,265844.8960091373
2021-09-29,-0.0006923019503571406,-0.0006923019503571881,0.0,0.0,0.4993825899174578,0.5006174100825422,-0.01021739085922313,-0.016673881803254686,1.0000000000000004,-0.0039146462679267024,1.95692253397744,2.304587336392133,1.270926285733816,2.6480420727912777,195692.253397744,230458.7336392133,127092.62857338159,264804.2072791278
2021-09-30,0.0034484452843871393,0.003448445284387036,0.0,0.0,0.5011030088938329,0.49889699110616714,0.006712964399567145,-0.002726937863433143,1.0000000000000004,0.019313530645534982,1.9636708742616453,2.2983028699249366,1.2794579686444212,2.699185114514798,196367.08742616454,229830.28699249367,127945.79686444212,269918.5114514798
2021-10-08,0.012193935205058983,0.012072397886442765,0.12007315435223496,0.00012007315435223497,0.5,0.5,0.013061043321729748,0.01792678781799606,1.0,0.020353378512905085,1.9873770903737509,2.339504057815572,1.2961690246012183,2.754122650826917,198737.70903737508,233950.4057815572,129616.90246012183,275412.2650826917
2021-10-11,0.000565599148553748,0.0005655991485538081,0.0,0.0,0.5002826397134954,0.4997173602865046,0.0012677639078770842,-0.0008903340970690676,1.0,0.0022696877914616387,1.9885011491639215,2.3374211175826676,1.297812260909116,2.760373649383687,198850.11491639217,233742.11175826675,129781.2260909116,276037.3649383687
2021-10-12,-0.005814732006152805,-0.00581473200615279,0.0,0.0,0.49735992236650484,0.5026400776334952,-0.01060534541822733,-0.007071492100427346,0.9999999999999998,-0.012754644612105959,1.9769385478876065,2.3208920626143095,1.2840485135941644,2.725166064489176,197693.85478876065,232089.20626143095,128404.85135941644,272516.6064489176
2021-10-13,0.006228511354177796,0.00622851135417779,0.0,0.0,0.5004712429018291,0.4995287570981709,0.011521671471628858,0.004580892515060775,0.9999999999999997,0.02192906743427714,1.9892519320796362,2.3315238196922032,1.2988428987214298,2.7849264148869626,198925.19320796363,233152.38196922033,129884.28987214298,278492.6414886963
2021-10-14,-0.0017491045833277854,-0.0017491045833277763,0.0,0.0,0.49959598394382965,0.5004040160561704,-0.005364253022705934,-0.010725274554273412,0.9999999999999997,0.004314217319052238,1.9857725224078422,2.306517586596176,1.2918755767759431,2.796941192658354,198577.25224078423,230651.7586596176,129187.5576775943,279694.1192658354
2021-10-15,0.008610603444663618,0.008610603444663578,0.0,0.0,0.5038679800240426,0.49613201997595735,0.0037650525784505007,0.006785376463460446,0.9999999999999997,0.028021115284843967,2.0028712221296052,2.3221681767408233,1.2967395562473205,2.875314604262763,200287.12221296053,232216.81767408233,129673.95562473206,287531.46042627626
2021-10-18,-0.0045853725838562445,-0.004585372583856273,0.0,0.0,0.5015825503149413,0.49841744968505874,-0.011623828341217002,-0.030418938218716995,0.9999999999999998,0.0002408068619645931,1.9936873113386575,2.2515302864390736,1.2816664782422358,2.876006999749776,199368.73113386575,225153.02864390737,128166.64782422358,287600.6999749776
2021-10-19,0.0058962459945184325,0.005896245994518434,0.0,0.0,0.50450411593665,0.49549588406335,0.009834289957700859,0.011315018374352448,0.9999999999999999,0.007294954769277551,2.0054425821624604,2.277006393000543,1.2942707580183352,2.8969873407290763,200544.25821624603,227700.6393000543,129427.07580183352,289698.73407290765
2021-10-20,-0.0003267627954429762,-0.0003267627954429697,0.0,0.0,0.5043421533931095,0.4956578466068905,-0.0025473721844834207,-0.00020895226295958302,0.9999999999999998,-0.002179285020528665,2.004787278138213,2.276530607361952,1.290973768690169,2.8906739796127643,200478.7278138213,227653.0607361952,129097.3768690169,289067.3979612764
2021-10-21,0.0036670214074397004,0.0036670214074396856,0.0,0.0,0.5061531005454073,0.4938468994545927,0.003633268026834058,0.003295754415011398,0.9999999999999999,0.0051464747664649035,2.0121388760045082,2.284033493162074,1.2956642224074324,2.905550760306918,201213.88760045083,228403.34931620737,129566.42224074324,290555.0760306918
2021-10-22,0.008144942970434974,0.008144942970434998,0.0,0.0,0.5101429582144169,0.4898570417855831,0.006434632976326959,0.01601434307723304,0.9999999999999999,0.014896885553822514,2.02852763239816,2.3206107891214622,1.3040013461391824,2.9488344174540324,202852.763239816,232061.07891214621,130400.13461391824,294883.4417454032
2021-10-25,0.0034172789712976492,0.0034172789712976215,0.0,0.0,0.5118112354136615,0.48818876458633853,0.003990136559853141,-0.007859320250257595,1.0,0.00977987881671094,2.0354596772190505,2.3023723657535538,1.30920448958451,2.9776736607072793,203545.96772190506,230237.23657535537,130920.448958451,297767.36607072793
2021-10-26,-0.0022464294971685814,-0.0022464294971685783,0.0,0.0,0.5107120846079166,0.4892879153920834,-0.003297506586980248,-1.4898610131153234e-06,1.0,-0.006710336294132757,2.0308871605598484,2.3023689355387282,1.304887379156401,2.957692469069752,203088.71605598484,230236.89355387283,130488.7379156401,295769.2469069752
2021-10-27,-0.005268503521629395,-0.005268503521629442,0.0,0.0,0.5081206163429023,0.4918793836570977,-0.013084564082932126,-0.010030520331815174,1.0,-0.004506170951092292,2.020187424402407,2.2792749771194676,1.2878134966228199,2.9443646011833655,202018.7424402407,227927.49771194675,128781.34966228198,294436.46011833654
2021-10-28,-0.0030987591143759726,-0.0030987591143759596,0.0,0.0,0.5065916627607732,0.49340833723922684,-0.006945465235925208,-0.002033736501171224,1.0000000000000002,-0.010628984349682513,2.0139273502082924,2.2746395324022934,1.2788690327516707,2.9130689959176284,201392.73502082925,227463.95324022934,127886.90327516707,291306.89959176286
2021-10-29,0.010778010970580471,0.010778010970580398,0.0,0.0,0.5118529173725883,0.4881470826274117,0.009175311565867705,0.003703973884924938,1.0,0.027502554033072224,2.0356334812827894,2.2830647378279294,1.2906030545791072,2.99318583337992,203563.34812827894,228306.47378279295,129060.30545791071,299318.583337992
2021-11-01,0.0014465156201447426,0.0014005326079211677,0.04591659315431825,4.591659315431825e-05,0.5,0.5,-0.003683203735355467,-0.005512334363650617,1.0,-0.00029402777978315697,2.038484452351102,2.2704797216191617,1.2858495005876203,2.992305753594853,203848.44523511018,227047.97216191617,128584.95005876203,299230.57535948534
2021-11-02,-0.006319137172093704,-0.006319137172093758,0.0,0.0,0.49682033869802505,0.503179661301975,-0.01039526120036216,0.02675822413843254,1.0,-0.006519737048734209,2.025602989473515,2.331233726912013,1.2724827591646568,2.9727967069120003,202560.2989473515,233123.37269120128,127248.27591646567,297279.6706912
2021-11-03,-0.008366603564364776,-0.008366603564364805,0.0,0.0,0.49257491416624033,0.5074250858337597,-0.0038720208270919265,-0.03230315780614723,1.0,-0.02404973684230538,2.0086555722817976,2.2559275159485614,1.267555679419056,2.9013017284250946,200865.55722817976,225592.75159485615,126755.5679419056,290130.17284250946
2021-11-04,0.009046918050473994,0.009046918050473973,0.0,0.0,0.49712438861204916,0.5028756113879509,0.009879467591488389,0.04329488248649538,1.0,0.020486446766244004,2.026827714635859,2.3535976326496058,1.2800784546742836,2.960739091837287,202682.7714635859,235359.76326496058,128007.84546742836,296073.9091837287
2021-11-05,-0.004589492358456386,-0.004589492358456404,0.0,0.0,0.49480580370863336,0.5051941962913666,-0.005420293546174015,-0.02812229746774586,1.0,-0.013746184505891379,2.0175256043276297,2.287409059904851,1.2731400536878161,2.920040226007086,201752.56043276298,228740.9059904851,127314.00536878161,292004.0226007086
2021-11-08,0.0002837414339648802,0.00028374143396492357,0.0,0.0,0.49494910757307575,0.5050508924269242,0.0012039608867595586,0.02334383312112065,1.0,0.01363598036089897,2.0180980599356624,2.3408059552790093,1.2746728645158232,2.959857837181954,201809.80599356623,234080.59552790094,127467.28645158232,295985.7837181954
2021-11-09,-0.0009715959916414024,-0.0009715959916414274,0.0,0.0,0.4944579249193214,0.5055420750806786,-0.0002970186750492765,0.011328288493879679,1.0000000000000002,0.00048260421960644173,2.0161372839498894,2.3673232804486015,1.2742942628704834,2.9612862770636132,201613.72839498895,236732.32804486016,127429.42628704834,296128.62770636135
2021-11-10,-0.004722995197602981,-0.004722995197602997,0.0,0.0,0.49205892164558823,0.5079410783544118,-0.0052715846115121145,-0.028950255518492507,1.0000000000000002,-0.011500655028665707,2.006615077240086,2.2987886665847386,1.2675767128437971,2.927229545149983,200661.50772400858,229878.86665847385,126757.67128437971,292722.9545149983
2021-11-11,0.00897699887087949,0.008976998870879438,0.0,0.0,0.4965781391222638,0.5034218608777362,0.016066572775601085,0.009196114055570526,1.0000000000000002,0.015383996019200152,2.0246284585227596,2.3199285893523047,1.2879423263493592,2.9722620328198555,202462.84585227596,231992.85893523047,128794.23263493592,297226.20328198554
2021-11-12,-0.004384387467160561,-0.004384387467160522,0.0,0.0,0.4943612228046179,0.5056387771953821,-0.0020964959733803523,-0.020498851312580557,1.0000000000000002,-0.011343822477847265,2.015751702883556,2.2723727181433673,1.2852421604482216,2.9385452199619015,201575.1702883556,227237.27181433674,128524.21604482215,293854.52199619013
2021-11-15,-0.0013401363634829983,-0.0013401363634829577,0.0,0.0,0.49368268856410175,0.5063173114358983,-0.001227400488505448,-0.037258481273761634,1.0000000000000002,-0.01410256101346552,2.013050320726769,2.1877075617774158,1.2836646535926397,2.8971042067065613,201305.0320726769,218770.75617774157,128366.46535926397,289710.42067065614
2021-11-16,-0.002005684191464496,-0.0020056841914645185,0.0,0.0,0.4926651350456841,0.5073348649543159,0.00019252905345346072,-0.006809652339942129,1.0000000000000002,-0.004557371337325256,2.0090127775218645,2.172810033860249,1.2839117963333475,2.8839010270336725,200901.27775218643,217281.0033860249,128391.17963333474,288390.10270336724
2021-11-17,-2.1991065558561943e-05,-2.1991065558557565e-05,0.0,0.0,0.4926539779660527,0.5073460220339473,0.00049761228017009,0.015272171955545755,1.0000000000000002,0.005023111404075742,2.008968597190166,2.205993562324098,1.2845506866098582,2.898387183170791,200896.85971901662,220599.35623240977,128455.06866098581,289838.7183170791
2021-11-18,-0.006738544559097937,-0.006738544559097948,0.0,0.0,0.4892120103374596,0.5107879896625405,-0.009851097579696044,-0.0024702269177415692,1.0000000000000002,-0.010645497488367628,1.9954310727801716,2.2005442576460803,1.271896452449999,2.8675324096920294,199543.10727801715,220054.42576460802,127189.64524499989,286753.24096920295
2021-11-19,0.008061497746712982,0.008061497746713053,0.0,0.0,0.4932967970661629,0.5067032029338371,0.01084004117727333,0.01346351176363103,1.0000000000000002,0.017023033053294778,2.0115172358771103,2.230171311145289,1.2856838623677849,2.9163465086836107,201151.72358771102,223017.1311145289,128568.38623677849,291634.65086836106
2021-11-22,0.0038779251829274145,0.0038779251829275108,0.0,0.0,0.49525416365589947,0.5047458363441005,0.0045684511028492025,0.05942063369486261,1.0000000000000002,0.02408112668384388,2.0193177492220107,2.362689503701645,1.2915574462267343,2.9865754184132065,201931.77492220106,236268.9503701645,129155.74462267343,298657.54184132064
2021-11-23,-0.0028089276811460564,-0.002808927681146045,0.0,0.0,0.49383237540387137,0.5061676245961286,0.00019338816057334896,-0.011175366462156222,1.0000000000000002,-0.007049479588725371,2.0136456316991915,2.336285582661489,1.291807218145535,2.9655216159609137,201364.56316991916,233628.5582661489,129180.72181455349,296552.16159609135
2021-11-24,-0.0012283153793720136,-0.0012283153793719581,0.0,0.0,0.49320987730204763,0.5067901226979523,0.0006736747840068169,-0.01920622850146403,1.0000000000000002,-0.007444422384627392,2.01117223980117,2.2914143479162163,1.2926774760941975,2.943445020460958,201117.223980117,229141.43479162164,129267.74760941975,294344.5020460958
2021-11-25,-0.00487301082714755,-0.004873010827147528,0.0,0.0,0.4907281902592198,0.5092718097407802,-0.00411254794921756,-0.012624235153003815,1.0000000000000002,-0.010826916462690517,2.0013717757013607,2.262486994355155,1.2873612779908865,2.9115765871119046,200137.17757013606,226248.6994355155,128736.12779908864,291157.65871119045
2021-11-26,-0.005692659778323662,-0.005692659778323672,0.0,0.0,0.48781248097068214,0.5121875190293179,-0.007415591736036675,0.0027060517098833614,1.0000000000000002,-0.006478434828000812,1.9899786470923533,2.268609401154819,1.2778147323365237,2.8927141279455673,198997.86470923532,226860.94011548188,127781.47323365236,289271.4127945567
2021-11-29,0.0009635011829843242,0.0009635011829842721,0.0,0.0,0.4883054992275031,0.5116945007724969,-0.001792133132241358,0.029342060436913897,1.0,0.009409399119574724,1.9918959938729401,2.3351750753112546,1.2755247182178373,2.9199328297142397,199189.599387294,233517.50753112545,127552.47182178374,291993.282971424
2021-11-30,-0.0027153063009944882,-0.00271530630099448,0.0,0.0,0.4869123089871331,0.5130876910128669,-0.003996767956598313,0.0005542795083355312,1.0000000000000002,-0.004326761153589542,1.9864873861298513,2.3364694150038754,1.2704267418962152,2.9072989777755414,198648.73861298512,233646.94150038753,127042.67418962152,290729.8977775541
2021-12-01,5.124615369612888e-05,-2.5045480546159737e-06,0.053747947375114416,5.374794737511442e-05,0.4999999999999999,0.5000000000000001,0.0024461768656238725,-0.0072797879247159525,1.0,-0.005833292299734172,1.986482410876733,2.319460413170062,1.2735344304017115,2.8903398530354583,198648.2410876733,231946.0413170062,127353.44304017116,289033.98530354584
2021-12-02,-0.0009449654023396584,-0.0009449654023396814,0.0,0.0,0.4995270703967174,0.5004729296032826,0.002541366887909291,0.0058205930509847015,0.9999999999999998,0.004663180168615444,1.984605253726098,2.3329610483329937,1.2767709486337468,2.903818028518692,198460.52537260982,233296.10483329938,127677.09486337469,290381.8028518692
2021-12-03,0.0034541785890927494,0.0034541785890926935,0.0,0.0,0.501249842512019,0.498750157487981,0.0092377516391553,0.02781760936292854,0.9999999999999998,0.003494235874424545,1.9914604347013196,2.3978584474344493,1.288565441557314,2.913964653646743,199146.04347013196,239785.84474344493,128856.5441557314,291396.4653646743
2021-12-06,0.003565615022421164,0.0035656150224212535,0.0,0.0,0.5030218751796929,0.4969781248203071,-0.0017139289372417599,0.005659982728705604,0.9999999999999998,-0.006897425030279458,1.9985612159438482,2.411430284832809,1.2863569319594992,2.89386580090733,199856.1215943848,241143.0284832809,128635.69319594992,289386.580090733
2021-12-07,0.0047923943905211945,0.00479239439052126,0.0,0.0,0.5053922306788955,0.4946077693211045,0.006025401523110485,0.0009109040044326111,0.9999999999999999,-0.005093865083854121,2.008139109504251,2.4136268663356732,1.2941077489765918,2.8791248389467285,200813.91095042508,241362.68663356733,129410.77489765917,287912.4838946728
2021-12-08,0.00856810950719643,0.008568109507196331,0.0,0.0,0.5095940822848561,0.49040591771514386,0.014999695252026601,0.04872720449934165,1.0,0.017109965450764708,2.0253450653001672,2.5312361562367167,1.3135189708345267,2.9283865654695456,202534.50653001672,253123.61562367168,131351.89708345267,292838.65654695453
2021-12-09,0.008771488220838463,0.008771488220838508,0.0,0.0,0.5138582687541372,0.4861417312458628,0.016565484304223554,0.027851324227162966,1.0,0.012253312430456242,2.0431103556835812,2.6017344351195835,1.335278048729186,2.9642690009733945,204311.03556835811,260173.44351195835,133527.8048729186,296426.9000973395
2021-12-10,0.00020318624369616386,0.0002031862436961962,0.0,0.0,0.5139570260002991,0.48604297399970087,-0.00464096056266472,-0.008097627100457028,1.0000000000000002,0.0025567653256635126,2.0435254876022095,2.580666559849567,1.329081075964842,2.9718479411710224,204352.54876022096,258066.6559849567,132908.1075964842,297184.7941171022
2021-12-13,0.007228723845606379,0.007228723845606355,0.0,0.0,0.5174452808057486,0.4825547191942514,0.005673455823007156,0.014168234166176852,1.0000000000000004,0.014938916095450727,2.058297569023544,2.6172300479743376,1.3366215587345234,3.0162441282126142,205829.7569023544,261723.00479743376,133662.15587345234,301624.41282126145
2021-12-14,-0.0036721678247294137,-0.0036721678247294554,0.0,0.0,0.5156667277469349,0.4843332722530651,-0.006707580943388858,0.008284835375665933,1.0000000000000004,-0.011385108748160566,2.0507391549168568,2.638913368062051,1.327656061438633,2.981903860801913,205073.91549168568,263891.3368062051,132765.6061438633,298190.3860801913
2021-12-15,-0.005093377172110985,-0.005093377172111002,0.0,0.0,0.5131872065778269,0.4868127934221731,-0.008673782600946645,-0.017603675774886196,1.0000000000000004,-0.009835337035784875,2.0402939669192492,2.592458792732674,1.3161402613928852,2.952575831322618,204029.39669192492,259245.87927326738,131614.02613928853,295257.58313226176
2021-12-16,0.002623146169233943,0.00262314616923387,0.0,0.0,0.5144608467476939,0.4855391532523061,0.005759204139115903,-0.004865385863924043,1.0000000000000004,0.003815782207884366,2.0456459562226845,2.579845480369707,1.3237201818339561,2.963842217647208,204564.59562226845,257984.5480369707,132372.01818339562,296384.2217647208
2021-12-17,-0.008781283713414129,-0.008781283713414134,0.0,0.0,0.5101594176194663,0.48984058238053374,-0.015883672014189276,-0.03686969868479151,1.0000000000000004,-0.016046636733364927,2.0276825587038947,2.4847273548551545,1.3026946446271426,2.9162825182456125,202768.25587038946,248472.73548551544,130269.46446271426,291628.2518245613
2021-12-20,-0.008299543975147098,-0.008299543975147095,0.0,0.0,0.5060599403735094,0.49394005962649057,-0.015003753965883382,0.004232821215556681,1.0000000000000007,-0.02908937965757674,2.010853718140293,2.4952447615176596,1.283149334686483,2.8314496688836117,201085.3718140293,249524.47615176596,128314.9334686483,283144.96688836114
2021-12-21,0.005075910004028698,0.005075910004028739,0.0,0.0,0.5085544736372094,0.4914455263627906,0.00677605615910104,-0.01584409680278087,1.0000000000000007,0.003966462626318723,2.0210606306448398,2.455709861969542,1.2918440266388318,2.842680508173541,202106.06306448398,245570.9861969542,129184.40266388319,284268.0508173541
2021-12-22,0.0009643603181288407,0.000964360318128854,0.0,0.0,0.5090279476018525,0.49097205239814745,0.0001953804729428743,0.003826432193731355,1.0000000000000004,0.0031822424631169355,2.023009661317566,2.465106469243846,1.292096427735725,2.851726606795726,202300.9661317566,246510.6469243846,129209.6427735725,285172.6606795726
2021-12-23,0.0037557162512803044,0.003755716251280239,0.0,0.0,0.5108649998709073,0.4891350001290927,0.0069773830235326795,0.03141654372627434,1.0000000000000004,0.010864778298820932,2.0306075115790736,2.542551594424767,1.3011118794153755,2.8827099841474104,203060.75115790736,254255.15944247672,130111.18794153756,288270.998414741
2021-12-24,-0.0028889811958931833,-0.0028889811958932032,0.0,0.0,0.5094478038004828,0.4905521961995172,-0.0055367628931808355,0.031109145660655813,1.0000000000000004,-0.02503744992751955,2.0247411246618823,2.62164820232546,1.2939079314415518,2.810534277263759,202474.11246618823,262164.820232546,129390.79314415518,281053.4277263759
2021-12-27,-0.00048151566536474124,-0.0004815156653646957,0.0,0.0,0.5092114814404153,0.4907885185595847,-0.00041045731447131306,-0.028898608203902998,1.0000000000000004,-0.00302323704852403,2.0237661800920494,2.5458862180779898,1.293376837466839,2.802037365910589,202376.61800920495,254588.62180779898,129337.6837466839,280203.7365910589
2021-12-28,0.004785019932656809,0.004785019932656898,0.0,0.0,0.511548730501099,0.48845126949890105,0.007448183895335303,0.0048432502249264875,1.0000000000000004,0.012799121071661146,2.033449941602827,2.558216582076333,1.3030101459982593,2.837900981404197,203344.9941602827,255821.65820763333,130301.01459982592,283790.0981404197
2021-12-29,-0.008106600313433156,-0.008106600313433132,0.0,0.0,0.507556689405082,0.49244331059491797,-0.01462481537381266,-0.05293790529497855,1.0000000000000007,-0.01684611141385406,2.0169655756688787,2.4227899549303324,1.28395386318283,2.790093385289976,201696.55756688787,242278.99549303323,128395.386318283,279009.3385289976
2021-12-30,0.0032329276466882455,0.003232927646688255,0.0,0.0,0.509143592654942,0.490856407345058,0.007787479420413357,0.009034174934422712,1.0000000000000004,0.008084036248520166,2.0234862794408772,2.444677863212535,1.2939526274691264,2.8126486013534167,202348.62794408773,244467.78632125352,129395.26274691265,281264.86013534165
2021-12-31,0.003857788652351023,0.0038577886523509797,0.0,0.0,0.5110299358198754,0.48897006418012456,0.003832157203784936,-0.01373351894704089,1.0000000000000004,0.006367218914081096,2.031292461847892,2.4111038334586943,1.2989112573518387,2.8305573507266177,203129.2461847892,241110.38334586943,129891.12573518387,283055.7350726618
2022-01-04,0.0008985483149252274,0.0008038916673689389,0.09457167034132687,9.457167034132687e-05,0.5,0.5,-0.004574556156724974,0.0005252660979024881,1.0,-0.00627109681947724,2.032925400931961,2.412370304560933,1.2929693148624803,2.812806651527128,203292.54009319612,241237.03045609331,129296.93148624804,281280.6651527128
2022-01-05,-0.002932973583110941,-0.002932973583110954,0.0,0.0,0.49852919938910667,0.5014708006108933,-0.010096039465042228,-0.02041036824837117,1.0,-0.021569562720226587,2.0269628844345924,2.363132938293409,1.2799154456325401,2.752135642037143,202696.28844345923,236313.2938293409,127991.544563254,275213.5642037143
2022-01-06,-0.010901247283597412,-0.010901247283597426,0.0,0.0,0.4930022920020034,0.5069977079979966,-0.010248309408971035,-0.024765191445568435,1.0,-0.016348425251661913,2.004866460796697,2.304609498665244,1.2667984761283768,2.7071425582108644,200486.6460796697,230460.9498665244,126679.84761283768,270714.2558210864
2022-01-07,0.00410802271020558,0.0041080227102054945,0.0,0.0,0.49507652908742816,0.5049234709125718,0.000859236690652132,0.021680291796811302,1.0,-0.002304199442424548,2.013102497748579,2.3545741050740094,1.2678869558587285,2.700904761837671,201310.24977485792,235457.41050740096,126788.69558587285,270090.47618376714
2022-01-10,0.0034083027032897374,0.003408302703289845,0.0,0.0,0.49679161558435003,0.50320838441565,0.004493641093487266,0.02057394698934023,1.0,0.0018204639777883447,2.0199637604336553,2.4030169878942753,1.2735843847854718,2.7058216616640336,201996.37604336554,240301.69878942752,127358.43847854718,270582.16616640333
2022-01-11,-0.006722258150114977,-0.006722258150114957,0.0,0.0,0.4933860256664239,0.506613974333576,-0.009551944244886368,-0.036617431637871234,1.0,-0.013118276998958844,2.0063850425821435,2.3150246776154133,1.261419177750843,2.670325943596542,200638.50425821435,231502.46776154134,126141.9177750843,267032.5943596542
2022-01-12,0.004853423015298738,0.004853423015298786,0.0,0.0,0.49583296157427437,0.5041670384257256,0.009965046261075416,-0.005514525759824029,0.9999999999999999,0.031968551228167774,2.016122877925363,2.302258414396075,1.273989278211738,2.755692395320313,201612.28779253628,230225.8414396075,127398.92782117378,275569.2395320313
2022-01-13,-0.007991415946561189,-0.007991415946561164,0.0,0.0,0.4917714962045464,0.5082285037954536,-0.016439724449911042,-0.037612196473360004,0.9999999999999998,-0.013071216799824814,2.0000112014084834,2.2156654185813633,1.2530452455257959,2.7196721425874526,200001.12014084833,221566.54185813633,125304.52455257959,271967.21425874525
2022-01-14,-0.005336165582349029,-0.005336165582349062,0.0,0.0,0.48904495548186117,0.5109550445181388,-0.008222966394736075,0.007366629935999569,0.9999999999999998,-0.003563839090774401,1.9893388104712149,2.2319874057820437,1.2427414965807535,2.7099796686916093,198933.88104712148,223198.74057820436,124274.14965807534,270997.96686916094
2022-01-17,0.005884127932986338,0.005884127932986427,0.0,0.0,0.4920338930408299,0.5079661069591701,0.00857886953559861,0.015679806832254783,0.9999999999999997,0.020265984416043326,2.0010443345340825,2.2669845371567314,1.2534028137463944,2.7649000744251078,200104.43345340824,226698.45371567315,125340.28137463944,276490.0074425108
2022-01-18,0.0037256292258155284,0.00372562922581543,0.0,0.0,0.49391936185691515,0.5060806381430849,0.00966379151214114,0.01334109761654978,0.9999999999999998,-0.0008302508288410282,2.008499483788975,2.2972285991621484,1.2655154372191706,2.7626045138466537,200849.9483788975,229722.85991621483,126551.54372191706,276260.4513846654
2022-01-19,-0.0017988520441687551,-0.0017988520441687417,0.0,0.0,0.49300735710486476,0.5069926428951352,-0.006849699273894561,0.011790997251932778,0.9999999999999998,-0.015308705269509115,2.0048864903868493,2.324315215261931,1.256847037047748,2.72031261556796,200488.64903868493,232431.52152619307,125684.7037047748,272031.261556796
2022-01-20,0.00935176215432207,0.009351762154321985,0.0,0.0,0.4977047032512934,0.5022952967487067,0.009022295298700023,0.044936654830537215,0.9999999999999998,0.011141303141354975,2.0236357119913606,2.4287621658075222,1.268186682161289,2.750620443057255,202363.57119913606,242876.21658075223,126818.6682161289,275062.0443057255
2022-01-21,-0.0029682463980737813,-0.002968246398073804,0.0,0.0,0.49620932840494814,0.5037906715950519,-0.009163451511451148,-0.02781386171053446,0.9999999999999998,-0.0027661605351505525,2.0176290625782287,2.3612089107999736,1.256565714991836,2.743011785340492,201762.90625782288,236120.89107999735,125656.57149918358,274301.1785340492
2022-01-24,0.0002952243943988124,0.00029522439439877424,0.0,0.0,0.4963580158047261,0.503641984195274,0.0015546177167833353,0.01868904873859112,0.9999999999999999,0.006748209143326189,2.0182247158963498,2.40533765921591,1.2585191943146647,2.761522202550578,201822.47158963498,240533.76592159102,125851.91943146648,276152.2202550578
2022-01-25,-0.009873069985939153,-0.009873069985939176,0.0,0.0,0.49133593994042585,0.5086640600595742,-0.022622912462343936,-0.019216768669686135,0.9999999999999999,-0.02424573949926223,1.9982986420289528,2.3591148418462735,1.2300478247495044,2.694567054606108,199829.8642028953,235911.48418462736,123004.78247495044,269456.7054606108
2022-01-26,0.0044702705121488166,0.004470270512148877,0.0,0.0,0.49359968632996787,0.5064003136700321,0.007237439750344743,0.0014776599479964236,0.9999999999999998,0.019334817774721902,2.007231577522882,2.3626008113607937,1.2389502217711714,2.746666017588686,200723.15775228819,236260.08113607936,123895.02217711715,274666.6017588686
2022-01-27,-0.010320124611084707,-0.010320124611084669,0.0,0.0,0.48831907542726233,0.5116809245727376,-0.019614583930174456,-0.03161669407687595,0.9999999999999998,-0.022650990909302227,1.9865166975195419,2.2879031842822206,1.2146487286609324,2.684451310593395,198651.66975195418,228790.31842822206,121464.87286609324,268445.1310593395
2022-01-28,-0.005035883437797433,-0.005035883437797484,0.0,0.0,0.48572926796526456,0.5142707320347355,-0.012145337108323107,-0.010196064165884144,0.9999999999999998,-0.01032890417936394,1.976512830983595,2.2645755766099485,1.1998964103831493,2.656723870232108,197651.2830983595,226457.55766099485,119989.64103831493,265672.3870232108
2022-02-07,0.00933018379547129,0.009252282386613908,0.07718129320626826,7.718129320626827e-05,0.5,0.5,0.015408313740613577,0.009461731375564941,1.0,0.015760182420655466,1.994800085836621,2.286002382395497,1.218384790730569,2.698594323068276,199480.0085836621,228600.23823954968,121838.4790730569,269859.4323068276
2022-02-08,-0.003625413993710139,-0.0036254139937101915,0.0,0.0,0.4981806972775963,0.5018193027224037,-0.005463855902669068,0.009275534441805178,1.0,-0.02352824929141395,1.9875681096907747,2.307206276227455,1.2117277118000136,2.6351011230987313,198756.81096907746,230720.6276227455,121172.77118000136,263510.11230987316
2022-02-09,0.007759368280308904,0.007759368280308987,0.0,0.0,0.5020445172554107,0.49795548274458934,0.00939296167958048,0.0005922892568142046,1.0,0.017868612783553894,2.002990382636063,2.3085728097181186,1.2231094237630369,2.6821867247128908,200299.0382636063,230857.28097181185,122310.94237630369,268218.67247128906
2022-02-10,-0.0010386288798816805,-0.001038628879881709,0.0,0.0,0.5015267885821847,0.4984732114178153,-0.0026224941208842223,0.00399242806355482,1.0,-0.012414788207800509,2.000910018978532,2.3177896205903967,1.2199018264900203,2.6488879445918063,200091.0018978532,231778.96205903968,121990.18264900203,264888.7944591806
2022-02-11,-0.004623174717491908,-0.004623174717491962,0.0,0.0,0.4992115561095784,0.5007884438904215,-0.00828904320388979,0.03348615972498181,1.0,-0.023932935224947105,1.991659462366814,2.3954034940343916,1.2097900075457404,2.5854922809957475,199165.9462366814,239540.34940343915,120979.00075457404,258549.22809957474
2022-02-14,-0.00224408814469972,-0.002244088144699674,0.0,0.0,0.49808521509111486,0.5019147849088852,-0.010803233798409195,-0.020155335534661645,1.0,0.007582927370367809,1.9871900029790377,2.3471233328712273,1.1967203632472445,2.605097881179185,198719.00029790378,234712.33328712272,119672.03632472445,260509.7881179185
2022-02-15,0.0034249178933116443,0.003424917893311674,0.0,0.0,0.4997983646223833,0.5002016353776166,0.010635610070105939,-0.02251836187721279,1.0,0.014780555498865366,1.9939959655776507,2.2942699602911834,1.2094482143936978,2.6436026749919304,199399.59655776506,229426.99602911834,120944.82143936977,264360.267499193
2022-02-16,0.000524864726797028,0.0005248647267970252,0.0,0.0,0.5000607650923283,0.49993923490767167,0.003889045890306697,0.011534776575611527,1.0,0.0030006897244991837,1.995042543725358,2.320733851687279,1.2141518140014242,2.6515353063744374,199504.2543725358,232073.3851687279,121415.18140014242,265153.53063744376
2022-02-17,0.0009169978035071717,0.0009169978035070692,0.0,0.0,0.5005187882663812,0.4994812117336188,0.002420966697632476,-0.006017487456346338,1.0,0.00791925154723927,1.9968719933558574,2.3067688648452327,1.2170912351089918,2.6725334814520028,199687.19933558573,230676.88648452327,121709.12351089918,267253.3481452003
2022-02-18,0.0018825085708499196,0.0018825085708498168,0.0,0.0,0.5014572991736215,0.4985427008263785,0.00476759332666532,0.014402463414081357,1.0,-0.002702769083372525,2.00063112199824,2.339992019025908,1.2228938311594402,2.6653102405840565,200063.11219982398,233999.2019025908,122289.38311594402,266531.02405840566
2022-02-21,-0.004000470720022151,-0.004000470720022187,0.0,0.0,0.4994548830893705,0.5005451169106294,-0.0036398895778329,-0.007279901267332911,1.0,-0.01358455012615789,1.9926276557731206,2.3229571081610523,1.2184426326486069,2.6291032000190806,199262.76557731206,232295.71081610522,121844.26326486068,262910.32000190805
2022-02-22,-0.010238428574024875,-0.010238428574024905,0.0,0.0,0.49427707504396123,0.5057229249560388,-0.0129814362871713,-0.023077279363989622,1.0,-0.015279955462490391,1.9722262798448609,2.2693495780254542,1.2026254972433057,2.588930620216498,197222.62798448608,226934.95780254542,120262.54972433057,258893.06202164982
2022-02-23,0.005525572336146565,0.005525572336146478,0.0,0.0,0.4970561277908745,0.5029438722091255,0.01069051080528638,0.00149013731152281,0.9999999999999999,0.017816097357779226,1.9831239588173928,2.2727312205045584,1.215482178116298,2.635055260198811,198312.39588173927,227273.12205045586,121548.21781162982,263505.5260198811
2022-02-24,-0.01141060277951197,-0.011410602779512002,0.0,0.0,0.4912509949801207,0.5087490050198793,-0.02027449411103066,-0.02904784616596201,0.9999999999999998,-0.019028981514843446,1.960495319060794,2.206713273634763,1.1908388918540165,2.584912842361897,196049.5319060794,220671.3273634763,119083.88918540165,258491.28423618968
2022-02-25,0.004481879605237445,0.004481879605237493,0.0,0.0,0.4935209730017048,0.5064790269982953,0.0097365608965585,-0.00315919269024878,0.9999999999999998,0.01698195551381465,1.9692820230474561,2.199741841191221,1.2024335672425432,2.6288097172579747,196928.20230474562,219974.1841191221,120243.35672425432,262880.97172579746
2022-02-28,0.0009258793571325479,0.0009258793571325086,0.0,0.0,0.49398947769879537,0.5060105223012046,0.001799528580362031,-0.007821303108636601,0.9999999999999999,0.006876532989833928,1.971105340620968,2.182536993490514,1.2045973808127828,2.6468868140026953,197110.5340620968,218253.6993490514,120459.73808127828,264688.68140026956
2022-03-01,0.004580062487686281,0.004473544554129072,0.10603229900204764,0.00010603229900204764,0.5,0.5,0.008302685713662106,0.00462389075353431,1.0,0.008872865802852292,1.9799231681831178,2.1926288061139614,1.2145987742771718,2.6703722854986807,197992.31681831178,219262.88061139613,121459.87742771718,267037.22854986804
2022-03-02,-0.005013491278779514,-0.0050134912787794805,0.0,0.0,0.4974806234884415,0.5025193765115585,-0.008894536213468696,0.021079377697024615,1.0,-0.01742607076297764,1.9699968406467783,2.238848056867414,1.2037954814945289,2.623838189088086,196999.68406467783,223884.8056867414,120379.54814945288,262383.81890880864
2022-03-03,-0.001462609660120196,-0.0014626096601202399,0.0,0.0,0.4967445572163181,0.503255442783682,-0.005890446861486098,0.03403630229982535,1.0,-0.0035577359073802883,1.967115504237242,2.3150501661343297,1.1967045881786882,2.614503265747612,196711.5504237242,231505.01661343296,119670.45881786881,261450.3265747612
2022-03-04,-0.008162380332484722,-0.008162380332484731,0.0,0.0,0.49260298983982503,0.507397010160175,-0.0121275235465097,-0.014425662352561597,1.0,-0.026265292059670875,1.95105915933373,2.2816540341084344,1.182191525107335,2.5458325738817877,195105.915933373,228165.40341084343,118219.15251073349,254583.25738817878
2022-03-07,-0.0184317913867475,-0.018431791386747554,0.0,0.0,0.48307513863247553,0.5169248613675245,-0.031947567292274215,0.00930771854041157,1.0,-0.044833174995813074,1.9150976439256877,2.3028910276645105,1.144423381806612,2.431694816586904,191509.76439256876,230289.10276645105,114442.3381806612,243169.4816586904
2022-03-08,-0.007858983043273204,-0.007858983043273149,0.0,0.0,0.4789804548620222,0.5210195451379778,-0.02007682446620307,-0.03664426143837962,1.0,-0.012686545420138584,1.9000469240158633,2.2185032867826733,1.1214469944550622,2.400845009848359,190004.69240158633,221850.32867826734,112144.69944550622,240084.5009848359
2022-03-09,-0.0031144020868682266,-0.0031144020868681954,0.0,0.0,0.477352721085876,0.522647278914124,-0.009152738671024174,-0.013028554326172115,1.0,0.006612774877464256,1.8941294139105609,2.189599396188034,1.1111826831814096,2.4167212574141694,189412.94139105608,218959.9396188034,111118.26831814095,241672.12574141694
2022-03-10,0.002547186922366852,0.002547186922366773,0.0,0.0,0.478680618995547,0.521319381004453,0.01573225123333377,-0.022416276557436166,1.0,0.016552271514259642,1.8989541155829441,2.1405167305730877,1.1286640883193495,2.456723483841172,189895.4115582944,214051.67305730877,112866.40883193495,245672.34838411718
2022-03-11,0.0021555059016307083,0.0021555059016307165,0.0,0.0,0.4798019090506055,0.5201980909493945,0.0031867015775104424,-0.0029856388830996616,1.0,0.0012110197284300739,1.9030473223860092,2.1341259205923633,1.1322608039500761,2.459698624447401,190304.7322386009,213412.59205923634,113226.08039500761,245969.86244474008
2022-03-14,-0.01746320095723359,-0.017463200957233638,0.0,0.0,0.4705561242528565,0.5294438757471436,-0.030595469195545455,-0.03132155270897641,1.0,-0.047096824754932376,1.8698140245640569,2.0672817830829366,1.097618753401498,2.343854629381853,186981.4024564057,206728.17830829366,109761.87534014981,234385.46293818532
2022-03-15,-0.02608054296279004,-0.026080542962790054,0.0,0.0,0.4563781718071627,0.5436218281928373,-0.04573915626287506,-0.08807499673796315,1.0,-0.04313021476760981,1.8210482595639865,1.8852059467814564,1.0474145977226048,2.2427636758325575,182104.82595639865,188520.59467814563,104741.45977226048,224276.36758325575
2022-03-16,0.023048818363762002,0.023048818363762047,0.0,0.0,0.46862572104594963,0.5313742789540503,0.04324252411636098,0.07272497138328782,1.0,0.06512135314205558,1.863021270130322,2.022307495312742,1.092707448724453,2.3888154811806244,186302.12701303218,202230.7495312742,109270.7448724453,238881.54811806243
2022-03-17,0.00727387332876766,0.0072738733287676105,0.0,0.0,0.4724629586608833,0.5275370413391167,0.01963869800388829,-0.0035397866893760455,1.0,0.025974198598293752,1.8765726508580496,2.0151489581590085,1.114166800316552,2.4508630489034884,187657.26508580495,201514.89581590085,111416.6800316552,245086.30489034884
2022-03-18,0.004875510683085716,0.004875510683085782,0.0,0.0,0.47502249210898556,0.5249775078910144,0.006654553177431133,0.01539871394224579,0.9999999999999999,0.00036205937891664597,1.8857219008648947,2.0461796605167137,1.1215810825377868,2.4517504068567844,188572.19008648946,204617.96605167136,112158.10825377867,245175.04068567842
2022-03-21,-0.001364861573307872,-0.0013648615733078406,0.0,0.0,0.47430499119218394,0.525695008807816,-0.0016760824210599878,0.017132455837913563,0.9999999999999998,0.009911197419384843,1.8831481515044592,2.0812357431869533,1.1197012202015517,2.476050189162199,188314.81515044594,208123.57431869532,111970.12202015518,247605.0189162199
2022-03-22,0.003025257783195555,0.003025257783195512,0.0,0.0,0.4758905573627686,0.5241094426372315,-0.0008124449662459954,0.027486578235056847,0.9999999999999998,-0.0018641443392051205,1.8888451601067084,2.138441792267658,1.1187915245814994,2.471434474218485,188884.51601067084,213844.1792267658,111879.15245814994,247143.44742184848
2022-03-23,0.001703921763509953,0.0017039217635099746,0.0,0.0,0.47678207976411685,0.5232179202358831,0.004989084175226699,-0.0019212016242887708,0.9999999999999998,0.005121811326151748,1.8920636044829147,2.1343334144229065,1.1243732696721667,2.484092695300379,189206.36044829147,213433.34144229064,112437.32696721666,248409.2695300379
2022-03-24,-0.0025954895047485237,-0.002595489504748527,0.0,0.0,0.47542053927940997,0.52457946072059,-0.0058949800304920474,0.011252886134402784,0.9999999999999998,-0.0036230098919491915,1.8871527732551625,2.1583508253082586,1.1177451117006303,2.475092802892787,188715.27732551625,215835.08253082586,111774.51117006302,247509.2802892787
2022-03-25,-0.009897466061147945,-0.009897466061147941,0.0,0.0,0.4701766304609946,0.5298233695390053,-0.018050906661711497,-0.017136127667756185,0.9999999999999998,-0.02682649733753173,1.8684747427296684,2.1213650500139694,1.0975687990177379,2.4086947324058396,186847.47427296685,212136.50500139693,109756.87990177379,240869.47324058396
2022-03-28,-0.001672328535196847,-0.001672328535196832,0.0,0.0,0.46928910749151287,0.5307108925084871,-0.006252140939066675,0.014221787504584915,0.9999999999999997,-0.013870999879232015,1.865350039100107,2.151534652974921,1.0907066441959568,2.3752837280635313,186535.0039100107,215153.4652974921,109070.66441959568,237528.37280635312
2022-03-29,-0.003940262404230644,-0.003940262404230621,0.0,0.0,0.46718969507844377,0.5328103049215562,-0.003454285555879566,0.0032259153353939585,0.9999999999999996,-0.00685533713882247,1.8580000704703108,2.1584753216065846,1.0869390319892087,2.3590003573072966,185800.00704703107,215847.53216065845,108693.90319892087,235900.03573072967
2022-03-30,0.014593996239889596,0.01459399623988955,0.0,0.0,0.4748536785195218,0.5251463214804781,0.029016917666068398,-0.004513294753234809,0.9999999999999994,0.03953685451111677,1.885115716512469,2.1487334862625906,1.1184786523884758,2.452267811225828,188511.5716512469,214873.34862625907,111847.86523884757,245226.7811225828
2022-03-31,-0.002797473530010546,-0.0027974735300105857,0.0,0.0,0.4733804743360903,0.5266195256639097,-0.0074046214240379715,-0.0037274338163224563,0.9999999999999996,-0.014286788186662513,1.8798421551945184,2.140724224403631,1.110196741396671,2.417232780429874,187984.21551945183,214072.4224403631,111019.67413966708,241723.2780429874
2022-04-01,0.008706136380901773,0.008590085016572324,0.1150497257266532,0.0001150497257266532,0.49999999999999994,0.5,0.012684128262208105,0.009864311988407426,1.0,0.019790979325535973,1.8959901591253758,2.16184099603429,1.1242786192608318,2.4650721844123695,189599.01591253758,216184.099603429,112427.86192608318,246507.21844123694
2022-04-06,-0.0005348368032841711,-0.0005348368032841444,0.0,0.0,0.4997324384966187,0.5002675615033814,-0.002881089575693996,-0.005010252863625553,1.0,-0.008687824407795919,1.894976113809611,2.151009625993206,1.1210394718507037,2.4436560701216528,189497.6113809611,215100.9625993206,112103.94718507037,244365.60701216527
2022-04-07,-0.004368707743962757,-0.0043687077439628075,0.0,0.0,0.49753732592131894,0.5024626740786811,-0.012838192802731796,-0.01504579729477118,1.0,-0.010385160144853023,1.8866975169865865,2.1186459711814107,1.1066473509716117,2.418278310494497,188669.75169865866,211864.59711814107,110664.73509716117,241827.8310494497
2022-04-08,0.0035876030640109033,0.003587603064010958,0.0,0.0,0.4993335185243087,0.5006664814756914,0.005148369010002263,-0.0017888164340656987,1.0,0.006149203502257894,1.8934662387793895,2.114856102450194,1.112344779898355,2.433148795950824,189346.62387793895,211485.61024501943,111234.4779898355,243314.8795950824
2022-04-11,-0.0168399649744768,-0.016839964974476818,0.0,0.0,0.4907578993864475,0.5092421006135526,-0.030892721655868982,-0.04285568722326283,1.0,-0.044784599539133274,1.8615803336379901,2.02422249080138,1.0779814222275963,2.3241812015050423,186158.033363799,202422.249080138,107798.14222275963,232418.12015050423
2022-04-12,0.010973636564719075,0.010973636564719058,0.0,0.0,0.49628547946714674,0.5037145205328533,0.019487472165109487,0.014395060119042347,1.0,0.02441551896772909,1.882008639655362,2.0533612952507836,1.0989885551877616,2.380927291714828,188200.8639655362,205336.12952507837,109898.85551877617,238092.72917148282
2022-04-13,0.0009659860578303389,0.0009659860578303814,0.0,0.0,0.496771591094054,0.503228408905946,-0.009624470989026301,-0.004935224131411564,1.0,0.003519235080316152,1.8838266337619853,2.0432274970359554,1.088411371721085,2.389306334563513,188382.66337619853,204322.74970359553,108841.1371721085,238930.6334563513
2022-04-14,0.007992494176264967,0.00799249417626502,0.0,0.0,0.5007617499005426,0.49923825009945744,0.012520109958596315,-0.010030426403964676,1.0000000000000002,0.012180736276783843,1.898883107161421,2.0227330540003794,1.1020384017752196,2.41840984490928,189888.3107161421,202273.30540003793,110203.84017752197,241840.98449092798
2022-04-15,-0.0029404674729043064,-0.002940467472904329,0.0,0.0,0.49928942674655163,0.5007105732534484,-0.0006727789348620616,-0.011550569819039902,1.0000000000000002,-0.013951576217296258,1.8932995031499653,1.9993693346348682,1.1012969735530962,2.3846692156333686,189329.95031499653,199936.9334634868,110129.69735530962,238466.92156333686
2022-04-18,-0.006150121049304367,-0.006150121049304347,0.0,0.0,0.49619094004207415,0.5038090599579259,-0.005340495374515086,-0.00645173516774078,1.0000000000000002,-0.002872326640588896,1.8816554820230051,1.986469933185302,1.0954155021598684,2.3778196667163125,188165.5482023005,198646.9933185302,109541.55021598683,237781.96667163126
2022-04-19,-0.003972410979763687,-0.003972410979763641,0.0,0.0,0.4941816215617999,0.5058183784382001,-0.0075557198335246545,-0.01046501130743882,1.0000000000000002,-0.00914541529958457,1.8741807731260844,1.9656815028726304,1.0871388495242487,2.356073518356672,187418.07731260845,196568.15028726304,108713.88495242487,235607.3518356672
2022-04-20,-0.005374813174888176,-0.005374813174888193,0.0,0.0,0.4914482509207362,0.5085517490792638,-0.015504607124718794,-0.036260633937142406,1.0000000000000002,-0.029531877607435253,1.8641074016145642,1.8944046454599541,1.0702831887723565,2.2864942435784434,186410.74016145643,189440.4645459954,107028.31887723565,228649.42435784434
2022-04-21,-0.005756996711668492,-0.005756996711668516,0.0,0.0,0.48850356764161884,0.5114964323583812,-0.018414116178923523,0.009493519144440521,1.0000000000000004,-0.01824009085430922,1.8533757414332723,1.9123892122289452,1.0505748697899535,2.2447883808377176,185337.57414332722,191238.9212228945,105057.48697899535,224478.83808377176
2022-04-22,0.00549625667507252,0.005496256675072475,0.0,0.0,0.49129951607202066,0.5087004839279794,0.00435954482548051,0.017672882077655716,1.0000000000000004,0.011414883083636918,1.8635623702235424,1.9461866412632483,1.0551548980273262,2.270412377752487,186356.23702235424,194618.66412632482,105515.48980273263,227041.2377752487
2022-04-25,-0.026427316297315314,-0.026427316297315318,0.0,0.0,0.47749100560905916,0.5225089943909409,-0.04942129197034828,-0.044380644623682075,1.0000000000000004,-0.06005368707370218,1.8143134180258702,1.8598136235659866,1.0030077797379746,2.134065743290679,181431.34180258703,185981.36235659866,100300.77797379746,213406.5743290679
2022-04-26,-0.004492943344533404,-0.004492943344533429,0.0,0.0,0.4751328070477203,0.5248671929522797,-0.008070963666246378,-0.005111906359957175,1.0000000000000004,-0.010957990854582267,1.8061618106294532,1.8503064304753445,0.994912540390747,2.110680670392622,180616.1810629453,185030.64304753445,99491.2540390747,211068.0670392622
2022-04-27,0.013482239516752452,0.013482239516752426,0.0,0.0,0.482115055906114,0.517884944093886,0.02944409796729497,0.01853886900445678,1.0000000000000004,0.04783276091405897,1.8305129167663707,1.884609019008031,1.0242068426989024,2.2116403542654384,183051.29167663708,188460.9019008031,102420.68426989023,221164.03542654385
2022-04-28,0.0005386689262061825,0.0005386689262061317,0.0,0.0,0.48239387424207375,0.5176061257579263,0.006563916684208193,-0.012732549915388636,1.0000000000000004,-0.0040421499909395475,1.8314989571936517,1.8606131406025195,1.0309296510817738,2.202700572227483,183149.8957193652,186061.31406025196,103092.96510817738,220270.0572227483
2022-04-29,0.010690494367928538,0.01069049436792846,0.0,0.0,0.4878688098460552,0.5121311901539448,0.024260987322467287,0.02810940673212592,1.0000000000000004,0.03370251732569063,1.8510785864803974,1.9129138721428538,1.0559410222770242,2.2769371264262883,185107.85864803975,191291.38721428538,105594.10222770243,227693.71264262885
2022-05-05,-0.0013299908786396824,-0.0013943037150236925,0.06439848578260896,6.439848578260895e-05,0.49999999999999994,0.5,-0.001501404298547837,-0.04618992311656289,1.0,-0.018138101515753458,1.8484976207304669,1.8245565274599687,1.0543556278871644,2.2356378096821805,184849.76207304667,182455.65274599686,105435.56278871644,223563.78096821805
2022-05-06,-0.016471349422488735,-0.016471349422488735,0.0,0.0,0.4916264008105828,0.5083735991894172,-0.02528296523124718,-0.05974031403762481,1.0,-0.033445844997645136,1.8180503705127762,1.715556947530112,1.0276983912059234,2.1608650140286754,181805.0370512776,171555.6947530112,102769.83912059234,216086.50140286755
2022-05-09,-0.007036446776373741,-0.007036446776373717,0.0,0.0,0.4880239082904931,0.5119760917095069,-0.00802799821941147,-0.024782411211175526,1.0,-0.01848450766328813,1.8052577558438965,1.6730413098002317,1.0194480303512303,2.120922488117531,180525.77558438966,167304.13098002318,101944.80303512303,212092.24881175312
2022-05-10,0.004113814130085112,0.004113814130085158,0.0,0.0,0.49012145385823824,0.5098785461417618,0.01094278699348017,0.02343566879183956,1.0,0.008832735200064779,1.812684250708333,1.7122501518117754,1.0306036329982868,2.139656034834936,181268.4250708333,171225.01518117753,103060.36329982868,213965.60348349359
2022-05-11,0.0073169347681635915,0.007316934768163641,0.0,0.0,0.49382510256405887,0.5061748974359411,0.014426498837971646,0.0333537722724917,1.0,0.04386586111911184,1.8259475431260435,1.7693601534488448,1.045471635112146,2.233513889301675,182594.75431260435,176936.01534488448,104547.1635112146,223351.38893016748
2022-05-12,-0.005866162034755516,-0.00586616203475554,0.0,0.0,0.4908382773973767,0.5091617226026233,-0.004446210410369189,-0.015626490539500604,1.0,-0.013604689578795237,1.8152362389711023,1.7417112637500072,1.0408232482443647,2.203127626167798,181523.62389711023,174171.12637500072,104082.32482443647,220312.7626167798
2022-05-13,0.0047790829630298005,0.004779082963029868,0.0,0.0,0.4932600297558566,0.5067399702441434,0.007542804023502381,0.008212691695303143,1.0,0.01628532324594012,1.8239114035546435,1.7560154013814229,1.048673974028977,2.239006271712001,182391.14035546436,175601.5401381423,104867.3974028977,223900.62717120012
2022-05-16,-0.005506622193970136,-0.005506622193970134,0.0,0.0,0.4904541532875043,0.5095458467124957,-0.008037908037908048,-0.0025743805003970444,1.0,-0.010644447628121778,1.8138678125399943,1.7514947495737097,1.0402448290639845,2.2151732867137266,181386.78125399942,175149.47495737096,104024.48290639845,221517.32867137267
2022-05-17,0.007613707592546073,0.007613707592545982,0.0,0.0,0.4943043719304548,0.5056956280695453,0.012473019355295323,0.005022644620889194,1.0,0.028452526901417308,1.8276780716762049,1.7602918852561718,1.0532198229511456,2.27820056424525,182767.80716762049,176029.18852561718,105321.98229511456,227820.056424525
2022-05-18,-0.002708895325127263,-0.002708895325127303,0.0,0.0,0.4929307744759167,0.5070692255240833,-0.0034898611794133005,-0.01585609484817585,1.0,-0.005731237774912912,1.8227270830920035,1.7323805301630757,1.0495442319776398,2.26514365511262,182272.70830920036,173238.05301630756,104954.42319776399,226514.36551126197
2022-05-19,-0.0016949276870099096,-0.0016949276870099617,0.0,0.0,0.49206986963489435,0.5079301303651056,0.0019263961361855042,-0.009346998527918204,1.0000000000000002,0.002173916201139825,1.819637692493008,1.7161879718978472,1.0515660699308773,2.2700678876023783,181963.7692493008,171618.79718978473,105156.60699308773,227006.78876023783
2022-05-20,0.012920115535092208,0.012920115535092203,0.0,0.0,0.4985486786420636,0.5014513213579364,0.019501950195019546,0.03877597766953578,1.0,0.026067361290931457,1.8431476217120262,1.782734838372884,1.0720736590534417,2.329242567383451,184314.76217120263,178273.4838372884,107207.36590534417,232924.2567383451
2022-05-23,-0.007142308063618897,-0.0071423080636189296,0.0,0.0,0.49494139449133895,0.505058605508661,-0.00579262311163431,-0.032430910662936574,1.0,-0.012744188653009636,1.8299832935910323,1.7249191240939084,1.0658635403986343,2.299558260686096,182998.32935910323,172491.91240939085,106586.35403986344,229955.8260686096
2022-05-24,-0.010185089150665152,-0.010185089150665183,0.0,0.0,0.489744395671628,0.510255604328372,-0.023391827290711875,-0.014083184076878585,1.0,-0.030775191325373985,1.8113447506015796,1.7006267705515656,1.0409310445461628,2.228788915249637,181134.47506015797,170062.67705515656,104093.10445461627,222878.89152496372
2022-05-25,0.0025829070788621947,0.0025829070788621067,0.0,0.0,0.4910589431301408,0.5089410568698591,0.006069484611595843,0.002360563080081146,1.0,0.005924215740356287,1.8160232857801681,1.7046412073191273,1.047248959502768,2.2419927416232905,181602.3285780168,170464.12073191273,104724.89595027681,224199.27416232906
2022-05-26,0.0017098348377682403,0.0017098348377682093,0.0,0.0,0.4919276629121999,0.5080723370878001,0.002475409095245462,-0.012209252030257578,1.0,-0.0016764194140035382,1.8191283856603933,1.6838288131978054,1.0498413291021076,2.238234221465178,181912.83856603934,168382.88131978054,104984.13291021076,223823.4221465178
2022-05-27,0.003272994244718141,0.0032729942447180527,0.0,0.0,0.4935851557827628,0.5064148442172371,0.002068599362891499,0.010063570606662742,1.0000000000000002,0.007746779407458382,1.825082382397063,1.7007741433489547,1.0520130302066253,2.255573328241093,182508.2382397063,170077.41433489547,105201.30302066253,225557.3328241093
2022-05-30,0.005931417564690566,0.005931417564690511,0.0,0.0,0.4965712021966249,0.5034287978033751,0.006927748481743379,0.029454569216773807,1.0,0.01876380869470884,1.83590770809702,1.7508697130763258,1.0593011118794136,2.2978964746690966,183590.77080970202,175086.97130763257,105930.11118794135,229789.64746690966
2022-05-31,0.007239882056600374,0.007239882056600422,0.0,0.0,0.5001897693174486,0.49981023068255137,0.015512457123568524,0.022341435585411684,1.0,0.015427588139780068,1.849199463370446,1.7899866559894688,1.0757334749583913,2.333347475068144,184919.94633704462,178998.66559894689,107573.34749583913,233334.74750681443
2022-06-01,-0.002442539990761356,-0.0026119003899695015,0.1697750816343998,0.0001697750816343998,0.5,0.5,-0.0020383622712342175,-0.009252309471407871,1.0,0.004361227106706833,1.8443695385709373,1.7734251454985637,1.0735407404291324,2.3435237333257772,184436.95385709373,177342.51454985637,107354.07404291324,234352.37333257773
2022-06-02,-0.0022081792541447168,-0.0022081792541447376,0.0,0.0,0.4988934669496017,0.5011065330503983,0.0015649567249056417,0.010004152214839745,0.9999999999999998,0.00578526053486228,1.8402968400188884,1.7911667605957555,1.075220785230327,2.3570816286927,184029.68400188885,179116.67605957555,107522.0785230327,235708.16286927002
2022-06-06,0.013238459410417543,0.013238459410417569,0.0,0.0,0.5054406705584568,0.49455932944154324,0.018711013627349615,0.062025794077148255,0.9999999999999998,0.04618132167186739,1.8646595350385982,1.9022653012463007,1.0953392559951813,2.4659347735942068,186465.9535038598,190226.53012463008,109533.92559951813,246593.47735942068
2022-06-07,0.0008800090419707509,0.0008800090419707196,0.0,0.0,0.5058755045822837,0.4941244954177163,0.0031300331965944395,-0.005238003475207531,0.9999999999999998,-0.004186505075539193,1.8663004522896292,1.8923012289876058,1.0987677042279793,2.455611125148606,186630.0452289629,189230.12289876057,109876.77042279793,245561.11251486058
2022-06-08,0.006907991355090262,0.006907991355090237,0.0,0.0,0.5092654943052674,0.49073450569473265,0.009734083409705052,0.01655029379678985,0.9999999999999998,0.012886972172947653,1.8791928396800468,1.9236193702793771,1.1094632007088245,2.4872565173859766,187919.2839680047,192361.9370279377,110946.32007088246,248725.65173859766
2022-06-09,-0.004964007648138577,-0.004964007648138535,0.0,0.0,0.5068173317682356,0.4931826682317644,-0.010460186596079057,-0.0014708308329614006,0.9999999999999998,-0.02101979749525662,1.8698645120515478,1.9207900515986884,1.097858008607927,2.4349748890717664,186986.4512051548,192079.00515986883,109785.8008607927,243497.48890717665
2022-06-10,0.009847945021743541,0.009847945021743465,0.0,0.0,0.5116268041510491,0.4883731958489509,0.015164033556291479,0.04240434759655498,0.9999999999999998,0.030510141398198742,1.8882788349643407,2.0022399006066838,1.114505964290501,2.509266317238409,188827.88349643408,200223.99006066838,111450.59642905011,250926.6317238409
2022-06-13,-0.009713600993490064,-0.009713600993490057,0.0,0.0,0.5068364098114405,0.4931635901885595,-0.011710336660383569,-0.0025552704210134447,0.9999999999999998,-0.019664095895526534,1.8699368477970448,1.9971236362128906,1.1014547242386539,2.459923863748818,186993.6847797045,199712.36362128906,110145.47242386539,245992.3863748818
2022-06-14,0.00468908570669866,0.00468908570669857,0.0,0.0,0.5091381033151485,0.4908618966848515,0.007867568954611048,-0.019188755675408897,0.9999999999999998,3.0057908418257284e-05,1.878705141942479,1.9588013187040172,1.1101204952319836,2.4599978039150305,187870.5141942479,195880.13187040173,111012.04952319837,245999.78039150307
2022-06-15,0.0110480226984308,0.01104802269843086,0.0,0.0,0.5145018973730164,0.48549810262698356,0.013241566820058281,-0.02013816503947896,0.9999999999999998,0.018965215514850087,1.8994611189943182,1.9193546544684066,1.1248202299479142,2.506652192432337,189946.11189943182,191935.46544684065,112482.02299479142,250665.2192432337
2022-06-16,-0.005294192953761561,-0.005294192953761545,0.0,0.0,0.5119178965400215,0.4880821034599785,-0.00658217669965544,0.013694240610525599,1.0,-0.0058562107657165186,1.8894050053221945,1.9456387589236293,1.11741646443905,2.4919727088771078,188940.50053221945,194563.87589236294,111741.646443905,249197.27088771077
2022-06-17,0.009585473032229473,0.009585473032229563,0.0,0.0,0.5165519745504527,0.48344802544954735,0.013877451141866226,0.010489687637358358,1.0,0.025342749874351922,1.90751584604767,1.9660479017598758,1.13292335682942,2.5551261499318914,190751.584604767,196604.79017598758,113292.335682942,255512.61499318914
2022-06-20,-0.0003406919125626016,-0.00034069191256258513,0.0,0.0,0.5163872115846277,0.48361278841537225,0.004963982696842173,0.005844154051708017,1.0,0.009368434075406773,1.9068659708258366,1.9775377885707979,1.1385471687695694,2.5790636808218763,190686.59708258367,197753.7788570798,113854.71687695694,257906.36808218763
2022-06-21,0.001976937062955694,0.0019769370629556526,0.0,0.0,0.5173413972651287,0.48265860273487127,-0.0011222903961040087,-0.0003895619809461959,1.0000000000000002,0.0015888741011897967,1.910635724837651,1.9767674150324863,1.1372693882165479,2.5831614883096536,191063.5724837651,197676.74150324863,113726.93882165478,258316.14883096537
2022-06-22,-0.009594986433088176,-0.009594986433088204,0.0,0.0,0.5126654286647925,0.4873345713352075,-0.012703528089939575,0.0015280900671150732,1.0,-0.012244155114895072,1.8923032009792602,1.9797880936843941,1.1228220545975105,2.551532858359967,189230.32009792601,197978.80936843943,112282.20545975104,255153.2858359967
2022-06-23,0.008382334865143266,0.008382334865143282,0.0,0.0,0.5167164730227235,0.4832835269772765,0.017154417859701843,0.02454941370128161,1.0000000000000002,0.028197025758263328,1.9081651200762508,2.028390730637124,1.142083413304165,2.6234784960901982,190816.51200762508,202839.0730637124,114208.3413304165,262347.8496090198
2022-06-24,0.008336887587852063,0.008336887587852004,0.0,0.0,0.5207122411901548,0.4792877588098452,0.01171533283608217,0.01641265326870789,1.0,0.02203222171846142,1.9240732781813867,2.0616820043925324,1.155463300617592,2.6812795559896734,192407.32781813867,206168.20043925324,115546.3300617592,268127.9555989673
2022-06-27,0.005578003485669657,0.005578003485669614,0.0,0.0,0.5233708800824267,0.4766291199175733,0.01126111264070695,-0.00020710820502334304,1.0,0.003382906526931073,1.9348057656337663,2.0612550131332736,1.1684751029980498,2.6903500741001576,193480.5765633766,206125.50131332738,116847.51029980498,269035.00741001574
2022-06-28,0.0048165563625738265,0.004816556362573721,0.0,0.0,0.5256555866844332,0.47434441331556676,0.010408931970676827,0.028159482034787464,1.0,0.009994453662495628,1.9441248666545738,2.1192988866447156,1.1806376808545862,2.7172386532516435,194412.48666545737,211929.88866447157,118063.76808545862,271723.86532516434
2022-06-29,-0.008628164100658383,-0.008628164100658364,0.0,0.0,0.5215272452386583,0.47847275476134166,-0.015401334366621389,-0.056507685442464095,1.0,-0.02577132471869059,1.9273506382729075,1.9995422117996315,1.1624542851659123,2.647211813580518,192735.06382729075,199954.22117996315,116245.42851659123,264721.1813580518
2022-06-30,0.011181695112734948,0.011181695112735035,0.0,0.0,0.5268182196395499,0.4731817803604501,0.014396022943166997,0.022623775748196406,1.0,0.019608224456517664,1.9489016854854104,2.044779406398439,1.1791890037255435,2.69911893700515,194890.16854854106,204477.9406398439,117918.90037255434,269911.893700515
2022-07-01,-0.002787333827970452,-0.002960485902279375,0.17363605596140763,0.00017363605596140764,0.49999999999999994,0.5,-0.004078028811529966,-0.021943733940472332,1.0,-0.010475922858724562,1.9431319895206023,1.9999093111374748,1.1743802369941114,2.670843175234561,194313.19895206022,199990.93111374747,117438.02369941115,267084.3175234561
2022-07-04,0.0002665272038226438,0.00026652720382269735,0.0,0.0,0.5001332280930001,0.4998667719069999,0.006561861947916858,0.0016347381278467576,1.0,-0.0010939125982000197,1.9436498870564276,2.003178639140627,1.1820863579836287,2.6679215062373554,194364.98870564275,200317.86391406273,118208.63579836287,266792.15062373556
2022-07-05,-0.002927319924753359,-0.0029273199247533688,0.0,0.0,0.4986656620966928,0.5013343379033073,-0.001443495706211828,-0.009929948665790778,1.0,-0.004072371467943925,1.9379602020153026,1.983287178085552,1.1803800214015077,2.65705673881664,193796.02020153025,198328.7178085552,118038.00214015077,265705.673881664
2022-07-06,-0.009680794107514525,-0.009680794107514545,0.0,0.0,0.49376490436586074,0.5062350956341393,-0.014605059761133576,-0.028185165520701605,1.0,-0.015177938641507627,1.9191992083110352,1.9273879006961256,1.1631405006480906,2.616728094667877,191919.92083110352,192738.79006961256,116314.05006480907,261672.80946678767
2022-07-07,0.001993691746858099,0.0019936917468581505,0.0,0.0,0.49477217291500314,0.5052278270849968,0.0044078056587182335,0.02971982659920025,1.0,0.01953687703291651,1.9230254999332217,1.9846695348942112,1.1682673979287317,2.667850789681981,192302.54999332217,198466.9534894211,116826.73979287317,266785.0789681981
2022-07-08,-0.0004947782091423173,-0.0004947782091423436,0.0,0.0,0.4945220734517446,0.5054779265482554,-0.003305974834982739,-0.003454846362976993,0.9999999999999999,-0.007605937177066258,1.9220740288202296,1.9778128065698706,1.1644051353106486,2.6475592841778735,192207.40288202296,197781.28065698704,116440.51353106486,264755.92841778736
2022-07-11,-0.0067047702069947136,-0.00670477020699467,0.0,0.0,0.4911100835009618,0.5088899164990381,-0.01674501781528992,-0.03406042683476396,0.9999999999999998,-0.026134193893463276,1.9091869641361574,1.9104476581788383,1.1449071505756567,2.57836745650073,190918.69641361575,191044.76581788383,114490.71505756567,257836.74565007302
2022-07-12,-0.003911863515885898,-0.003911863515885905,0.0,0.0,0.48911155764261616,0.5108884423573838,-0.009415287671484585,-0.0250486979113288,0.9999999999999998,-0.01753831991219268,1.9017184853061482,1.862593431913711,1.1341275203958472,2.533147223197434,190171.8485306148,186259.3431913711,113412.75203958472,253314.7223197434
2022-07-13,-0.000657445838495915,-0.0006574458384959181,0.0,0.0,0.488775455193096,0.5112245448069039,0.0018174989915662465,0.044065435409106124,0.9999999999999999,0.017923647462499304,1.9004682084019928,1.9446694224811298,1.1361887960204742,2.5785504609966337,190046.82084019927,194466.942248113,113618.87960204741,257855.04609966336
2022-07-14,-0.001955357220747996,-0.001955357220748022,0.0,0.0,0.48777387013140167,0.5122261298685984,0.00014115599820430091,0.027143029173668287,0.9999999999999998,0.008606504619929956,1.896752114167892,1.9974536413486759,1.136349175884125,2.6007427674519237,189675.2114167892,199745.3641348676,113634.91758841251,260074.27674519236
2022-07-15,-0.006014931321951112,-0.006014931321951078,0.0,0.0,0.4846742209620574,0.5153257790379426,-0.017014995129648547,-0.03202738188156873,0.9999999999999999,-0.013930251463228016,1.8853432804664065,1.933480430786472,1.1170142001908765,2.5645137667101467,188534.32804664064,193348.0430786472,111701.42001908764,256451.37667101467
2022-07-18,0.00813550609437673,0.008135506094376632,0.0,0.0,0.488832824632505,0.511167175367495,0.010370645846916604,0.02510294714018224,0.9999999999999999,0.0192374789870271,1.900681502214633,1.9820164878370814,1.128598358867033,2.6138485464091747,190068.1502214633,198201.64878370814,112859.8358867033,261384.85464091747
2022-07-19,-0.003308314251817846,-0.0033083142518178787,0.0,0.0,0.4871361097150325,0.5128638902849675,-0.0054163104326292455,-0.02252939088655781,0.9999999999999999,-0.020433312590556807,1.8943934505126898,1.9373628636389972,1.1224855198016532,2.5604389619960237,189439.345051269,193736.28636389974,112248.55198016533,256043.89619960237
2022-07-20,0.0019694093945583323,0.0019694093945583635,0.0,0.0,0.48814416340827577,0.5118558365917243,0.003386940370174285,0.015469288126956693,1.0,0.002113006917197735,1.8981242867711194,1.967332487983095,1.1262873113236056,2.565849187233784,189812.42867711195,196733.24879830948,112628.73113236055,256584.91872337842
2022-07-21,-0.006833171522200541,-0.006833171522200532,0.0,0.0,0.48462250055589134,0.5153774994441087,-0.011144311125636075,-0.019115751648884904,1.0,-0.01394027359701,1.8851540779491578,1.9297254487320272,1.1137356151093591,2.5300805475550794,188515.40779491578,192972.5448732027,111373.56151093592,253008.05475550794
2022-07-22,0.0035147804034122232,0.003514780403412132,0.0,0.0,0.48642759478148667,0.5135724052185133,0.000512268475894917,0.02512119432617621,1.0,0.010442578155866578,1.891779980559746,1.978202456725792,1.1143061467554611,2.556501111413561,189177.9980559746,197820.2456725792,111430.61467554611,255650.1111413561
2022-07-25,0.00030881950910973267,0.00030881950910965905,0.0,0.0,0.48658614699554165,0.5134138530044583,-0.006037897896055466,0.0008212435964194409,1.0,-0.007160833942700728,1.8923641991246858,1.9798270428257994,1.1075780800164046,2.538194431480399,189236.41991246858,197982.70428257994,110757.80800164046,253819.4431480399
2022-07-26,0.002017474138247127,0.002017474138247044,0.0,0.0,0.4876198606755802,0.5123801393244198,0.00791427703292924,-0.001142215561258042,0.9999999999999998,0.00602515754344779,1.8961819949565644,1.9775656535688841,1.1163437597772543,2.55348745280597,189618.19949565644,197756.5653568884,111634.37597772543,255348.745280597
2022-07-27,-0.003751318595657996,-0.0037513185956580264,0.0,0.0,0.48569052196671075,0.5143094780332893,-0.004931723653903153,-0.0166915753845438,0.9999999999999998,-0.007257196604609217,1.8890688121781318,1.9445569673844545,1.1108382608512737,2.5349562923335545,188906.88121781318,194455.69673844546,111083.82608512737,253495.62923335546
2022-07-28,0.0029010642857958692,0.00290106428579584,0.0,0.0,0.4871782508282124,0.5128217491717876,0.00014911101433368046,0.012508284400179148,0.9999999999999998,0.005575145815947424,1.8945491222425526,1.968880038964849,1.11100389907111,2.5490890433003677,189454.91222425527,196888.0038964849,111100.38990711099,254908.90433003678
2022-07-29,-0.006923347198961401,-0.0069233471989613715,0.0,0.0,0.48360305548887916,0.5163969445111208,-0.013150577304900657,-0.030652381989972888,0.9999999999999998,-0.013784232176403122,1.8814325008837798,1.9085291759180658,1.0963935564103293,2.5139518080891903,188143.25008837797,190852.9175918066,109639.35564103293,251395.18080891902
2022-08-01,0.0008418167705023853,0.0007671884405706653,0.07456555939332354,7.456555939332355e-05,0.5,0.5,0.004455528644397022,0.03061278954792135,1.0,0.016177792042898487,1.8828759141501719,1.9669545779265134,1.101278569306448,2.554621997646326,188287.59141501717,196695.45779265134,110127.85693064479,255462.1997646326
2022-08-02,-0.010305270926680902,-0.010305270926680876,0.0,0.0,0.4947937123317156,0.5052062876682843,-0.019495401892720365,-0.02209289175633733,1.0,-0.02196857230385829,1.8634723677335323,1.9234988633467507,1.0798087010019786,2.4985005995820058,186347.23677335324,192349.88633467507,107980.87010019786,249850.05995820058
2022-08-03,-0.007548545700092105,-0.007548545700092113,0.0,0.0,0.49095113370087656,0.5090488662991235,-0.009749161192300071,-0.019302218610259936,1.0,-0.02320078964830219,1.849405861404837,1.8863710677898453,1.0692814719190622,2.440533412734947,184940.5861404837,188637.10677898454,106928.14719190622,244053.3412734947
2022-08-04,0.00576872437936315,0.005768724379363155,0.0,0.0,0.4938708532488461,0.506129146751154,0.008497705914462417,0.024129650162008076,1.0,0.005658529837174964,1.86007457408486,1.9318885417313478,1.078367911407214,2.45434324386953,186007.45740848602,193188.85417313478,107836.7911407214,245434.324386953
2022-08-05,0.006517685638528488,0.006517685638528503,0.0,0.0,0.49714828266522837,0.5028517173347716,0.013499807389419471,0.007831544574374627,1.0,0.012698946531114697,1.872197955422965,1.9470182129586404,1.0929256705061419,2.4855108174924316,187219.79554229652,194701.82129586404,109292.56705061419,248551.08174924317
2022-08-08,-0.004298205775665819,-0.004298205775665864,0.0,0.0,0.494977592436197,0.505022407563803,-0.0021265795987885916,0.012895117917724574,1.0,-0.008205665134516593,1.8641508633577764,1.9721252424026994,1.0906014770722512,2.46511554803587,186415.08633577763,197212.52424026994,109060.14770722511,246511.554803587
2022-08-09,0.0017579916099690204,0.001757991609969034,0.0,0.0,0.49586385954140544,0.5041361404585946,0.0019816444756237672,-0.0045668493350004,1.0,0.008679919611603859,1.867428024935276,1.963118843550895,1.0927626614643986,2.4865125528261363,186742.8024935276,196311.8843550895,109276.26614643986,248651.25528261362
2022-08-10,-0.005647475734394787,-0.005647475734394836,0.0,0.0,0.49300059269127694,0.5069994073087231,-0.0111998922115637,-0.013342879744258185,1.0,-0.013382444858559439,1.856881770478725,1.9369251848977083,1.0805238374431758,2.4532369356978245,185688.1770478725,193692.51848977082,108052.38374431759,245323.69356978245
2022-08-11,0.011178739600518123,0.011178739600518073,0.0,0.0,0.4986055506773995,0.5013944493226006,0.02039058431920271,0.05307620210676345,0.9999999999999998,0.022269038407109143,1.8776393682598558,2.0397298174770193,1.1025563498594693,2.507868163240618,187763.93682598558,203972.98174770194,110255.63498594693,250786.8163240618
2022-08-12,0.0007996518718615358,0.0007996518718615953,0.0,0.0,0.4990061713302862,0.5009938286697138,-0.0005699242167716001,-0.01103183141460784,0.9999999999999999,-0.0013507407954862494,1.8791408260953657,2.017227861999264,1.1019279762953291,2.5044806834028277,187914.08260953656,201722.7861999264,110192.79762953291,250448.06834028277
2022-08-15,-0.0024947224698876986,-0.002494722469887689,0.0,0.0,0.497753204965284,0.502246795034716,-0.0013051310499503366,-0.000715659672949509,1.0,0.005161211112639341,1.8744528912524223,2.015784213367281,1.1004898158786571,2.517406836937397,187445.28912524224,201578.42133672812,110048.98158786571,251740.6836937397
2022-08-16,-0.0016660983950524141,-0.0016660983950523844,0.0,0.0,0.4969150158806679,0.5030849841193321,-0.0018730528850748884,-0.011851739662574134,0.9999999999999998,0.0021189669960941515,1.8713298682987054,1.9918936636545255,1.0984285402540301,2.522741138940609,187132.98682987053,199189.36636545256,109842.85402540301,252274.11389406092
2022-08-17,0.004918686553269501,0.004918686553269547,0.0,0.0,0.49937742142616204,0.500622578573838,0.009363690328016316,0.016926373013395946,0.9999999999999998,0.020390248811752,1.8805343533586378,2.025609198808562,1.1087138849524238,2.574180458451251,188053.4353358638,202560.91988085618,110871.38849524238,257418.04584512507
2022-08-18,-0.005673747718056687,-0.005673747718056732,0.0,0.0,0.496520807506664,0.503479192493336,-0.008740893914099157,-0.006479900859136634,0.9999999999999996,-0.008818692513754223,1.869864675862542,2.0124834520209274,1.099022734502966,2.5514795525132543,186986.46758625418,201248.34520209275,109902.27345029659,255147.95525132545
2022-08-19,-0.0045645163284623955,-0.004564516328462442,0.0,0.0,0.4942121305176737,0.5057878694823263,-0.0069448099327769075,-0.006985703631305795,0.9999999999999996,-0.01839037520363096,1.8613296480175523,1.998424839062202,1.091390230500042,2.5045568862181433,186132.96480175524,199842.48390622018,109139.02305000421,250455.68862181433
2022-08-22,0.0014864020256861446,0.0014864020256861732,0.0,0.0,0.49496281880684595,0.505037181193154,0.007306549877501345,0.01109176968399872,0.9999999999999997,0.013788806214448002,1.8640963321768353,2.020590907107862,1.0993645276550084,2.5390917357752665,186409.63321768353,202059.0907107862,109936.45276550084,253909.17357752664
2022-08-23,-0.0029942210104942895,-0.0029942210104942912,0.0,0.0,0.4934460844298979,0.5065539155701021,-0.004859616396422184,-0.006162841581188294,0.9999999999999998,-0.0003487605831173912,1.8585148157734461,2.008138325446967,1.0940220377707712,2.538206200660909,185851.48157734462,200813.8325446967,109402.20377707713,253820.6200660909
2022-08-24,-0.007772590464353251,-0.007772590464353302,0.0,0.0,0.4894780060478629,0.510521993952137,-0.018903746142828304,-0.025750901219926736,0.9999999999999999,-0.032000905704455684,1.844069341238506,1.956426953792433,1.0733409228940929,2.4569813033750947,184406.9341238506,195642.6953792433,107334.0922894093,245698.13033750947
2022-08-25,0.0070560108789821776,0.007056010878982111,0.0,0.0,0.4930550153744265,0.5069449846255736,0.008284301958152218,0.025772940934695177,0.9999999999999999,0.0055539859741129405,1.8570811145718824,2.006849830115571,1.0822328032033894,2.4706273430726977,185708.11145718824,200684.98301155708,108223.28032033895,247062.73430726977
2022-08-26,0.0011731682963224224,0.0011731682963225243,0.0,0.0,0.49364905025547945,0.5063509497445206,-0.0021111499815364976,0.009141642954693108,1.0,0.0007155438932042735,1.8592597832591975,2.0251957347261738,1.0799480474408885,2.472395185380417,185925.97832591974,202519.57347261737,107994.80474408885,247239.51853804168
2022-08-29,-0.0031876620894284273,-0.0031876620894284446,0.0,0.0,0.49202981294765274,0.5079701870523472,-0.00438947791262434,-0.003134344321501503,1.0,-0.007923021790840257,1.8533330913337032,2.018848073975106,1.0752076393398649,2.4528063444510795,185333.30913337032,201884.80739751057,107520.76393398648,245280.63444510795
2022-08-30,-0.0019742241908196198,-0.0019742241908196068,0.0,0.0,0.4910249821549001,0.5089750178450999,-0.0033573622332205844,-0.011610771014032961,1.0,-0.010402601986507998,1.8496741963111456,1.9954076912760594,1.071597777818675,2.427290776299773,184967.41963111455,199540.76912760595,107159.7777818675,242729.0776299773
2022-08-31,0.00362583999112284,0.00362583999112287,0.0,0.0,0.4928637769533696,0.5071362230466304,0.0007483211843593018,0.012716735619819008,1.0,-0.010356141856208034,1.8563808189826787,2.0207827633397706,1.072399677136929,2.402153408694147,185638.08189826788,202078.27633397706,107239.96771369291,240215.3408694147
2022-09-01,-0.005810250989125005,-0.005924577105201001,0.11499426159825356,0.00011499426159825356,0.5,0.5,-0.008605387806337239,-0.025179675630157328,1.0,-0.01766572927274035,1.8453825476839996,1.9699001088398622,1.063171262031775,2.359717616904566,184538.25476839996,196990.01088398622,106317.1262031775,235971.7616904566
2022-09-02,-0.004663636612004382,-0.004663636612004418,0.0,0.0,0.49765725598724725,0.5023427440127528,-0.004978064860747589,0.021556250093928586,1.0,-0.0082294081440627,1.8367763540714666,2.0123637682460713,1.0578787265312979,2.340298537530323,183677.63540714665,201236.37682460714,105787.87265312979,234029.8537530323
2022-09-05,-0.002971030869051231,-0.002971030869051261,0.0,0.0,0.4961603327828928,0.5038396672171073,-0.002033000216223768,0.010798900697951419,1.0,-0.006602025997409111,1.8313192348239768,2.034095084747516,1.0557280588515212,2.3248478257438494,183131.9234823977,203409.50847475158,105572.80588515212,232484.78257438494
2022-09-06,0.002710938439100068,0.0027109384390999747,0.0,0.0,0.4975225183028079,0.5024774816971921,0.009177099339298778,0.001380068391332978,1.0,0.004008127607672218,1.8362838285319243,2.036902275078942,1.0654165801228868,2.33416611249785,183628.38285319242,203690.2275078942,106541.65801228868,233416.611249785
2022-09-07,0.0001959218449454439,0.00019592184494543474,0.0,0.0,0.49762094533406004,0.5023790546659399,0.0006662915691906246,-0.012803793129693708,1.0,0.012065186242280701,1.8366435966474537,2.0108221997234286,1.0661264582078986,2.362328261365557,183664.35966474537,201082.21997234286,106612.64582078987,236232.8261365557
2022-09-08,-0.0009001048579874567,-0.000900104857987416,0.0,0.0,0.4971683441178507,0.5028316558821493,-0.004266358896961364,0.008157989494160356,1.0000000000000002,-0.011994989362089092,1.8349904248237199,2.0272264661033965,1.0615779801076375,2.3339921590007147,183499.042482372,202722.64661033964,106157.79801076376,233399.21590007146
2022-09-09,0.010717185002292979,0.010717185002292906,0.0,0.0,0.5025001421332234,0.49749985786677664,0.013896594083731229,0.02067376252852471,1.0,0.014804917216713509,1.8546563566839918,2.0691368646551584,1.0763302983854206,2.3685467196991787,185465.63566839916,206913.68646551584,107633.02983854206,236854.67196991786
2022-09-13,0.004522738602179339,0.0045227386021793325,0.0,0.0,0.5047400733217238,0.49525992667827623,0.004230798355558063,-0.007865157512480181,1.0,0.010238490642513254,1.8630444825821437,2.052862777299766,1.080884034841867,2.3927970631251743,186304.44825821437,205286.2777299766,108088.4034841867,239279.70631251743
2022-09-14,-0.008310123330429077,-0.008310123330429131,0.0,0.0,0.500589913913888,0.49941008608611204,-0.01112838138604888,-0.027523833649578888,1.0,-0.025792565138253898,1.8475623531618106,1.9963601237119548,1.0688555450680552,2.3310806890118956,184756.23531618106,199636.01237119548,106885.55450680552,233108.06890118954
2022-09-15,-0.0028195580490048087,-0.0028195580490048,0.0,0.0,0.49917781669583255,0.5008221833041675,-0.009406301040990273,-0.006921297673747606,1.0,-0.02066279584949382,1.842353043857915,1.9825427210317448,1.0588015680418135,2.2829140446261453,184235.3043857915,198254.27210317447,105880.15680418134,228291.40446261453
2022-09-16,-0.009337478227604052,-0.009337478227604001,0.0,0.0,0.49445732295580774,0.5055426770441922,-0.02345100220504981,-0.01712455564761972,1.0,-0.017697868583183562,1.8251501124233318,1.9485925578816532,1.0339716101349548,2.242511331877648,182515.0112423332,194859.25578816532,103397.16101349548,224251.1331877648
2022-09-19,0.0016581816551157497,0.0016581816551157758,0.0,0.0,0.4952942168266965,0.5047057831733035,-0.0011900281741712426,0.0008088030870445628,1.0,0.004035486726396753,1.8281765428575847,1.9501685855578599,1.0327411547876009,2.2515609565912347,182817.65428575847,195016.858555786,103274.11547876008,225156.09565912347
2022-09-20,0.0007955210833904625,0.000795521083390538,0.0,0.0,0.4956954017670416,0.5043045982329584,0.0012321792260692188,-0.01571712378098533,1.0,0.00900890564559731,1.829630895841588,1.919517544504858,1.0340136769844368,2.271845056804476,182963.0895841588,191951.7544504858,103401.36769844368,227184.50568044762
2022-09-21,-0.00586568099846559,-0.005865680998465628,0.0,0.0,0.4927198582788489,0.5072801417211511,-0.007401775815949807,-0.020298336374426018,1.0,-0.010465479352638085,1.8188988646616442,1.8805545317098862,1.026360139556772,2.248069109270096,181889.88646616443,188055.45317098862,102636.0139556772,224806.91092700962
2022-09-22,-0.005363984288990474,-0.005363984288990431,0.0,0.0,0.48998414122524514,0.5100158587747549,-0.008809523199606484,-0.008736407273532087,1.0,-0.01056053153114378,1.8091423197283365,1.8641252414207823,1.0173183960961953,2.224328304557459,180914.23197283366,186412.52414207824,101731.83960961954,222432.83045574592
2022-09-23,-0.0007287324794624862,-0.0007287324794624794,0.0,0.0,0.4896122050619525,0.5103877949380475,-0.0034424475491944273,-0.006090380137245832,1.0,-0.002813297597715758,1.8078239389599804,1.8527720100770946,1.0138163308768036,2.2180706070817164,180782.39389599804,185277.20100770946,101381.63308768035,221807.06070817163
2022-09-26,0.00011502520812428077,0.00011502520812434192,0.0,0.0,0.48967090577222794,0.5103290942277721,-0.005015534151793899,-0.006289516244083804,1.0,0.0010869638448482988,1.8080318842848115,1.841118970423131,1.0087315004456445,2.220481569636935,180803.18842848117,184111.8970423131,100873.15004456445,222048.1569636935
2022-09-27,0.006281908072828486,0.006281908072828468,0.0,0.0,0.49285673315430645,0.5071432668456936,0.014496908785721185,0.00583298674845989,1.0,0.00998909532604264,1.8193897743746317,1.8518581929799471,1.0233549889968887,2.242662171705759,181938.97743746318,185185.81929799472,102335.49889968887,224266.2171705759
2022-09-28,-0.006539686112261655,-0.006539686112261633,0.0,0.0,0.48951834335377276,0.5104816566462272,-0.0163373840659764,-0.024124746188435298,1.0,-0.021757544507510107,1.807491536334363,1.8071825840973315,1.0066360455058134,2.1938673496895618,180749.1536334363,180718.25840973316,100663.60455058134,219386.73496895618
2022-09-29,-0.00017540506860056198,-0.00017540506860058702,0.0,0.0,0.4894287865750565,0.5105712134249435,-0.00041005978514963015,0.012046099870820726,1.0,0.005871715996311533,1.8071744931574374,1.8289520859901758,1.0062232645452693,2.2067491157005197,180717.44931574372,182895.20859901758,100622.32645452693,220674.91157005198
2022-09-30,-0.0025693834480847067,-0.002569383448084661,0.0,0.0,0.4881135540134397,0.5118864459865603,-0.005813740809063717,0.0030460994691436927,1.0,-0.018071212572178474,1.802531168926918,1.8345232559683997,1.0003733432891533,2.1668704833372288,180253.1168926918,183452.32559683998,100037.33432891533,216687.04833372287
2022-10-10,-0.012549936891636762,-0.012707374756044443,0.1594388114292494,0.0001594388114292494,0.5,0.5,-0.022063712748594533,-0.03659954186008574,1.0,-0.026330293786758885,1.7796257298539127,1.7673805452682836,0.9783013932014702,2.1098161469131034,177962.57298539128,176738.05452682835,97830.13932014702,210981.61469131033
2022-10-11,0.0016059309780422964,0.0016059309780422915,0.0,0.0,0.5008016780494072,0.49919832195059277,0.0018140577380985068,0.010953019334638991,0.9999999999999999,0.01936920696200395,1.7824836859428062,1.786738698552272,0.980076088414,2.150681612514441,178248.36859428062,178673.8698552272,98007.6088414,215068.1612514441
2022-10-12,0.002080262173626893,0.00208026217362689,0.0,0.0,0.5018379856442092,0.49816201435579077,0.015189031276742426,-0.003992821596583318,0.9999999999999999,0.02188474711260402,1.78619171932978,1.7796045696892413,0.9949624947745076,2.197748735724047,178619.171932978,177960.45696892412,99496.24947745076,219774.87357240467
2022-10-13,-0.00692784042410581,-0.006927840424105769,0.0,0.0,0.49836272263584747,0.5016372773641525,-0.008360837246420005,-0.009515123055058194,0.9999999999999998,-0.016710181823316184,1.7738172681314042,1.7626714132193042,0.9866437752894059,2.161023954748135,177381.7268131404,176267.14132193042,98664.37752894059,216102.3954748135
2022-10-14,0.015638926133123086,0.01563892613312312,0.0,0.0,0.5060869916890116,0.4939130083109884,0.023929628770981592,0.011046445710903852,0.9999999999999997,0.026848302411326852,1.8015578653613695,1.7821426672915934,1.0102537945612813,2.2190437794033344,180155.78653613696,178214.26672915934,101025.37945612812,221904.37794033345
2022-10-17,0.0017710733584685341,0.0017710733584686,0.0,0.0,0.5069602013410811,0.4930397986589189,0.0010253821109860173,0.005618846705757186,0.9999999999999998,-0.004244457750706365,1.8047485565004506,1.792156253746894,1.0112896907297801,2.2096251418346893,180474.85565004506,179215.6253746894,101128.96907297801,220962.51418346894
2022-10-18,-0.0012157552365160303,-0.0012157552365160695,0.0,0.0,0.5063600559942026,0.49363994400579736,-0.002116259057146741,-0.004921939198750613,0.9999999999999998,0.001793056928491188,1.8025544239922904,1.7833353696312912,1.0091495397623742,2.2135871255046244,180255.44239922904,178333.53696312913,100914.95397623742,221358.71255046246
2022-10-19,-0.014767038161875351,-0.014767038161875301,0.0,0.0,0.4989611968677685,0.5010388031322315,-0.016085371795105496,-0.05708710628255664,0.9999999999999998,-0.019627800109233928,1.775936034024339,1.6815299138477073,0.9929169942184368,2.170139279880846,177593.60340243392,168152.99138477072,99291.69942184369,217013.9279880846
2022-10-20,-0.004500889496322185,-0.0045008894963222135,0.0,0.0,0.4966958806435012,0.5033041193564989,-0.005719536187982155,0.006604310187825924,0.9999999999999999,-0.019080595926741606,1.7679427421826588,1.6926352589888658,0.987237969538342,2.1287317291766894,176794.27421826587,169263.52589888658,98723.7969538342,212873.17291766894
2022-10-21,-0.002459899789251807,-0.0024598997892517627,0.0,0.0,0.49545474988908533,0.5045452501109147,-0.0032064512520872945,-0.012378811417883107,1.0,-0.002667634938086638,1.7635937802037545,1.6716824463185829,0.9840724391148077,2.1230530500421243,176359.37802037544,167168.24463185828,98407.24391148076,212305.30500421242
2022-10-24,-0.018955592845306377,-0.018955592845306346,0.0,0.0,0.4857060022652403,0.5142939977347597,-0.0292608118325679,-0.026997498327015812,1.0,-0.03245321386376088,1.7301638145616973,1.6265512022707953,0.9552776806442531,2.054153155364997,173016.38145616974,162655.12022707952,95527.76806442531,205415.31553649972
2022-10-25,-0.002080429808424777,-0.002080429808424822,0.0,0.0,0.48463381910024245,0.5153661808997576,-0.0016293413552707081,-0.0034611772811952157,1.0,0.0022359264705140713,1.7265643301884253,1.6209214202027948,0.9537212072134124,2.0587460907795676,172656.43301884254,162092.14202027948,95372.12072134124,205874.60907795676
2022-10-26,0.0029865598680425534,0.0029865598680425265,0.0,0.0,0.4861684079121045,0.5138315920878955,0.008118650842878772,-0.0025699979476702106,1.0,0.003662253955963868,1.7317208179265597,1.616755655479539,0.9614641366962269,2.06628574179485,173172.08179265598,161675.5655479539,96146.41366962269,206628.574179485
2022-10-27,-0.0041583703395316855,-0.004158370339531703,0.0,0.0,0.4840227835593838,0.5159772164406162,-0.007044217780087014,-0.006940040193810448,1.0000000000000002,-0.00938707723948018,1.7245196814409443,1.6055353062469406,0.9546913739295954,2.0468893579377854,172451.96814409443,160553.53062469407,95469.13739295953,204688.93579377854
2022-10-28,-0.013516110214616437,-0.013516110214616406,0.0,0.0,0.4769532257106899,0.5230467742893101,-0.024733279355794613,-0.010725185263345871,1.0000000000000002,-0.04100027836229192,1.7012108833593134,1.5883156426405995,0.9310787254796273,1.962966324485523,170121.08833593133,158831.56426405997,93107.87254796273,196296.63244855232
2022-10-31,-0.006759130908866776,-0.006759130908866817,0.0,0.0,0.4733938256407784,0.5266061743592216,-0.009214052347564339,-0.03364182038795527,1.0000000000000002,-0.002594074637243704,1.6897121762950988,1.5348818130715047,0.9224997173633546,1.9578742433294116,168971.2176295099,153488.1813071505,92249.97173633546,195787.42433294115
2022-11-01,0.0230968699535777,0.02288332287926287,0.20872615349167012,0.00020872615349167012,0.5,0.5,0.03575968307350319,0.056317790670738166,1.0,0.049103205204731104,1.7283784055982816,1.6213229657243888,0.9554880148916644,2.0540121440646733,172837.84055982815,162132.29657243888,95548.80148916644,205401.21440646733
2022-11-02,0.006811782532758833,0.0068117825327589365,0.0,0.0,0.5033828480411814,0.4966171519588186,0.012008243973176791,0.010446536818280672,1.0,0.014622511768225044,1.7401517434315337,1.6382601757801527,0.9669617480879298,2.0840469608133363,174015.17434315337,163826.01757801528,96696.17480879297,208404.69608133362
2022-11-03,-0.006001772616937207,-0.00600177261693724,0.0,0.0,0.5003842680220049,0.49961573197799514,-0.008132557146780295,-0.0074346073443777305,1.0,-0.014116678489512924,1.7297077483484906,1.626080354645296,0.9590978764128542,2.054627139910488,172970.77483484906,162608.0354645296,95909.78764128541,205462.7139910488
2022-11-04,0.01939242041786531,0.019392420417865264,0.0,0.0,0.5098887121671999,0.4901112878328001,0.032695523451848896,0.012651002779955345,1.0000000000000002,0.04562156519852656,1.7632509682045037,1.6466519017323444,0.990456083523729,2.1483624459325767,176325.09682045036,164665.19017323444,99045.6083523729,214836.24459325767
2022-11-07,0.003267345197017669,0.003267345197017768,0.0,0.0,0.5114848597643193,0.48851514023568066,0.002158118693873723,0.05538156867429134,1.0000000000000002,0.012106134039025163,1.7690121177866036,1.7378460671107867,0.9925936053130425,2.1743708096674443,176901.21177866036,173784.60671107867,99259.36053130425,217437.08096674443
2022-11-08,-0.004997535737024013,-0.004997535737023995,0.0,0.0,0.5090312257693387,0.4909687742306613,-0.006878923529256009,-0.016841281847019274,1.0,-0.007732533753828097,1.7601714165087365,1.70857851168784,0.9857656298064655,2.157557413988352,176017.14165087364,170857.851168784,98576.56298064656,215755.74139883523
2022-11-09,-0.004185607885372819,-0.004185607885372811,0.0,0.0,0.5069675854070742,0.4930324145929258,-0.009351004046056266,0.01670166254361738,1.0000000000000002,-0.012725445774075639,1.7528040291481897,1.7371146134193263,0.9765477314136821,2.1301015341121885,175280.40291481896,173711.46134193262,97654.7731413682,213010.15341121884
2022-11-10,-0.007600789177108617,-0.007600789177108602,0.0,0.0,0.5031914483445564,0.4968085516554436,-0.007694647938895072,-0.016066814008696695,1.0000000000000002,-0.01941695622702788,1.7394813352538478,1.709204716013729,0.9690335404249272,2.088741445865207,173948.1335253848,170920.4716013729,96903.35404249272,208874.1445865207
2022-11-11,0.019807632399957864,0.019807632399957864,0.0,0.0,0.5128409163929454,0.4871590836070546,0.027878090669589684,0.0426491120129171,1.0,0.04494874755254119,1.7739363421091439,1.7821007794000046,0.9960483453267668,2.182627757817932,177393.63421091437,178210.07794000045,99604.83453267667,218262.7757817932
2022-11-14,0.0047927272036223266,0.004792727203622338,0.0,0.0,0.5151646002028323,0.4848353997971677,0.0014729017748729145,0.020559019644427412,1.0000000000000002,-0.006626890620551662,1.7824383350734647,1.8187390243320387,0.9975154267024579,2.1681637224014927,178243.83350734648,181873.90243320388,99751.54267024579,216816.37224014927
2022-11-15,0.011674068489302575,0.011674068489302636,0.0,0.0,0.520759289084917,0.479240710915083,0.018964053958598015,-0.008982529578869025,1.0,0.02079259408450307,1.8032466422750708,1.8024021472497327,1.016432363078977,2.2132454705901323,180324.66422750708,180240.21472497328,101643.2363078977,221324.54705901325
2022-11-16,-0.005625355427309764,-0.005625355427309797,0.0,0.0,0.5180481385654944,0.48195186143450564,-0.008168713156077256,0.007521563757131533,1.0,-0.013671092680102803,1.7931027389891705,1.8159590299162622,1.0081294186624312,2.182987986637877,179310.27389891705,181595.90299162624,100812.94186624313,218298.7986637877
2022-11-17,-0.0042121998150408,-0.00421219981504084,0.0,0.0,0.5160094737603864,0.4839905262396136,-0.004102347439879583,-0.015602683941390638,1.0,-0.013025986418545243,1.7855498319636511,1.7876251951219644,1.0039937215227142,2.1545524147720845,178554.98319636512,178762.51951219645,100399.37215227142,215455.24147720844
2022-11-18,-0.001226001669084176,-0.0012260016690841535,0.0,0.0,0.5154153721978885,0.48458462780211153,-0.004475391891396341,-0.010155398149168438,1.0,-0.00021319646751682964,1.7833607448894309,1.7694711495240159,0.9995004561623986,2.154093071808175,178336.0744889431,176947.11495240158,99950.04561623986,215409.3071808175
2022-11-21,-0.005463797419864044,-0.005463797419864025,0.0,0.0,0.5127531541386342,0.4872468458613658,-0.008533316498183674,-0.00903873887644635,1.0000000000000002,-0.00950908073622847,1.773616823052817,1.7534773618540629,0.9909714024298859,2.1336096268750007,177361.68230528172,175347.73618540628,99097.1402429886,213360.96268750005
2022-11-22,-0.00010878794999654476,-0.00010878794999658048,0.0,0.0,0.5127001417860255,0.4872998582139745,0.0001167378148272391,-0.0023633725540956885,1.0,-0.00422923065562264,1.7734238749145577,1.7493332415828289,0.9910870862659619,2.1245860996338894,177342.38749145577,174933.3241582829,99108.70862659618,212458.60996338894
2022-11-23,-0.0008574578911762531,-0.0008574578911763053,0.0,0.0,0.5122819440903167,0.4877180559096833,0.001050517698305109,-0.0034095977622496942,1.0000000000000002,0.0027321764323837705,1.7719032386186118,1.7433687188768991,0.9921282407906459,2.1303908437038794,177190.32386186116,174336.87188768992,99212.8240790646,213039.08437038795
2022-11-24,-0.0027502449287640654,-0.0027502449287640784,0.0,0.0,0.5109369007818464,0.4890630992181536,-0.004430864469078144,0.011565986629958225,1.0000000000000002,-0.0045133062684042935,1.7670300707223403,1.7635324981705167,0.9877322550197576,2.1207757373548395,176703.00707223403,176353.24981705166,98773.22550197576,212077.57373548395
2022-11-25,0.0021673194156256125,0.002167319415625535,0.0,0.0,0.5119945644372723,0.4880054355627277,0.005049496780513252,0.006329352377903996,1.0000000000000002,-0.0023538005606016377,1.770859789302611,1.7746945167813233,0.992719805861489,2.1157838542353433,177085.9789302611,177469.45167813232,99271.9805861489,211578.38542353435
2022-11-28,-0.0076219191726429715,-0.007621919172642988,0.0,0.0,0.5082464586925661,0.4917535413074339,-0.011266546250046416,-0.019216016096672783,1.0000000000000002,-0.011702856213991808,1.757362439122463,1.7405919583801766,0.9815352822554134,2.0910231400093418,175736.24391224628,174059.19583801765,98153.52822554135,209102.3140009342
2022-11-29,0.02128563129866272,0.021285631298662677,0.0,0.0,0.5184955841568807,0.4815044158431193,0.030852557028211436,0.029898679661901628,1.0000000000000004,0.03517175943881923,1.7947690080597423,1.7926333597658675,1.0118181555264,2.1645681028707546,179476.90080597423,179263.33597658674,101181.81555264001,216456.81028707547
2022-11-30,0.0013058075133931637,0.0013058075133931535,0.0,0.0,0.5191235162823334,0.48087648371766656,0.001200492669718889,-0.005114517400035545,1.0000000000000002,0.009199814657829375,1.7971126309152718,1.7834649052554608,1.013032835805198,2.184481728231415,179711.2630915272,178346.49052554608,101303.28358051981,218448.1728231415
2022-12-01,0.009581559682739809,0.009366376173001179,0.213141283807008,0.000213141283807008,0.5,0.5,0.010830409235305094,0.03662110402631957,1.0,0.02601782304809852,1.813945063841676,1.8487773590781111,1.02400439598577,2.2413171872883444,181394.50638416762,184877.73590781112,102400.43959857701,224131.71872883444
2022-12-02,-0.003910882096713833,-0.0039108820967138636,0.0,0.0,0.49803688142635966,0.5019631185736404,-0.006115893878200773,-0.020367188233974987,1.0,-0.008694515027272698,1.8068509385670752,1.811122962603056,1.01774169376911,2.2218300213225812,180685.09385670754,181112.2962603056,101774.169376911,222183.00213225812
2022-12-05,0.01381270068846427,0.013812700688464297,0.0,0.0,0.5048758826627788,0.49512411733722117,0.019615339903641393,0.06153198874543109,1.0,0.015169461595050615,1.831808429770173,1.9225649603545392,1.0377050430264987,2.2555339865017645,183180.8429770173,192256.49603545392,103770.50430264988,225553.39865017644
2022-12-06,0.005099426424836894,0.005099426424836961,0.0,0.0,0.5073879217119944,0.4926120782880056,0.005401735041349109,-0.008823019410642674,1.0,0.012582168943430005,1.8411496020821823,1.9056021323911096,1.0433104507199995,2.2839134961775778,184114.96020821822,190560.21323911098,104331.04507199995,228391.34961775778
2022-12-07,0.0007479825783047074,0.0007479825783047733,0.0,0.0,0.5077561115648209,0.4922438884351791,-0.0024595534499268767,-0.021900331952403596,1.0,0.011632149324948715,1.8425267499085924,1.8638688131225363,1.0407443729015864,2.310480319010381,184252.67499085923,186386.88131225362,104074.43729015863,231048.03190103808
2022-12-08,-0.0009525693276745924,-0.0009525693276746239,0.0,0.0,0.5072867680527284,0.49271323194727157,0.0001869423308171747,0.011928076823067402,1.0,0.002390796005170115,1.8407716154412095,1.8861011835135812,1.0409389320804414,2.316004206127095,184077.16154412096,188610.11835135813,104093.89320804414,231600.42061270948
2022-12-09,0.008581997964485208,0.008581997964485222,0.0,0.0,0.5114792521166719,0.4885207478833281,0.009865679256815696,0.03866576953525924,0.9999999999999999,0.015374533810006419,1.856569113698008,1.959028737195497,1.0512085017102792,2.351611691098313,185656.9113698008,195902.8737195497,105120.85017102792,235161.1691098313
2022-12-12,-0.00806352996464181,-0.008063529964641769,0.0,0.0,0.5075080283458935,0.4924919716541065,-0.011204930169274374,-0.042175695599387386,0.9999999999999998,-0.017404625997515577,1.8415986130182758,1.8764053375050875,1.039429783855268,2.310682769123362,184159.86130182756,187640.53375050877,103942.9783855268,231068.27691233618
2022-12-13,-0.0006822773591846775,-0.0006822773591846909,0.0,0.0,0.5071717828113383,0.49282821718866165,-0.0019628475454288585,0.01220371575823087,0.9999999999999998,-0.006929330726122451,1.8403421319799074,1.8993044548912268,1.037389541655382,2.2946712840129537,184034.21319799073,189930.44548912268,103738.9541655382,229467.12840129537
2022-12-14,0.004140816724876877,0.004140816724876872,0.0,0.0,0.509204078770467,0.49079592122953297,0.002334198414468469,0.013295573550452078,0.9999999999999998,0.0033231506260917865,1.8479626514595053,1.9245567969659343,1.0398110146787,2.3022968223270963,184796.26514595054,192455.67969659343,103981.10146787,230229.68223270963
2022-12-15,-0.002971910860519479,-0.002971910860519511,0.0,0.0,0.5077411292864062,0.49225887071359375,-0.0007332694461793521,-0.015949425314126575,0.9999999999999997,0.009741006910222838,1.8424706711857983,1.8938612220699313,1.0390485530318354,2.3247235115827687,184247.06711857984,189386.12220699314,103904.85530318355,232472.35115827687
2022-12-16,0.0026485272140920092,0.0026485272140919225,0.0,0.0,0.5090414463766688,0.4909585536233312,0.0005668030536514213,0.02435997378802912,0.9999999999999998,-0.0013696041182947871,1.8473505048996002,1.9399956317977196,1.0396374889245859,2.321539560687408,184735.05048996,193999.56317977197,103963.74889245859,232153.9560687408
2022-12-19,-0.00831636001538183,-0.00831636001538183,0.0,0.0,0.5049242179381457,0.4950757820618543,-0.015429046868796203,-0.02343554827110661,0.9999999999999997,-0.010873217431264903,1.8319872730262576,1.8945307705229881,1.023596873381411,2.2962969562687707,183198.72730262578,189453.07705229882,102359.6873381411,229629.69562687707
2022-12-20,-0.011043798238188534,-0.011043798238188574,0.0,0.0,0.49939564443816253,0.5006043555618375,-0.01649020605051854,-0.026501406251386306,0.9999999999999996,-0.02182956667240532,1.8117551752080263,1.8443230409176066,1.006717550026685,2.24616978876226,181175.51752080262,184432.30409176066,100671.75500266849,224616.978876226
2022-12-21,0.001959075506705597,0.0019590755067055987,0.0,0.0,0.5003744486183985,0.4996255513816015,0.0003969684148945607,0.010210467475969986,0.9999999999999994,0.0002602962632636263,1.8153045403959234,1.8631544413420777,1.0071171850967655,2.2467544583649306,181530.45403959232,186315.44413420776,100711.71850967655,224675.44583649305
2022-12-22,0.005768541087658686,0.005768541087658674,0.0,0.0,0.5032400289222646,0.4967599710777354,0.0014332182929821524,0.012740088953577589,0.9999999999999996,0.00037729953232212843,1.8257761992238106,1.886891194659029,1.0085606038696229,2.2476021577713143,182577.61992238107,188689.1194659029,100856.06038696229,224760.21577713144
2022-12-23,-0.0019130922514906347,-0.0019130922514906112,0.0,0.0,0.5022878596831515,0.4977121403168485,-0.0020359590514152925,-0.0009858374941911219,0.9999999999999996,-0.007927158351279107,1.8222833209241196,1.885031026571875,1.0065072157792736,2.2297850595559847,182228.33209241196,188503.1026571875,100650.72157792735,222978.50595559846
2022-12-26,-0.0019526498868003754,-0.0019526498868003284,0.0,0.0,0.5013141007183703,0.49868589928162965,0.003988798971845897,-0.017009102730819237,0.9999999999999996,0.006160661842119053,1.818725039603799,1.8529683401901325,1.0105219707267294,2.2435220112885186,181872.5039603799,185296.83401901324,101052.19707267295,224352.20112885186
2022-12-27,0.006583257723178789,0.006583257723178804,0.0,0.0,0.5045756071786625,0.49542439282133754,0.011541593707802056,0.02874680616240588,0.9999999999999996,0.010257048533406588,1.8306981752671094,1.906235261890653,1.0221850047456649,2.266533925444071,183069.81752671095,190623.5261890653,102218.50047456649,226653.3925444071
2022-12-28,2.4491567517446252e-05,2.4491567517381796e-05,0.0,0.0,0.5045877406014625,0.4954122593985375,-0.004267139935954289,0.013072346879390517,0.9999999999999993,-0.008842600373970666,1.830743011935073,1.9311542304678135,1.017823198289981,2.246491871707322,183074.3011935073,193115.42304678136,101782.31982899811,224649.1871707322
2022-12-29,-0.002523957029165541,-0.0025239570291655244,0.0,0.0,0.5033341774073836,0.4966658225926164,-0.003761049374105707,-0.006590371355748026,0.9999999999999994,-0.004141414142962985,1.8261222952415037,1.9184272069438069,1.0139951149871023,2.237188218497782,182612.22952415037,191842.7206943807,101399.51149871023,223718.82184977818
2022-12-30,0.0037406721391284098,0.0037406721391284314,0.0,0.0,0.5051851176518097,0.49481488234819027,0.003871185210153838,0.006282162863100904,0.9999999999999993,0.004451003532036646,1.8329532200339549,1.9304790790988315,1.0179204778794086,2.2471459511601464,183295.3220033955,193047.90790988316,101792.04778794087,224714.59511601465
2023-01-03,0.0009595047031130458,0.000843354961509446,0.11603840221089087,0.00011603840221089087,0.49999999999999994,0.5,0.004202364378827594,0.030376077132715507,1.0,0.005004766523494464,1.8344990502262852,1.9891194605086313,1.0221981506361282,2.258392391989919,183449.90502262852,198911.94605086313,102219.81506361281,225839.23919899188
2023-01-04,0.001872088807736618,0.0018720888077365938,0.0,0.0,0.5009342953200564,0.4990657046799436,0.0012989017207232223,0.02544480890611811,1.0,-0.009272269515158915,1.8379333953660173,2.039732225072714,1.0235258855729095,2.237451969060404,183793.33953660174,203973.22250727142,102352.58855729095,223745.1969060404
2023-01-05,0.011885841026814404,0.011885841026814337,0.0,0.0,0.5067964344935245,0.4932035655064755,0.01942742650175311,0.04645419457417632,1.0,0.031373811328630596,1.8597787795212108,2.1344863427354595,1.043410359487519,2.307649364994578,185977.87795212108,213448.63427354593,104341.0359487519,230764.9364994578
2023-01-06,0.0006589389039275242,0.0006589389039275417,0.0,0.0,0.5071212115021864,0.49287878849781364,0.0031018651507592754,-0.006536670209506545,1.0,0.008253104128153721,1.8610042601117363,2.120533909446302,1.0466468777195546,2.326694635495146,186100.42601117364,212053.39094463017,104664.68777195546,232669.46354951462
2023-01-09,0.006821461258162107,0.006821461258162076,0.0,0.0,0.510460585651508,0.489539414348492,0.008096179497549594,0.017212910073334697,1.0,0.013924472832225199,1.873699028573363,2.157034468937058,1.0551207187121219,2.359092631735982,187369.9028573363,215703.44689370578,105512.07187121219,235909.2631735982
2023-01-10,-0.0005108567587708638,-0.0005108567587708279,0.0,0.0,0.5102103733103377,0.4897896266896623,0.0010839446615102943,-0.009114038564220661,0.9999999999999999,0.009579801750350336,1.872741836760714,2.1373751736028126,1.0562644111824189,2.381692271458725,187274.1836760714,213737.51736028126,105626.44111824188,238169.2271458725
2023-01-11,0.0009166587345851357,0.0009166587345852406,0.0,0.0,0.5106589320744429,0.4893410679255571,-0.00185191177532118,0.00866572085855144,1.0,-0.00099118436573975,1.874458501923004,2.1558970702272524,1.0543083026814974,2.379331575315252,187445.8501923004,215589.70702272526,105430.83026814974,237933.15753152518
2023-01-12,-0.0011527050843295817,-0.0011527050843296305,0.0,0.0,0.5100942151854447,0.48990578481455527,0.0019550975927860037,0.00115160330522035,0.9999999999999998,0.006154769643059499,1.8722978040774725,2.158379808419041,1.0563695783061244,2.3939758130657753,187229.78040774725,215837.98084190412,105636.95783061245,239397.58130657754
2023-01-13,0.010490759430886336,0.010490759430886287,0.0,0.0,0.5151803415891969,0.4848196584108031,0.014064666104179668,0.02908325960313607,0.9999999999999998,0.015215377628428728,1.891939629923026,2.2211525287094593,1.0712270637076131,2.430401059094896,189193.9629923026,222115.25287094593,107122.70637076131,243040.1059094896
2023-01-16,0.012594326984773464,0.012594326984773474,0.0,0.0,0.5212103746873022,0.47878962531269775,0.0156048282192629,0.04259786096655693,0.9999999999999998,0.014639717438682087,1.9157673362577279,2.315768875312941,1.0879433780205958,2.465981443862719,191576.7336257728,231576.8875312941,108794.33780205958,246598.1443862719
2023-01-17,-0.002771586272999077,-0.002771586272999116,0.0,0.0,0.5198796797984436,0.48012032020155637,-0.00017399878200863306,-0.006571219897498648,0.9999999999999998,-0.004414461375827683,1.9104576218062959,2.3005514488014764,1.087754077197926,2.455095464025279,191045.7621806296,230055.14488014765,108775.4077197926,245509.54640252792
2023-01-18,-0.0015089146842828978,-0.001508914684282936,0.0,0.0,0.5191541243958678,0.48084587560413217,-0.0016750297299648054,0.003539831061790011,0.9999999999999998,0.00029886797294964573,1.907574904247052,2.30869501227919,1.085932056779729,2.45582921343001,190757.4904247052,230869.50122791898,108593.2056779729,245582.921343001
2023-01-19,0.005975300002844056,0.005975300002843964,0.0,0.0,0.5220102565114941,0.47798974348850587,0.006222293241911592,-0.0038010977823955683,0.9999999999999997,0.0051725313612098756,1.9189732365778245,2.2999194367877878,1.0926890444778048,2.468532067054252,191897.32365778246,229991.94367877877,109268.90444778049,246853.2067054252
2023-01-20,0.0032305168839783863,0.0032305168839783516,0.0,0.0,0.5235494380961057,0.47645056190389434,0.006140504955473913,0.005963159610294255,0.9999999999999996,0.011078121576480804,1.9251725120184917,2.3136342234801712,1.099398706970213,2.4958787654085204,192517.25120184917,231363.42234801713,109939.8706970213,249587.87654085204
2023-01-30,0.00023004215515773797,0.00023004215515776139,0.0,0.0,0.5236590166025163,0.47634098339748365,0.004739891857765022,0.008170989160727116,0.9999999999999998,0.015554349851083948,1.925615382852207,2.332538903642115,1.1046097379498183,2.534700536911576,192561.53828522068,233253.8903642115,110460.97379498184,253470.0536911576
2023-01-31,-0.007022042941008523,-0.0070220429410084995,0.0,0.0,0.5202904757238384,0.47970952427616165,-0.010589453389981962,-0.028034404703498272,0.9999999999999998,-0.007139239649688767,1.9120936289459523,2.2671475640307577,1.0929125246156786,2.5166047023383693,191209.36289459522,226714.75640307576,109291.25246156786,251660.47023383694
2023-02-01,0.006628070388807386,0.006284561730418137,0.3412468502457747,0.00034124685024577474,0.7706077477638951,0.22939225223610493,0.0093989213011747,0.004310052851244084,1.0,0.02211450142257121,1.9241102993914023,2.2769190898532994,1.1031847234236094,2.5722581606082806,192411.02993914022,227691.90898532994,110318.47234236094,257225.81606082807
2023-02-02,-0.00403653273180425,-0.004036532731804265,0.0,0.0,0.7696780456563338,0.2303219543436662,-0.003522461051542969,-0.013228294812972052,0.9999999999999999,-0.008261771880836433,1.9163435651883072,2.246799332867436,1.0992987982026925,2.551006750466715,191634.35651883073,224679.93328674362,109929.87982026926,255100.6750466715
2023-02-03,-0.01129749983268586,-0.011297499832685909,0.0,0.0,0.7670462507127374,0.23295374928726265,-0.009451945039044118,-0.021642866873352484,1.0,-0.01749639795016167,1.8946936740812235,2.198172154015049,1.0889082863805934,2.5063733211870005,189469.36740812234,219817.21540150492,108890.82863805935,250637.33211870005
2023-02-06,-0.019206694321826968,-0.019206694321826978,0.0,0.0,0.7624843604268017,0.23751563957319832,-0.013219432928581298,-0.0352469720929911,1.0,-0.02147762843206169,1.8583028718496462,2.1206932414468906,1.0745135363234088,2.452542366282514,185830.2871849646,212069.32414468908,107451.35363234089,245254.23662825138
2023-02-07,0.003964885717820835,0.003964885717820943,0.0,0.0,0.7634223637180516,0.2365776362819484,0.0017984379281994478,0.017445004837353784,1.0000000000000002,0.0009029017360797642,1.8656708303656284,2.157688745302475,1.0764459822214967,2.4547567710428395,186567.08303656284,215768.8745302475,107644.59822214967,245475.67710428394
2023-02-08,-0.0037119577469896248,-0.0037119577469896248,0.0,0.0,0.7625409256674901,0.2374590743325099,-0.0044184132303266566,-0.0164296150055514,1.0000000000000002,-0.0067809155435260005,1.8587455390735201,2.1222387499153443,1.0716897990519172,2.4381112726984995,185874.553907352,212223.87499153442,107168.97990519172,243811.12726984994
2023-02-09,0.00991028969945689,0.009910289699456953,0.0,0.0,0.7648711209753334,0.23512887902466661,0.013424465302958044,0.005350100123698631,1.0000000000000002,0.01167304882677933,1.877166245843312,2.1335929397137843,1.0860766615748236,2.4665714646298302,187716.6245843312,213359.2939713784,108607.66615748237,246657.14646298302
2023-02-10,-0.007054574288840288,-0.007054574288840265,0.0,0.0,0.7632006020308068,0.23679939796919325,-0.005943072386863535,-0.016745218790556238,1.0000000000000002,-0.013349429385361544,1.863923637109507,2.097865459128291,1.0796220293574013,2.4336441430388067,186392.36371095068,209786.5459128291,107962.20293574012,243364.41430388068
2023-02-13,0.007467733011838893,0.007467733011838895,0.0,0.0,0.7649558489964953,0.23504415100350473,0.009073840016949442,-0.0014449523265936959,1.0000000000000002,0.014842816670049386,1.8778429211858965,2.094834143552243,1.0894183469305647,2.469766276894071,187784.29211858966,209483.41435522432,108941.83469305647,246976.62768940712
2023-02-14,0.0025642065484856886,0.002564206548485659,0.0,0.0,0.7655570092486266,0.23444299075137343,0.00041510098779551363,0.01962800753185001,1.0000000000000002,-0.0018615674606534682,1.8826580983014287,2.135951563899863,1.089870565562498,2.465168640357586,188265.80983014288,213595.1563899863,108987.05655624981,246516.8640357586
2023-02-15,-0.007959523567195754,-0.007959523567195759,0.0,0.0,0.7636759826631395,0.23632401733686048,-0.0052107331453288275,-0.012375471717425368,1.0000000000000002,-0.007009656404142195,1.8676730367990266,2.10951815573103,1.0841915408824032,2.447888655210413,186767.30367990266,210951.815573103,108419.15408824032,244788.8655210413
2023-02-16,-0.003926273077179368,-0.00392627307717941,0.0,0.0,0.7627444525949517,0.23725554740504828,-0.007323537899308619,-0.01796033881415049,1.0000000000000002,-0.00801276394577688,1.8603400424376686,2.0716304949194986,1.0762514230426412,2.4282743012506667,186034.00424376686,207163.04949194985,107625.14230426413,242827.43012506666
2023-02-17,-0.00837945441275807,-0.008379454412758114,0.0,0.0,0.7607395808196524,0.23926041918034757,-0.014408243332706183,-0.002917166593876308,1.0000000000000002,-0.020504286546061512,1.8447514078598337,2.065587203644864,1.0607445306522716,2.378484269165386,184475.14078598339,206558.7203644864,106074.45306522716,237848.4269165386
2023-02-20,0.024736278581723996,0.024736278581724003,0.0,0.0,0.7665151276663169,0.2334848723336831,0.024533338621046896,0.048550684814400835,1.0000000000000002,0.02074805132391888,1.890383692598682,2.165872876925685,1.0867681354131873,2.4278331828551627,189038.36925986822,216587.28769256853,108676.81354131873,242783.31828551626
2023-02-21,0.003427936227723717,0.003427936227723638,0.0,0.0,0.7673127646700334,0.2326872353299666,0.0026273197709443252,0.019231530765557503,1.0000000000000002,0.006356321658932407,1.8968638073428392,2.207525927792568,1.0896234228217907,2.44326527149962,189686.3807342839,220752.5927792568,108962.34228217907,244326.527149962
2023-02-22,-0.011460948126489918,-0.0114609481264899,0.0,0.0,0.7646150297360833,0.2353849702639167,-0.009024334334696738,-0.011866807145528901,1.0000000000000002,-0.016690229518372623,1.8751239496438667,2.181329643338699,1.0797902967553303,2.4024866133440224,187512.39496438668,218132.9643338699,107979.02967553303,240248.66133440225
2023-02-23,0.000811098161727161,0.0008110981617270863,0.0,0.0,0.7648057953231454,0.2351942046768546,-0.000803515991185666,0.0012535888413631735,1.0000000000000004,0.004726636889060609,1.8766448592324334,2.1840641338389233,1.0789226679847603,2.4138422951961287,187664.48592324334,218406.41338389233,107892.26679847603,241384.22951961288
2023-02-24,-0.012938398004695203,-0.012938398004695206,0.0,0.0,0.7617228709926323,0.23827712900736775,-0.010381002278459284,-0.023317127408751248,1.0000000000000004,-0.0180724485455781,1.8523640811302189,2.1331380321613174,1.0677223693101292,2.3702182545190564,185236.4081130219,213313.80321613172,106772.23693101291,237021.82545190564
2023-02-27,-0.005413066161586927,-0.005413066161586877,0.0,0.0,0.7604260413036154,0.23957395869638465,-0.004237820268157222,-0.01809574115829138,1.0000000000000004,-0.010622822275153876,1.842337111803714,2.0945373184764193,1.0631975538127019,2.345039847247975,184233.7111803714,209453.73184764193,106319.75538127018,234503.9847247975
2023-02-28,0.004745173433513046,0.004745173433513106,0.0,0.0,0.7615574923563063,0.23844250764369368,0.006335562237872905,0.003916603169734634,1.0000000000000004,0.005391974528230925,1.8510793209222203,2.1027407899770916,1.0699335080860364,2.357684242372023,185107.93209222204,210274.07899770915,106993.35080860363,235768.42423720227
2023-03-01,0.018521377802098626,0.018201785300999695,0.31378084747580803,0.00031378084747580806,0.883413623582484,0.11658637641751601,0.014124724164876756,0.043284326325934375,1.0,0.021387409280577696,1.8847722692967668,2.193756508509313,1.0850460237625106,2.408109000218002,188477.2269296767,219375.6508509313,108504.60237625106,240810.90002180022
2023-03-02,-0.0003352115897597048,-0.00033521158975968746,0.0,0.0,0.8833745293730685,0.11662547062693152,-0.002229254605106923,0.010363577387588085,1.0,-0.006081651729920923,1.8841404717880408,2.216491673854774,1.082627179917285,2.3934637199509883,188414.0471788041,221649.16738547743,108262.71799172851,239346.37199509883
2023-03-03,0.001075051873775241,0.0010750518737752124,0.0,0.0,0.8834997731602278,0.11650022683977224,0.003110929781870775,-0.0020326694951214863,1.0,-0.000235345360240502,1.8861660205326922,2.211986278843139,1.0859951570539526,2.3929004293695937,188616.60205326922,221198.62788431387,108599.51570539526,239290.04293695936
2023-03-06,-0.006808811576712568,-0.006808811576712537,0.0,0.0,0.8827011071003168,0.1172988928996832,-0.0052148019028942505,-0.002486981255570897,1.0,-0.0011432950329107738,1.8733234714964875,2.206485110430076,1.0803319074424136,2.3901646381944452,187332.34714964876,220648.5110430076,108033.19074424136,239016.46381944453
2023-03-07,-0.014601997921898192,-0.014601997921898202,0.0,0.0,0.880962928022675,0.11903707197732505,-0.01464099624970494,-0.02079236645103144,1.0,-0.013674963082640046,1.8459692060586526,2.160607063445269,1.0645147720371126,2.3574792250057044,184596.92060586525,216060.70634452693,106451.47720371127,235747.92250057045
2023-03-08,-0.008010750721996831,-0.008010750721996862,0.0,0.0,0.8800016511630913,0.11999834883690874,-0.0036405399063931254,-0.007527327745516343,1.0,-0.013086899958474452,1.8311816069084341,2.144343465949439,1.0606393635285665,2.326627130233873,183118.16069084342,214434.34659494393,106063.93635285665,232662.71302338727
2023-03-09,-0.007926602092583192,-0.007926602092583224,0.0,0.0,0.8790428721402856,0.12095712785971435,-0.003534856511101636,-0.01953555078398006,0.9999999999999999,-0.008054073570357811,1.8166665589512139,2.102452535272088,1.0568901555684669,2.3078883041561786,181666.6558951214,210245.25352720878,105689.01555684669,230788.83041561785
2023-03-10,-0.01313877728477137,-0.013138777284771419,0.0,0.0,0.8774324848564671,0.12256751514353292,-0.013112429568267525,-0.011866505838366126,1.0,-0.011156578765153857,1.7927977816324618,2.077503769987394,1.0430317578421802,2.282140166509683,179279.77816324617,207750.3769987394,104303.17578421802,228214.0166509683
2023-03-13,0.01574356814986986,0.01574356814986988,0.0,0.0,0.8793322261771404,0.12066777382285965,0.010473540132186043,0.02444517276368563,1.0,0.006525945533797817,1.821022815686528,2.128288708561944,1.0539559928170847,2.2970332889368175,182102.2815686528,212828.8708561944,105395.59928170848,229703.32889368176
2023-03-14,-0.007546659397559569,-0.0075466593975596075,0.0,0.0,0.8784146630514522,0.12158533694854778,-0.005984498676625094,-0.008570388138059326,1.0,-0.008688069961427902,1.8072801767413569,2.1100484482597195,1.0476485945728498,2.2770765030188054,180728.01767413568,211004.84482597196,104764.85945728497,227707.65030188052
2023-03-15,-0.0009020793086035973,-0.0009020793086036427,0.0,0.0,0.8783048844057165,0.12169511559428348,0.0005521118277411752,-3.9331528844166463e-05,1.0,-0.0031541646856583228,1.805649866689069,2.109965456828314,1.04822701375323,2.269894228726441,180564.9866689069,210996.5456828314,104822.70137532298,226989.42287264412
2023-03-16,-0.011855846618708851,-0.011855846618708865,0.0,0.0,0.8768447749471979,0.12315522505280208,-0.011976723770347864,-0.02047072481839507,1.0,-0.016793871896258472,1.7842423588225114,2.0667729345852623,1.0356726883608909,2.2317739158311527,178424.23588225115,206677.29345852623,103567.26883608909,223177.39158311527
2023-03-17,0.00449758172605885,0.004497581726058852,0.0,0.0,0.8773961955775138,0.1226038044224862,0.0049934630567507465,0.037802638592965954,0.9999999999999999,-0.002388952490226859,1.7922671346504115,2.1449024048851126,1.0408442816691068,2.2264423139773046,179226.71346504116,214490.24048851128,104084.42816691069,222644.23139773047
2023-03-20,-0.001438625415489067,-0.0014386254154891143,0.0,0.0,0.8772195605167483,0.12278043948325168,-0.004986334311739449,0.011015288981912397,0.9999999999999998,0.002563833117960268,1.7896887335991576,2.168529124712921,1.0356542841142424,2.232150540517108,178968.87335991577,216852.91247129207,103565.42841142425,223215.0540517108
2023-03-21,0.012954193642473178,0.012954193642473077,0.0,0.0,0.8787897416745503,0.12121025832544974,0.010992414472414946,0.0012601408986212537,0.9999999999999998,0.018609815992076895,1.8128727080139535,2.171261776952823,1.0470386252553583,2.273690451342746,181287.27080139535,217126.1776952823,104703.86252553583,227369.0451342746
2023-03-22,0.006128603492761516,0.006128603492761453,0.0,0.0,0.8795280663876668,0.12047193361233322,0.004283870449329319,0.02412799892828299,0.9999999999999999,0.006078250954357989,1.8239830860242197,2.2236499787801622,1.0515240030813962,2.287510512498535,182398.30860242195,222364.99787801623,105152.40030813962,228751.05124985348
2023-03-23,0.010250265545625255,0.010250265545625359,0.0,0.0,0.8807504063883937,0.11924959361160625,0.009913887944312139,0.02338877938471673,0.9999999999999999,0.009725596762495181,1.842679397006697,2.2756584375626816,1.0619486942186998,2.3097579173330645,184267.9397006697,227565.84375626815,106194.86942186998,230975.79173330645
2023-03-24,-0.0049710959213978105,-0.004971095921397772,0.0,0.0,0.8801546436261249,0.11984535637387506,-0.0029808694532679203,-0.010116951758910475,0.9999999999999998,-0.003144741707193699,1.8335192609717934,2.2526357109301025,1.0587831637951655,2.302494325276906,183351.92609717933,225263.57109301025,105878.31637951655,230249.4325276906
2023-03-27,-0.005393932314895253,-0.005393932314895267,0.0,0.0,0.8795047001343866,0.12049529986561336,-0.0036180330514893333,-0.01685419072684402,0.9999999999999998,-0.003788385856617227,1.8236293821800547,2.214669359019987,1.0549524513141941,2.2937715883400855,182362.93821800547,221466.9359019987,105495.24513141942,229377.15883400856
2023-03-28,-0.0034976557472725647,-0.0034976557472725656,0.0,0.0,0.8790817697915481,0.12091823020845194,-0.003232414865619204,-0.010873074068443733,0.9999999999999998,-0.0044099880366988975,1.8172509543905775,2.1905890950422497,1.0515424073280446,2.2836560830765857,181725.09543905774,219058.90950422498,105154.24073280446,228365.60830765858
2023-03-29,0.002353744535338244,0.00235374453533832,0.0,0.0,0.8793657120874965,0.12063428791250352,0.001657703068625782,0.00035149269198053723,0.9999999999999999,0.0071696129165677025,1.8215282988938126,2.1913590711002895,1.0532855524034626,2.30002901322681,182152.82988938128,219135.90711002896,105328.55524034625,230002.90132268102
2023-03-30,0.012199590702553852,0.01219959070255383,0.0,0.0,0.8808196634136427,0.1191803365863573,0.008085089387789735,-0.009074907468520799,1.0,0.015460276152769348,1.8437501985934364,2.1714726902997508,1.0618014602455121,2.335588096930678,184375.01985934365,217147.26902997508,106180.14602455121,233558.8096930678
2023-03-31,-0.0010795583055469046,-0.001079558305546957,0.0,0.0,0.8806908622430497,0.11930913775695029,0.0030704241394763354,0.011876292944835276,1.0,0.002381289128394748,1.841759762753191,2.1972617360914604,1.0650616410803813,2.3411498074743076,184175.9762753191,219726.17360914603,106506.16410803812,234114.98074743076
2023-04-03,-0.0011377498754388854,-0.0013147729392608554,0.1772247012035883,0.0001772247012035883,0.9844948123361988,0.015505187663801157,0.009785407301533322,-0.004461538695531675,1.0,-0.00630210113435592,1.8393382668565035,2.187458567831677,1.0754837030395923,2.3263956446169267,183933.82668565036,218745.85678316772,107548.37030395922,232639.56446169267
2023-04-04,0.006207763485854239,0.0062077634858541675,0.0,0.0,0.9845904710473654,0.015409528952634588,0.0030655874364695634,0.04256890271617575,1.0,-0.004521540347735331,1.8507564437876296,2.280576278801369,1.0787806923677583,2.3158767528449955,185075.64437876295,228057.6278801369,107878.06923677583,231587.67528449956
2023-04-06,-0.0036398016487436523,-0.003639801648743668,0.0,0.0,0.9845341785248609,0.015465821475139085,-0.0015768526800401528,0.02207455899565991,1.0,0.004653609432520467,1.8440200574321084,2.3309189944118724,1.0770796141418226,2.3266539387465897,184402.00574321084,233091.89944118724,107707.96141418227,232665.39387465897
2023-04-07,0.011546423578145464,0.011546423578145504,0.0,0.0,0.9847107150847001,0.015289284915299906,0.006502890173410325,0.01017016067471066,1.0,0.003735888228174389,1.8653118941018156,2.3546248151047764,1.084083744580606,2.3353460578073886,186531.18941018157,235462.48151047764,108408.3744580606,233534.60578073887
2023-04-10,0.0019207053352749029,0.001920705335274997,0.0,0.0,0.9847400250000985,0.015259974999901504,-0.004479443549795126,-0.0024050238523743994,1.0,0.006901190211170416,1.868894608608769,2.3489618862610566,1.0792276526435067,2.3514627251612246,186889.4608608769,234896.18862610566,107922.76526435067,235146.27251612247
2023-04-11,0.002020442758850034,0.0020204427588499385,0.0,0.0,0.9847707947375938,0.015229205262406231,-0.0011352535196514912,0.011597310606610733,1.0000000000000002,0.00013580279078051483,1.8726706031877862,2.376203526859116,1.078002455652338,2.351782060361718,187267.06031877862,237620.3526859116,107800.2455652338,235178.2060361718
2023-04-12,-0.0006559096138886248,-0.0006559096138886167,0.0,0.0,0.9847607991992807,0.015239200800719277,-0.0006975354560198044,0.02866525049052715,1.0,-0.007958927617282452,1.8714423005355088,2.4443179961730066,1.077250510717844,2.333064397171676,187144.23005355088,244431.79961730065,107725.0510717844,233306.43971716758
2023-04-13,-0.006425550015995048,-0.006425550015995096,0.0,0.0,0.9846622456918407,0.015337754308159313,-0.006909445023417948,-0.019709264641895152,1.0,-0.007380178324910003,1.859417254431369,2.396142285917486,1.0698073075375902,2.3158459658770503,185941.7254431369,239614.2285917486,106980.73075375902,231584.59658770502
2023-04-14,0.0038479239815619763,0.0038479239815620847,0.0,0.0,0.9847210379762252,0.015278962023774767,0.005657437490476758,0.015563182791157093,1.0,0.011888803461595376,1.8665721506764257,2.4334338863068408,1.0758596755068395,2.343378603412691,186657.21506764257,243343.3886306841,107585.96755068394,234337.8603412691
2023-04-17,0.02253656080092328,0.022536560800923366,0.0,0.0,0.9850577841326209,0.014942215867379094,0.01402248289345076,-0.008294954933401821,0.9999999999999998,0.01890033408691405,1.9086382674394553,2.4132486618865125,1.0909458994023875,2.387669241909317,190863.82674394554,241324.86618865124,109094.58994023874,238766.9241909317
2023-04-18,0.003192444499279385,0.0031924444992794676,0.0,0.0,0.9851053345254835,0.014894665474516455,0.003048648231783968,-0.006886876160655975,0.9999999999999998,0.0028491549132385607,1.9147314891774567,2.3966289172072313,1.0942718096895725,2.394472081461091,191473.14891774568,239662.89172072313,109427.18096895725,239447.2081461091
2023-04-19,-0.009250113692821402,-0.00925011369282136,0.0,0.0,0.984966270821354,0.015033729178645983,-0.00900281833624439,-0.002741260793782896,0.9999999999999998,-0.005633634069937332,1.8970200052113402,2.390059132319245,1.084420279376464,2.3809825019634583,189702.00052113403,239005.9132319245,108442.02793764639,238098.25019634582
2023-04-20,-0.009119356341844456,-0.009119356341844465,0.0,0.0,0.9848279111365581,0.015172088863441902,-0.0027978741974901133,-0.031349671994952644,0.9999999999999998,-0.021313526396206317,1.8797204037962103,2.3151315624724953,1.0813862078575616,2.330235368558955,187972.04037962103,231513.15624724954,108138.62078575615,233023.5368558955
2023-04-21,-0.019903695243075534,-0.01990369524307556,0.0,0.0,0.9845197979118953,0.015480202088104744,-0.019559836810907894,-0.03628544519990773,0.9999999999999998,-0.009704818385458558,1.8423070217368596,2.2311259830318226,1.0602344701023012,2.307620857511718,184230.70217368595,223112.59830318225,106023.44701023013,230762.0857511718
2023-04-24,-0.011945165043618693,-0.011945165043618644,0.0,0.0,0.9843326488162083,0.0156673511837917,-0.012381682153068674,-0.0334250909762972,0.9999999999999998,-0.016066395620671248,1.8203003603011954,2.1565503940694035,1.0471069838857674,2.2705457078724223,182030.03603011955,215655.03940694034,104710.69838857674,227054.57078724224
2023-04-25,-0.003931931033945733,-0.003931931033945735,0.0,0.0,0.9842708026971946,0.01572919730280542,-0.005014261896631345,-0.014405499011217904,0.9999999999999998,-0.009060244870637613,1.8131430648234246,2.1254842094999953,1.0418565152347725,2.249974007769123,181314.30648234245,212548.42094999953,104185.65152347725,224997.4007769123
2023-04-26,-0.004000938282390723,-0.004000938282390676,0.0,0.0,0.9842076183528924,0.01579238164710761,-0.000868101557788048,-0.019542691172057647,0.9999999999999998,0.010718023473083038,1.8058887913239214,2.083946528002652,1.0409520779709056,2.274089281998219,180588.87913239215,208394.65280026518,104095.20779709057,227408.9281998219
2023-04-27,0.012094113236994546,0.012094113236994497,0.0,0.0,0.9843963308939733,0.01560366910602673,0.007372645691207547,0.02304536638505139,0.9999999999999999,0.01608617568275683,1.8277294148596122,2.1319718392673286,1.0486266488233114,2.310670681706717,182772.94148596123,213197.18392673286,104862.66488233114,231067.06817067167
2023-04-28,0.003738013451296917,0.0037380134512969843,0.0,0.0,0.9844544404048478,0.015545559595152247,0.010197020373982735,-0.0014942394158863337,1.0,-0.0003274349023751899,1.8345614919976885,2.1287861629115357,1.059319516126064,2.309914087477631,183456.14919976884,212878.61629115356,105931.9516126064,230991.40874776308
2023-05-04,-0.00703687283315523,-0.007382459573580524,0.3480358242619972,0.0003480358242619972,1.0,0.0,0.00028790620214480533,-0.004438276087832982,1.0,-0.009658416184675556,1.821017915947768,2.119338022188576,1.0596245007848097,2.287603975869927,182101.7915947768,211933.80221885757,105962.45007848098,228760.39758699268
2023-05-05,-0.006550009756037624,-0.006550009756037589,0.0,0.0,0.9999999999999998,2.220446049250313e-16,-0.0033174120712113897,-0.017095149748211025,1.0,-0.006146110421222484,1.8090902308323908,2.083107621332185,1.0561092896749549,2.273544109234203,180909.0230832391,208310.7621332185,105610.92896749549,227354.41092342028
2023-05-08,0.008113490788648252,0.008113490788648203,0.0,0.0,0.9999999999999999,1.1102230246251565e-16,0.011396905060643947,0.0023680871732645326,1.0,0.008824257576929284,1.823768267756083,2.0880406017707913,1.0681456669830445,2.293606448066596,182376.8267756083,208804.06017707914,106814.56669830445,229360.64480665958
2023-05-09,-0.008960258158807482,-0.008960258158807521,0.0,0.0,1.0,0.0,-0.008560893601728847,-0.022456900317758155,1.0,-0.012653607825612423,1.8074268332551473,2.041149682117393,1.059001385576855,2.2645840515664655,180742.68332551472,204114.96821173932,105900.1385576855,226458.40515664654
2023-05-10,-0.006325607185881143,-0.006325607185881155,0.0,0.0,1.0,0.0,-0.007698839091532128,-0.009127259470075533,1.0,0.005586647897996011,1.7959937610907541,2.0225195793514454,1.0508483043115893,2.2772354852979846,179599.3761090754,202251.95793514454,105084.83043115893,227723.54852979846
2023-05-11,-0.0034846344139253245,-0.003484634413925325,0.0,0.0,0.9999999999999999,1.1102230246251565e-16,-0.0015537157825998849,0.0013340470405875937,1.0,0.003946709217486966,1.7897353794236621,2.0252177156108098,1.049215584716062,2.2862230715781986,178973.5379423662,202521.77156108097,104921.5584716062,228622.30715781986
2023-05-12,-0.015741305421283165,-0.015741305421283158,0.0,0.0,1.0,0.0,-0.013255952649436353,-0.022596432504062625,1.0,-0.020079083000993814,1.7615626081928781,1.9794550201939782,1.0353072326060153,2.2403178087651927,176156.26081928783,197945.50201939783,103530.72326060153,224031.78087651927
2023-05-15,0.018542584309327394,0.018542584309327426,0.0,0.0,1.0,0.0,0.015524054284669297,0.05059246260955197,1.0000000000000002,0.013656662566812194,1.7942265313714534,2.079600524290432,1.0513793982863018,2.270913073121919,179422.65313714533,207960.0524290432,105137.93982863017,227091.3073121919
2023-05-16,-0.005286747535103919,-0.005286747535103942,0.0,0.0,1.0,0.0,-0.005171435073232811,0.011923890258654923,1.0,-0.000526204885685555,1.7847409086793073,2.104397452723912,1.0459422579907296,2.269718107567875,178474.09086793073,210439.7452723912,104594.22579907296,226971.8107567875
2023-05-17,-0.009203484961042516,-0.009203484961042507,0.0,0.0,1.0,0.0,-0.00453470279346746,-0.02110743300123885,1.0,-0.007011428592045288,1.76831507256692,2.0599790244825646,1.0411992207116134,2.2538041411325906,176831.507256692,205997.90244825647,104119.92207116135,225380.41411325906
2023-05-18,0.0001920344003198464,0.00019203440031989594,0.0,0.0,1.0,0.0,-0.0010353090902662787,-0.006128270683350534,1.0,-0.008839622844282635,1.768654649891457,2.047354915418511,1.0401212576936325,2.2338813625600964,176865.4649891457,204735.4915418511,104012.12576936325,223388.13625600963
2023-05-19,0.00030038314837561256,0.00030038314837566027,0.0,0.0,1.0,0.0,-0.0029145085905962764,0.002789323421992229,1.0,-0.0036202445115177673,1.7691859239435808,2.053065650437219,1.0370898153528225,2.2257941658179066,176918.59239435807,205306.5650437219,103708.98153528225,222579.41658179066
2023-05-22,0.012472177249128451,0.012472177249128524,0.0,0.0,0.9999999999999999,1.1102230246251565e-16,0.006284636484862549,-0.000176551608022546,1.0,0.011785386333843961,1.7912515243736684,2.0527031783952583,1.0436075478444682,2.2520260099616864,179125.15243736684,205270.31783952581,104360.75478444682,225202.60099616865
2023-05-23,-0.013341987679601892,-0.01334198767960193,0.0,0.0,0.9999999999999998,2.220446049250313e-16,-0.01414344486349084,-0.013340770859864515,1.0,-0.015605018359868605,1.7673526686044068,2.0253185356489714,1.0288473420324071,2.2168831027293328,176735.26686044066,202531.85356489714,102884.73420324072,221688.31027293327
2023-05-24,-0.020776503627060013,-0.02077650362705996,0.0,0.0,0.9999999999999998,2.220446049250313e-16,-0.01382503788469247,-0.0290749838511819,0.9999999999999999,-0.00959304866900923,1.7306332594748532,1.966432431931478,1.014623488551244,2.195616435231346,173063.3259474853,196643.24319314782,101462.3488551244,219561.64352313458
2023-05-25,-0.010043670018809925,-0.010043670018809903,0.0,0.0,0.9999999999999998,2.220446049250313e-16,-0.0022259133629949357,0.0002648977519090767,0.9999999999999999,-0.011759078520461541,1.7132513500931104,1.966953335461978,1.0123650245696691,2.1697980091686446,171325.13500931102,196695.3335461978,101236.50245696692,216979.80091686445
2023-05-26,0.003408765335303507,0.003408765335303432,0.0,0.0,0.9999999999999998,2.220446049250313e-16,0.0001168679392287153,0.004259208861107089,1.0,-0.004861060678259754,1.7190914219059696,1.9753310005377618,1.0124833375838378,2.1592504893865088,171909.14219059696,197533.10005377617,101248.33375838379,215925.04893865087
2023-05-29,-0.012295897764362212,-0.01229589776436224,0.0,0.0,0.9999999999999997,3.3306690738754696e-16,-0.00441709188641759,-0.005918159270182799,1.0,-0.011915606609487983,1.6979536495346217,1.9636406770652497,1.0080111056482632,2.1335217099836346,169795.36495346218,196364.06770652498,100801.11056482632,213352.17099836346
2023-05-30,-0.0018013546407060468,-0.0018013546407060765,0.0,0.0,0.9999999999999997,3.3306690738754696e-16,0.0009937557708257216,-0.0007163630273550048,1.0,0.007577808952158538,1.6948950328483288,1.96223399748519,1.0090128225015575,2.149689129897173,169489.50328483287,196223.39974851898,100901.28225015575,214968.9129897173
2023-05-31,-0.018230017773026283,-0.01823001777302624,0.0,0.0,0.9999999999999999,1.1102230246251565e-16,-0.010216923978893844,-0.042492675258583246,1.0,-0.014844598669096265,1.66399706627609,1.8788534254487002,0.99870381520033,2.117777857500531,166399.70662760898,187885.34254487,99870.381520033,211777.7857500531
2023-06-01,0.007624554373720136,0.007095529054321759,0.5250222586400345,0.0005250222586400345,0.5,0.5,0.0021929478167928007,0.008089656317874283,1.0,0.010372846359871568,1.675804005806158,1.894052703932241,1.0008939205514962,2.1397452418407217,167580.4005806158,189405.2703932241,100089.39205514961,213974.52418407216
2023-06-02,0.014281730003780174,0.01428173000378008,0.0,0.0,0.5070403170940124,0.4929596829059876,0.01443705721498234,0.003929552628126443,1.0,0.02717777232716334,1.6997373861563347,1.901495483712788,1.0153438833486261,2.1978987508616,169973.73861563348,190149.5483712788,101534.38833486261,219789.87508616
2023-06-05,-0.00039865641025344086,-0.0003986564102534951,0.0,0.0,0.5068437171806097,0.4931562828193903,-0.004552245955932843,-0.004769456873246036,1.0,-0.01581467244467516,1.699059774951596,1.8924263830085477,1.0107217882617712,2.163139702050163,169905.9774951596,189242.63830085477,101072.17882617711,216313.97020501632
2023-06-06,-0.0027590768676635817,-0.0027590768676636346,0.0,0.0,0.5054792965471322,0.4945207034528678,-0.009388047083306317,-0.041214997674613896,1.0,-0.0033403179358668655,1.6943719384297493,1.8144300340334725,1.001233084525446,2.155914127705619,169437.19384297493,181443.00340334725,100123.3084525446,215591.4127705619
2023-06-07,0.0003120410496634069,0.00031204104966331414,0.0,0.0,0.5056335591702472,0.4943664408297528,-0.00494201924288884,0.017404293704933238,1.0,-0.014610361437520036,1.694900652027937,1.846008907252843,0.9962849713551043,2.1244154430715843,169490.06520279372,184600.8907252843,99628.49713551044,212441.54430715842
2023-06-08,0.007786857466974944,0.00778685746697505,0.0,0.0,0.5094533758136917,0.49054662418630834,0.008141259427763226,0.013384046435189978,1.0,0.009018065218260984,1.7080986018259616,1.8707159761872894,1.004395985770888,2.1435735600878845,170809.86018259617,187071.59761872893,100439.5985770888,214357.35600878845
2023-06-09,-0.003263904351888727,-0.0032639043518887245,0.0,0.0,0.5078470356114289,0.49215296438857115,0.004321774571421688,0.0011622687329395642,1.0,0.0054059485969117915,1.7025235313660068,1.8728902508746224,1.0087367588018306,2.155161608567419,170252.35313660066,187289.02508746224,100873.67588018306,215516.1608567419
2023-06-12,0.0006448627000318827,0.0006448627000319451,0.0,0.0,0.5081642021719884,0.49183579782801157,0.0020147522610576285,-0.007224626008341506,1.0,0.0023584424749716337,1.7036214252873114,1.8593593192573843,1.0107691134674386,2.1602444332454924,170362.14252873114,185935.93192573843,101076.91134674386,216024.44332454924
2023-06-13,0.004003069698572769,0.00400306969857267,0.0,0.0,0.5101252051194693,0.48987479488053065,0.005327187645502773,0.021294676723883743,1.0,0.0073361497230264305,1.7104411405927182,1.898953774874511,1.0161536702011582,2.1760923098461156,171044.11405927181,189895.3774874511,101615.36702011582,217609.23098461155
2023-06-14,0.0024886929718500933,0.0024886929718501705,0.0,0.0,0.5113413265257782,0.48865867347422176,-0.00023027703103040142,-0.003497016879588921,1.0,0.00646544258881665,1.7146979034380747,1.8923131014702157,1.0159196733509137,2.190161709743391,171469.79034380746,189231.31014702158,101591.96733509137,219016.1709743391
2023-06-15,0.010274896852976214,0.010274896852976223,0.0,0.0,0.51631117926774,0.48368882073226005,0.015910890730379323,-0.0011981501234117342,1.0,0.03611896772161849,1.7323162475299154,1.8900458262941555,1.0320838602644427,2.269268089842737,173231.62475299154,189004.58262941556,103208.38602644426,226926.8089842737
2023-06-16,0.005760696675738776,0.005760696675738863,0.0,0.0,0.5190816042713158,0.4809183957286842,0.009642083810979418,0.02040371641053751,1.0,0.009210723609941907,1.7422955959783895,1.9286097853367814,1.0420352993450717,2.2901696910151395,174229.55959783893,192860.97853367814,104203.52993450717,229016.96910151394
2023-06-19,-0.007748226724135466,-0.007748226724135443,0.0,0.0,0.5153262421079292,0.4846737578920708,-0.008184995016841778,0.003930290445110174,1.0,-0.013519887231020933,1.7287958946802862,1.9361897819484366,1.033506245612559,2.259206855052713,172879.58946802863,193618.97819484366,103350.6245612559,225920.68550527128
2023-06-20,0.0002720182093668229,0.00027201820936673116,0.0,0.0,0.5154580463425262,0.48454195365747377,-0.0016968081182220374,0.02764071514984523,1.0,-0.0013502640764000429,1.7292661586439178,1.9897074521873144,1.0317525838247705,2.2561563291951785,172926.6158643918,198970.74521873143,103175.25838247706,225615.63291951784
2023-06-21,-0.005003640363994777,-0.00500364036399481,0.0,0.0,0.5130213804654206,0.48697861953457944,-0.015343098281450529,-0.020118097159675496,1.0,-0.012718853797659802,1.7206135326924368,1.9496783243448796,1.0159223025290065,2.22746060669948,172061.35326924367,194967.83243448797,101592.23025290066,222746.06066994803
2023-06-26,-0.006972257446366427,-0.0069722574463664255,0.0,0.0,0.5096022007579737,0.4903977992420263,-0.014060449841228007,0.0027362614335768587,1.0,-0.010560181099227517,1.7086169721768032,1.9550131539516653,1.0016379779517126,2.2039382193013384,170861.6972176803,195501.31539516654,100163.79779517127,220393.82193013382
2023-06-27,0.005838225090051716,0.0058382250900517185,0.0,0.0,0.5124486353676592,0.48755136463234083,0.009378691235530257,0.01641089940319418,0.9999999999999999,0.004734079385735779,1.718592262653054,1.9870966781530874,1.0110320312767025,2.214371837792768,171859.22626530542,198709.66781530876,101103.20312767025,221437.1837792768
2023-06-28,0.0012368797918283652,0.0012368797918282937,0.0,0.0,0.5130509328284933,0.48694906717150666,-0.0012040265978056075,-0.007814587536565942,0.9999999999999999,0.002536783891433858,1.7207179546931222,1.9715683372180408,1.009814721819812,2.2199892206005254,172071.79546931223,197156.83372180408,100981.4721819812,221998.92206005254
2023-06-29,-0.005068539363286092,-0.0050685393632861064,0.0,0.0,0.5105702388183805,0.4894297611816195,-0.004936471568423251,0.02468312609991874,1.0,-0.011926906916391089,1.7119964280066469,2.020232807100201,1.004829800156173,2.1935116158110315,171199.64280066467,202023.2807100201,100482.9800156173,219351.16158110314
2023-06-30,0.0013794507447697584,0.0013794507447697502,0.0,0.0,0.5112444530216702,0.4887555469783298,0.005392690431833769,-0.0010653061907412997,1.0,0.008533229232841055,1.7143580427543037,2.0180806405840586,1.0102485362050968,2.2122293532536466,171435.80427543036,201808.06405840584,101024.85362050968,221222.93532536467
2023-07-03,0.010689639326827618,0.01061395039850832,0.07488839835110359,7.488839835110359e-05,0.5,0.5,0.013124438834597685,0.021411151659880057,1.0,0.022604215417183493,1.7325541539853817,2.061290071241472,1.0235074813262623,2.2622350621068086,173255.41539853817,206129.0071241472,102350.74813262624,226223.50621068085
2023-07-04,4.1386744516286864e-05,4.138674451636959e-05,0.0,0.0,0.5000206925158622,0.49997930748413777,0.0015746696533158744,0.0033650140358973957,1.0,0.0007989708656452876,1.7326258587615135,2.0682263412632556,1.0251191674970486,2.264042522012673,173262.58587615137,206822.63412632555,102511.91674970486,226404.25220126729
2023-07-05,-0.002862801367099782,-0.002862801367099821,0.0,0.0,0.498585241660203,0.501414758339797,-0.0077455559231702775,-0.0025842869453012174,1.0,-0.009328430517097974,1.7276656950843785,2.0628814509296007,1.0171790496572863,2.2429225586583224,172766.56950843785,206288.14509296007,101717.90496572864,224292.25586583224
2023-07-06,-0.0056236025521591605,-0.0056236025521592126,0.0,0.0,0.49574953747220435,0.5042504625277957,-0.006735921381510024,-0.014429392657393625,1.0000000000000002,-0.010057687112323133,1.7179499898722241,2.0331153244684836,1.0103274115478758,2.2203639453461657,171794.9989872224,203311.53244684837,101032.74115478758,222036.39453461656
2023-07-07,-0.002764216389678316,-0.0027642163896782757,0.0,0.0,0.4943518164758959,0.5056481835241041,-0.0044369266801119744,-0.005570007183066994,1.0000000000000002,-0.008639909374632548,1.7132012043535718,2.021790857507191,1.0058446628999305,2.2011802020796734,171320.12043535718,202179.08575071907,100584.46628999304,220118.02020796735
2023-07-10,0.002147069012064364,0.0021470690120644065,0.0,0.0,0.49543515202555877,0.5045648479744412,0.004869697048906163,-0.02203130750586002,1.0000000000000002,0.01330874732791587,1.7168795655708708,1.9772481614129134,1.0107428216865122,2.2304751532123626,171687.95655708708,197724.81614129135,101074.28216865122,223047.51532123625
2023-07-11,0.004670811604746319,0.00467081160474625,0.0,0.0,0.497780922719844,0.502219077280156,0.006544703498398974,0.0096765275089854,1.0000000000000002,0.010206244618449434,1.724898786569691,1.9963810576389163,1.0173578337675855,2.2532399282414213,172489.8786569691,199638.10576389162,101735.78337675855,225323.99282414213
2023-07-12,0.0014076282316882432,0.0014076282316881628,0.0,0.0,0.4984868667647484,0.5015131332352516,-0.0067321533328681404,-0.003106080398898925,1.0,0.0009043762994325188,1.7273268027984712,1.990180137567051,1.0105088248362675,2.255277705029458,172732.68027984712,199018.0137567051,101050.88248362674,225527.7705029458
2023-07-13,0.009907157124984856,0.009907157124984911,0.0,0.0,0.503406694667889,0.496593305332111,0.014304893532876894,0.033901116933255704,1.0,0.022041719821460415,1.7444397008399934,2.0576494671289542,1.0249640459895828,2.3049879043233035,174443.97008399933,205764.9467128954,102496.40459895828,230498.79043233034
2023-07-14,-0.002905814328530605,-0.0029058143285306537,0.0,0.0,0.5019594813927313,0.4980405186072687,0.0001744296407262258,-0.007327767847580491,1.0,-0.00614612147371929,1.7393706829620348,2.0425714895221354,1.0251428300998822,2.290821168667879,173937.06829620348,204257.14895221355,102514.28300998821,229082.1168667879
2023-07-17,-0.004159691633470195,-0.004159691633470186,0.0,0.0,0.4998791328057395,0.5001208671942605,-0.008189069272396154,-0.005129122380721052,0.9999999999999999,-0.010523342874868669,1.7321354372846143,2.0320948903810048,1.016747864450094,2.2667140720449797,173213.54372846143,203209.48903810047,101674.7864450094,226671.40720449795
2023-07-18,-0.0009163419067171277,-0.0009163419067170775,0.0,0.0,0.4994204307688066,0.5005795692311934,-0.003162519361703753,0.00023142715772839217,0.9999999999999998,-0.0005054356322188314,1.7305482089953206,2.03256517232572,1.0135323796427997,2.2655683939849163,173054.82089953206,203256.517232572,101353.23796427998,226556.83939849163
2023-07-19,0.0016638298635310376,0.0016638298635309745,0.0,0.0,0.5002519265376754,0.49974807346232464,-0.001055788157532933,0.0025365049237642268,0.9999999999999999,-0.0040231305107638615,1.733427546785727,2.037720783893196,1.0124623041590968,2.2564537166548533,173342.7546785727,203772.0783893196,101246.23041590968,225645.37166548532
2023-07-20,-0.002151273455954175,-0.002151273455954228,0.0,0.0,0.49917451396349966,0.5008254860365003,-0.0070581453022303675,-0.02457675157765682,1.0,-0.00019370374473925978,1.729698470116507,1.9876402264028248,1.005316198103311,2.2560166331201064,172969.8470116507,198764.0226402825,100531.6198103311,225601.66331201064
2023-07-21,-0.0008492274823845426,-0.0008492274823845847,0.0,0.0,0.49874883770089806,0.5012511622991019,-0.0004655189097443335,-0.00996353476115841,1.0,-0.0012183411215798134,1.7282295626394455,1.9678363039143834,1.0048482044028215,2.253268035285008,172822.95626394454,196783.63039143835,100484.82044028216,225326.8035285008
2023-07-24,-0.002551890820796987,-0.002551890820796987,0.0,0.0,0.49746642688853265,0.5025335731114673,-0.004366926484401845,-0.0035778514503334025,1.0,-0.009711116011209442,1.723819309482316,1.9607956779404045,1.0004601061662113,2.2313862879900053,172381.9309482316,196079.56779404046,100046.01061662113,223138.62879900052
2023-07-25,0.018329413895157787,0.018329413895157742,0.0,0.0,0.5065117767842404,0.4934882232157596,0.02888137873762897,0.024485233289847974,0.9999999999999998,0.03715634700384718,1.7554159070862825,2.008806217548501,1.029354773404286,2.3142964512061885,175541.59070862824,200880.6217548501,102935.47734042861,231429.64512061886
2023-07-26,0.0005504176262693265,0.0005504176262693949,0.0,0.0,0.5067832519759239,0.4932167480240761,-0.00207145630274419,-0.004085028810060787,0.9999999999999998,0.0006262665401048917,1.7563821189429765,2.000600186275986,1.0272225099711578,2.3157458176374623,175638.21189429765,200060.01862759862,102722.25099711579,231574.58176374625
2023-07-27,-0.0008975711050491582,-0.0008975711050491775,0.0,0.0,0.5063401571652724,0.49365984283472764,-0.0011927279428515236,-0.01218898458025408,0.9999999999999998,-0.002980190943504657,1.7548056411035882,1.9762149014542147,1.025997312979989,2.3088444529242804,175480.56411035883,197621.49014542147,102599.73129799891,230884.44529242805
2023-07-28,0.012874200798105761,0.01287420079810575,0.0,0.0,0.5126148514339267,0.4873851485660733,0.02316296590515976,0.020875961619398975,0.9999999999999998,0.02074363919194977,1.7773973612888045,2.0174702878886572,1.0497624537593302,2.3567382892060764,177739.73612888047,201747.02878886572,104976.24537593302,235673.82892060763
2023-07-31,-0.00020998730647110503,-0.00020998730647114883,0.0,0.0,0.5125124852437647,0.4874875147562353,0.005482450647926074,0.0033345540830995724,0.9999999999999999,0.014353738362351987,1.7770241304043786,2.0241976516746685,1.0555177246041114,2.3905662939978773,177702.41304043785,202419.76516746686,105551.77246041114,239056.62939978772
2023-08-01,-0.004090497331987594,-0.004586786228719109,0.4983273032358262,0.0004983273032358262,0.985591461040874,0.014408538959125972,-0.004142349357226016,0.0011366021979575258,1.0,-0.006669054970091626,1.7688733005949382,2.026498359174662,1.0511454014360568,2.374623475973557,176887.33005949383,202649.8359174662,105114.54014360569,237462.34759735572
2023-08-02,-0.008085886750379724,-0.00808588675037969,0.0,0.0,0.9854740054943646,0.014525994505635409,-0.007028514257128582,-0.012363729721923566,1.0,-0.005689488941999499,1.7545703914105573,2.001443281179905,1.0437574109957484,2.361113081965593,175457.03914105572,200144.32811799052,104375.74109957484,236111.3081965593
2023-08-03,0.009188206488568024,0.009188206488567996,0.0,0.0,0.9856062581664743,0.014393741833525708,0.008836494622030733,0.025010771646297503,0.9999999999999999,0.007543859275298548,1.770691746465565,2.051500922048512,1.052980567744717,2.378924986789008,177069.1746465565,205150.09220485121,105298.0567744717,237892.4986789008
2023-08-04,0.003227422542515657,0.0032274225425157343,0.0,0.0,0.9856525634067624,0.014347436593237561,0.003895150537580605,0.009611680347275886,0.9999999999999998,0.008743619281584403,1.7764065169239545,2.071219293143384,1.0570820855692298,2.399725401172939,177640.65169239545,207121.9293143384,105708.20855692298,239972.5401172939
2023-08-07,-0.004440778918768698,-0.004440778918768706,0.0,0.0,0.9855885654118542,0.014411434588145755,-0.0075685597600345655,-0.004816762918979367,0.9999999999999998,-0.001547388931618321,1.7685178883124353,2.061242720855096,1.049081496633337,2.3960120926482404,176851.78883124352,206124.2720855096,104908.14966333371,239601.20926482405
2023-08-08,-0.0017340547227116443,-0.0017340547227115977,0.0,0.0,0.9855635317859684,0.01443646821403155,-0.0026114306479706473,-0.00295908651741128,0.9999999999999999,0.0007206037474483118,1.7654511815160072,2.0551433253107017,1.04634189306081,2.3977386679411343,176545.11815160073,205514.33253107016,104634.189306081,239773.86679411342
2023-08-09,-0.00037189069684531446,-0.0003718906968452895,0.0,0.0,0.9855581610003992,0.014441838999600831,-0.003055483663464531,-0.0019807151428310465,0.9999999999999999,-0.0029891635510272963,1.764794626645867,2.0510726718055707,1.043144812500164,2.390571434910036,176479.4626645867,205107.26718055707,104314.48125001641,239057.1434910036
2023-08-10,-0.0047073277909552855,-0.004707327790955285,0.0,0.0,0.9854898570010091,0.014510142998990894,0.002054154053992674,0.008710660118980362,1.0,-0.004215797070461269,1.7564871598545284,2.0689388687289982,1.0452875926456628,2.3804932708580138,175648.71598545284,206893.88687289983,104528.75926456628,238049.32708580137
2023-08-11,-0.026197910110475016,-0.02619791011047501,0.0,0.0,0.9850994949080085,0.014900505091991478,-0.023007153421267024,-0.0417871261316588,1.0,-0.022341225641315465,1.7104708671304558,1.982483859262728,1.0212385006323172,2.327310133556142,171047.08671304557,198248.3859262728,102123.85006323173,232731.01335561418
2023-08-14,-0.012423612173802952,-0.012423612173802945,0.0,0.0,0.9849120480444153,0.015087951955584655,-0.007296131814378604,-0.0204847933535649,0.9999999999999999,-0.022209675198275214,1.6892206404426386,1.9418730870789533,1.0137874099177855,2.2756213314042055,168922.06404426385,194187.30870789534,101378.74099177856,227562.13314042054
2023-08-15,0.0006056484959785169,0.0006056484959784392,0.0,0.0,0.9849211805087614,0.015078819491238571,-0.0024300359707565278,0.00694173322963576,0.9999999999999998,-0.003651976309144933,1.6902437143828986,1.9553530520152647,1.0113238700449851,2.2673108162133326,169024.37143828985,195535.30520152647,101132.38700449851,226731.08162133326
2023-08-16,-0.004566819055702504,-0.004566819055702553,0.0,0.0,0.9848520023444122,0.01514799765558783,-0.007333863680086483,-0.009380113919022826,0.9999999999999998,-0.0040293950606089535,1.6825246771792732,1.9370116176354526,1.0039069586456577,2.2581749252096173,168252.46771792733,193701.16176354527,100390.69586456577,225817.49252096174
2023-08-17,0.0029832781824488917,0.002983278182448812,0.0,0.0,0.9848970586199223,0.015102941380077728,0.003344394015184715,-0.004707313416825287,0.9999999999999999,0.0070142801441244185,1.687544116340134,1.9278934968592107,1.0072644190699545,2.274014396749475,168754.41163401338,192789.34968592107,100726.44190699545,227401.43967494747
2023-08-18,-0.013024613328728426,-0.013024613328728396,0.0,0.0,0.9846977527666473,0.015302247233352717,-0.012294119182480245,0.0021202221000327093,1.0,-0.012993747193099536,1.665564506749633,1.931981059257761,0.9948809902536367,2.2444664285646434,166556.4506749633,193198.10592577612,99488.09902536367,224446.64285646434
2023-08-21,-0.017717805605235653,-0.017717805605235615,0.0,0.0,0.9844217401876236,0.015578259812376372,-0.014386892177589816,-0.038700696742981266,0.9999999999999999,-0.014820270588324469,1.6360543585960627,1.8572120461702428,0.9805677447173239,2.211202828766905,163605.43585960628,185721.20461702428,98056.7744717324,221120.2828766905
2023-08-22,0.007814166988240981,0.007814166988241,0.0,0.0,0.9845425274592731,0.015457472540726935,0.007687233882817335,0.010682933516682924,0.9999999999999998,0.0057078224545539236,1.648838760555972,1.8770525189858622,0.9881055983089126,2.223823981924514,164883.8760555972,187705.25189858623,98810.55983089126,222382.3981924514
2023-08-23,-0.014821895152169738,-0.014821895152169695,0.0,0.0,0.9843099715019401,0.015690028498059894,-0.016390694555681762,-0.01929862901024737,0.9999999999999998,-0.01758006837980408,1.624399845324178,1.8408279787892037,0.9719098612582721,2.184729004257633,162439.9845324178,184082.79787892036,97190.9861258272,218472.90042576328
2023-08-24,0.014987281585318608,0.014987281585318701,0.0,0.0,0.9845416501440751,0.015458349855924869,0.007249846481795608,0.0234520386207151,0.9999999999999996,0.01625678768139527,1.6487451832131994,1.883999147641861,0.9789560585465378,2.220245679821235,164874.51832131995,188399.9147641861,97895.60585465378,222024.56798212352
2023-08-25,0.0015402528749680396,0.0015402528749679512,0.0,0.0,0.9845654232952188,0.015434576704781211,-0.00383517348251472,0.018282248751978702,0.9999999999999996,-0.004454543124360777,1.651284667721733,1.9184428887075653,0.9752015922302529,2.2103554996937955,165128.4667721733,191844.28887075654,97520.15922302529,221035.54996937956
2023-08-28,0.012742526953234277,0.01274252695323419,0.0,0.0,0.9847596241946954,0.015240375805304573,0.011719666230807446,0.02159650760835552,0.9999999999999997,0.009469411631827684,1.6723262071076395,1.9598745551497339,0.9866306293989435,2.23128626577307,167232.62071076393,195987.45551497338,98663.06293989436,223128.626577307
2023-08-29,0.002618546715930437,0.0026185467159305365,0.0,0.0,0.984799427603624,0.015200572396375955,0.009990353406420072,-0.01378564531873494,0.9999999999999998,0.015552735240409454,1.6767052714052257,1.9328564196632263,0.9964874180682376,2.2659888703102005,167670.52714052258,193285.64196632264,99648.74180682376,226598.88703102004
2023-08-30,-0.0007583837460057351,-0.0007583837460057863,0.0,0.0,0.9847878909874064,0.015212109012593622,-0.0004221513359770057,-0.026872090876323584,0.9999999999999998,0.0037940971752032926,1.6754336853805498,1.8809165263031506,0.9960667495734158,2.2745862522820866,167543.368538055,188091.65263031507,99606.67495734157,227458.62522820866
2023-08-31,-0.00214445781158491,-0.002144457811584899,0.0,0.0,0.9847551991551486,0.015244800844851358,-0.006134337773953447,-0.011067629153386327,0.9999999999999998,-0.004693585108490939,1.671840788526143,1.8600992397215517,0.9899565396861285,2.263910288120397,167184.0788526143,186009.92397215517,98995.65396861285,226391.0288120397
2023-09-01,0.01379838560837078,0.013279486008677566,0.5118370743724272,0.0005118370743724272,0.5,0.5,0.006963644041463102,0.016050761733677588,1.0,0.010503129832684532,1.6940419748861124,1.889955249419317,0.9968502446450213,2.287688431806076,169404.19748861124,188995.5249419317,99685.02446450213,228768.8431806076
2023-09-04,0.00827921329140825,0.008279213291408238,0.0,0.0,0.5041056153802783,0.4958943846197217,0.015154991836982212,0.00028887395173171626,1.0,0.017346728049666194,1.708067309720793,1.8905012082608128,1.0119575019653102,2.3273723408949833,170806.7309720793,189050.1208260813,101195.75019653102,232737.23408949832
2023-09-05,-0.004993359109576292,-0.004993359109576323,0.0,0.0,0.501617010137792,0.49838298986220797,-0.0074383922888059395,0.001505550617939555,1.0,-0.0071308732883821335,1.6995383162600293,1.8933474535231254,1.004430165086092,2.310776143637176,169953.83162600294,189334.74535231254,100443.0165086092,231077.6143637176
2023-09-06,-0.0018372059993364866,-0.0018372059993364553,0.0,0.0,0.5006996926175984,0.4993003073824016,-0.002169975290028048,-0.007573948238030592,1.0,-0.0048121840928248005,1.696415914269294,1.8790073379135341,1.0022505764472964,2.2996562634366864,169641.5914269294,187900.7337913534,100225.05764472965,229965.62634366864
2023-09-07,-0.00653424951118347,-0.006534249511183421,0.0,0.0,0.497415681278665,0.502584318721335,-0.014050256687381912,-0.012283480664272983,1.0,-0.018035635564183528,1.6853311094107162,1.8559265876102462,0.9881686985831354,2.2581805011464504,168533.11094107162,185592.65876102462,98816.86985831354,225818.05011464504
2023-09-08,-0.004217436033465749,-0.0042174360334656935,0.0,0.0,0.49528708685219996,0.5047129131478001,-0.004916894374572656,-0.005234768018859581,1.0000000000000002,-0.012475330473878277,1.6782233332615668,1.8462112424640729,0.9833099774679431,2.2300089531249805,167822.3333261567,184621.1242464073,98330.99774679431,223000.89531249806
2023-09-11,0.004951600466181478,0.004951600466181372,0.0,0.0,0.49777390979458963,0.5022260902054103,0.007366329856496989,0.004342392887027868,1.0,0.006629254905537785,1.6865332247009013,1.8542282170312998,0.9905533631131567,2.2447922509168774,168653.32247009012,185422.82170312997,99055.33631131567,224479.22509168775
2023-09-12,6.12179888236714e-05,6.12179888237474e-05,0.0,0.0,0.49780465318371836,0.5021953468162816,-0.0018420507811462983,-0.0014334575935123217,1.0000000000000002,-0.003275837615062671,1.686636470873002,1.8515702595134915,0.988728713516867,2.2374386760233227,168663.6470873002,185157.02595134915,98872.8713516867,223743.86760233226
2023-09-13,-0.003149118062985486,-0.0031491180629854565,0.0,0.0,0.4962181847695725,0.5037818152304274,-0.006368664574801897,-0.003580007824885878,1.0,-0.0056158135260355735,1.6813250534968858,1.8449416234961074,0.9824318319850026,2.224873637642836,168132.50534968858,184494.16234961073,98243.18319850026,222487.3637642836
2023-09-14,0.00027877038179710767,0.0002787703817970222,0.0,0.0,0.4963585850790989,0.5036414149209011,-0.0008403248899414573,0.01198648103639921,1.0,-0.004502985544906468,1.681793757123974,1.867055981279407,0.9816062700639149,2.2148550638132867,168179.3757123974,186705.5981279407,98160.62700639149,221485.50638132865
2023-09-15,-0.0034253406253771357,-0.003425340625377138,0.0,0.0,0.4946275121655717,0.5053724878344283,-0.006623793695476943,-0.015163966129853268,1.0,-0.009492623984668103,1.6760330406441917,1.838744007616746,0.9751043126408249,2.193830277511969,167603.30406441918,183874.4007616746,97510.4312640825,219383.0277511969
2023-09-18,0.004250330543971215,0.00425033054397117,0.0,0.0,0.4967664212162283,0.5032335787837716,0.005104104314626268,-0.003907657231592365,1.0,0.01223819693426842,1.6831567350695467,1.8315588262983353,0.9800813467701855,2.2206788044885215,168315.67350695466,183155.88262983353,98008.13467701855,222067.88044885214
2023-09-19,-0.0005499795070884343,-0.0005499795070884606,0.0,0.0,0.4964895007600425,0.5035104992399575,-0.0019341633335211439,-0.006817129027543389,1.0,-0.001931518505300156,1.6822310333580406,1.8190728534579237,0.9781857093653946,2.216389522283324,168223.10333580404,181907.28534579236,97818.57093653946,221638.9522283324
2023-09-20,-0.0002507387105584426,-0.0002507387105584735,0.0,0.0,0.4963632195231159,0.5036367804768841,-0.003980647762397482,0.0033521475942603907,1.0,-0.004303222349115288,1.6818092329178749,1.825170654147427,0.9742918966102001,2.2068519053566895,168180.92329178748,182517.0654147427,97429.18966102,220685.19053566895
2023-09-21,-0.005676564239632995,-0.005676564239633031,0.0,0.0,0.49348797145493306,0.5065120285450669,-0.008972687947453761,-0.006312751534375161,1.0,-0.013848714484140268,1.6722623347684087,1.8136488052999613,0.9655498794521838,2.1762898434106237,167226.23347684086,181364.88052999612,96554.98794521838,217628.98434106237
2023-09-22,0.010753944812173725,0.010753944812173621,0.0,0.0,0.498877020322497,0.501122979677503,0.0181051290150418,0.0230682411841987,1.0,0.018852733385245513,1.6902457516279847,1.8554864933640547,0.9830312845901237,2.217318855597462,169024.5751627985,185548.64933640548,98303.12845901237,221731.88555974618
2023-09-25,-0.004202388748062873,-0.004202388748062891,0.0,0.0,0.49676221953627614,0.5032377804637238,-0.0065072092817998195,-0.0020617195450115533,0.9999999999999999,-0.007587082322233929,1.6831426818998823,1.851661000595181,0.9766344942907392,2.2004958749054024,168314.26818998822,185166.1000595181,97663.44942907392,220049.58749054023
2023-09-26,-0.0035020556128654698,-0.003502055612865429,0.0,0.0,0.4949936592461063,0.5050063407538937,-0.005844505464922212,0.004702869011458111,1.0,-0.012720417733938838,1.6772482226234815,1.8603691197346055,0.9709265486516254,2.1725046481547965,167724.82226234814,186036.91197346055,97092.65486516255,217250.46481547965
2023-09-27,-0.00047357872727508027,-0.000473578727275048,0.0,0.0,0.494754385671111,0.505245614328889,0.0020607166744746053,-0.005952279336030597,1.0,-0.0025094151689963873,1.676453913544887,1.8492956830658198,0.9729273531801219,2.1670529320360017,167645.3913544887,184929.568306582,97292.73531801219,216705.29320360016
2023-09-28,-0.003436638440209961,-0.003436638440209916,0.0,0.0,0.4930120513982231,0.506987948601777,-0.0029671665991082286,0.006257385743317689,0.9999999999999998,-0.008393570649864457,1.6706925475823584,1.8608674395082148,0.9700405156344071,2.1488636201489615,167069.25475823585,186086.7439508215,97004.0515634407,214886.36201489615
2023-10-09,0.0006506448117609145,0.0005384200883804535,0.11215175242448033,0.00011215175242448034,0.5,0.5,-0.0012982718619224398,0.00975793258788582,1.0,-0.007496474194392033,1.6715920820114842,1.8790256585379277,0.9687811393280342,2.132754719473247,167159.20820114843,187902.56585379277,96878.11393280342,213275.4719473247
2023-10-10,-0.003716679115833012,-0.003716679115833066,0.0,0.0,0.4981347278239414,0.5018652721760586,-0.007490372428916037,-0.004227720252791833,1.0,-0.004850436932766322,1.6653793106300803,1.8710816637058114,0.9615246077923576,2.1224099272133823,166537.93106300803,187108.16637058114,96152.46077923576,212240.99272133823
2023-10-11,0.002223307657558564,0.0022233076575586264,0.0,0.0,0.4992480534612184,0.5007519465387815,0.0028492287668198113,0.005088218291013247,0.9999999999999999,0.002476702297745881,1.6690819612041439,1.8806021356510587,0.9642642113648847,2.12766650475687,166908.1961204144,188060.21356510586,96426.42113648847,212766.65047568703
2023-10-12,0.005661848192453844,0.0056618481924537445,0.0,0.0,0.5020672729717072,0.49793272702829283,0.009496803042903235,0.010517447866619678,0.9999999999999999,0.011314529316076793,1.6785320498892446,1.9003812705706224,0.9734216386615374,2.1517400497997765,167853.20498892447,190038.12705706226,97342.16386615374,215174.00497997765
2023-10-13,-0.004788969735898512,-0.004788969735898485,0.0,0.0,0.4996712135554252,0.5003287864445748,-0.010525661871553016,-0.011911233258893539,0.9999999999999998,-0.017117345558655295,1.6704936107015893,1.8777453859760234,0.963175731634533,2.1149079718149557,167049.36107015892,187774.53859760234,96317.5731634533,211490.79718149558
2023-10-16,-0.0035382511240575317,-0.0035382511240574788,0.0,0.0,0.49789463869639744,0.5021053613036026,-0.010048015373654628,-0.010403741866630511,0.9999999999999999,-0.011558888621157948,1.6645829848057936,1.8582098076890723,0.9534977270755381,2.0904619861247475,166458.29848057937,185820.98076890723,95349.77270755381,209046.19861247475
2023-10-17,0.0033667319148064363,0.00336673191480652,0.0,0.0,0.49957942063178223,0.5004205793682177,0.0035294766447913073,0.006740920186931287,1.0,0.003045720685113107,1.670187189465583,1.8707358516932773,0.9568630750341128,2.0968289494373304,167018.7189465583,187073.58516932774,95686.30750341128,209682.89494373303
2023-10-18,-0.002305681018449801,-0.0023056810184498566,0.0,0.0,0.49842294393432174,0.5015770560656783,-0.007918887728746493,-0.007958835758462235,1.0,0.0012307804261977306,1.6663362705655742,1.8558469723021835,0.9492857837711346,2.0994096854653828,166633.62705655742,185584.69723021836,94928.57837711346,209940.96854653826
2023-10-19,-0.012060965187962024,-0.01206096518796207,0.0,0.0,0.4922995869263263,0.5077004130736738,-0.021337292069418146,-0.022215991844307892,1.0,-0.02511319753187846,1.6462386468148442,1.8146174911012347,0.9290305957454634,2.046686795333952,164623.8646814844,181461.74911012346,92903.05957454634,204668.6795333952
2023-10-20,-0.003903763922892096,-0.003903763922892045,0.0,0.0,0.4903098770123526,0.5096901229876474,-0.006494903128307583,-0.006532077898147359,0.9999999999999999,-0.006893245329075426,1.6398121197769377,1.8027642682940208,0.9229966320228628,2.0325784811419356,163981.21197769378,180276.42682940207,92299.66320228628,203257.84811419356
2023-10-23,-0.0016746518269938548,-0.0016746518269938893,0.0,0.0,0.4894548917139987,0.5105451082860013,-0.010354384875476907,-0.004101297207725341,1.0,-0.009394794324424027,1.6370660054146267,1.7953705962342796,0.913439569656129,2.013482824363357,163706.60054146266,179537.05962342795,91343.9569656129,201348.2824363357
2023-10-24,0.0016785877431335717,0.0016785877431335638,0.0,0.0,0.4903104503448531,0.5096895496551469,0.0037101639495258354,0.003273621618167244,0.9999999999999999,0.003141116897830365,1.6398139643460163,1.801247960230734,0.9168285802175377,2.019807409286456,163981.39643460163,180124.7960230734,91682.85802175377,201980.7409286456
2023-10-25,0.000648528505656655,0.0006485285056565537,0.0,0.0,0.4906407843158432,0.5093592156841569,0.004969702878871773,0.0016452402969002744,0.9999999999999998,0.00816286142578826,1.6408774304458684,1.804211445959615,0.9213849458520766,2.0362948172752415,164087.74304458685,180421.1445959615,92138.49458520766,203629.48172752417
2023-10-26,0.0032679165959241196,0.0032679165959241807,0.0,0.0,0.4922999058791728,0.5077000941208272,0.002762194460772749,0.01666042033946047,0.9999999999999998,0.003929890421291438,1.6462396810326998,1.834270367030568,0.9239299902457486,2.044297232772577,164623.96810327,183427.0367030568,92392.99902457486,204429.7232772577
2023-10-27,0.006654108178434299,0.00665410817843437,0.0,0.0,0.49565586630394515,0.5043441336960548,0.013730244099552147,0.011596676125219307,0.9999999999999996,0.01836465581714397,1.6571939379579226,1.8555418064031086,0.9366157745427196,2.081840047840385,165719.39379579225,185554.18064031086,93661.57745427196,208184.00478403852
2023-10-30,0.0036079853962390565,0.0036079853962389663,0.0,0.0,0.4974689908461296,0.5025310091538704,0.006001588820988113,0.001533109014339562,0.9999999999999994,0.016109600655703105,1.6631730694848106,1.8583865542729892,0.9422369573047763,2.1153776596401435,166317.30694848107,185838.65542729892,94223.69573047763,211537.76596401434
2023-10-31,-0.0007764563427497612,-0.0007764563427498095,0.0,0.0,0.49707849425308714,0.5029215057469129,-0.0031419427027961078,0.012907760147122582,0.9999999999999996,-0.008355636075566553,1.6618816882059184,1.8823741621761825,0.9392765027724678,2.0977023337538068,166188.16882059185,188237.41621761824,93927.65027724678,209770.2333753807
2023-11-01,-0.0004951234921550563,-0.0006546516169734229,0.15960715006790993,0.00015960715006790993,0.5,0.5,-0.0004142745576639628,-0.007468860294877144,1.0,-0.0032777517693435287,1.6607937346715158,1.868314972536202,0.9388873844147575,2.0908265862177893,166079.37346715157,186831.4972536202,93888.73844147575,209082.65862177892
2023-11-02,-0.0021603078079303895,-0.002160307807930417,0.0,0.0,0.4989175075792061,0.501082492420794,-0.004715726275052345,-0.015938712020502566,1.0,-0.00588787530294721,1.657205908999143,1.8385364382253544,0.9344598485067577,2.0785160599980523,165720.5908999143,183853.64382253544,93445.98485067577,207851.60599980524
2023-11-03,0.0029797214870410926,0.002979721487041065,0.0,0.0,0.5004061580847544,0.4995938419152456,0.008426673869432966,0.006845022561417169,1.0,0.007958010444873542,1.6621439210546394,1.8511212616249946,0.9423342368942038,2.0950569125133542,166214.39210546395,185112.12616249945,94233.42368942038,209505.69125133543
2023-11-06,0.0075377475478074635,0.007537747547807561,0.0,0.0,0.5041437969632596,0.4958562030367404,0.013523467275273982,0.03777840022315826,1.0,0.016856355691010183,1.6746727423196721,1.9210536615082612,0.9550778631092128,2.1303719370235887,167467.27423196723,192105.36615082613,95507.78631092128,213037.19370235887
2023-11-07,-0.0030239911775215736,-0.003023991177521612,0.0,0.0,0.5026397840582014,0.4973602159417986,-0.0035374014826804467,-0.007978547639424072,1.0,-0.009539193071131047,1.6696085467216615,1.9057264433520276,0.9516993692601751,2.1100499078030013,166960.85467216614,190572.64433520276,95169.9369260175,211004.99078030014
2023-11-08,-0.002930955729602227,-0.002930955729602225,0.0,0.0,0.5011777581503993,0.49882224184960067,-0.0024007116493911518,0.0013824862864022514,1.0,-0.0055634157216077895,1.6647149979854547,1.9083610840255958,0.949414613497674,2.098310822972553,166471.49979854547,190836.1084025596,94941.4613497674,209831.08229725529
2023-11-09,0.00013105499488690804,0.00013105499488696992,0.0,0.0,0.5012431227303996,0.4987568772696004,0.00048739016413401615,-0.012784389493409876,1.0,0.0009536065468243038,1.664933167201004,1.8839638526333466,0.9498773488419778,2.1003117859106117,166493.31672010038,188396.38526333467,94987.73488419778,210031.17859106118
2023-11-10,-0.0031534785544166705,-0.003153478554416722,0.0,0.0,0.49966532807244507,0.500334671927555,-0.007290683480817073,0.009359943733308507,1.0,-0.009753663354332032,1.6596828361636984,1.901597648289582,0.9429520937459733,2.0798260518117035,165968.28361636985,190159.7648289582,94295.20937459734,207982.60518117037
2023-11-13,-0.0032112137739061697,-0.0032112137739062074,0.0,0.0,0.49805347046303156,0.5019465295369685,-0.001974074931200165,-0.005211779929864435,1.0,-0.0036409516965532074,1.654353239779894,1.891686939831549,0.9410906356563867,2.072253505619824,165435.32397798938,189168.6939831549,94109.06356563867,207225.3505619824
2023-11-14,-0.0006980815588206666,-0.0006980815588206735,0.0,0.0,0.4977028260688625,0.5022971739311375,0.0007403454759304928,-0.013124078246475879,1.0,-0.005401988767559374,1.6531983662914282,1.8668602924153632,0.9417873678509355,2.0610592154589304,165319.8366291428,186686.02924153634,94178.73678509356,206105.92154589304
2023-11-15,0.004547351446290245,0.004547351446290149,0.0,0.0,0.499976608162912,0.500023391837088,0.007032266349530802,0.014809887392851273,0.9999999999999998,0.009251809983843007,1.660716040273388,1.8945082831242201,0.9484102674662869,2.080127743685805,166071.6040273388,189450.828312422,94841.02674662869,208012.7743685805
2023-11-16,-0.0043490885376298504,-0.0043490885376298305,0.0,0.0,0.4977924631207591,0.5022075368792409,-0.009672187954813172,-0.015236297482851713,0.9999999999999999,-0.009790658541335429,1.653493439178377,1.8656429913388128,0.9392370651010783,2.0597619232250186,165349.34391783772,186564.2991338813,93923.70651010783,205976.19232250185
2023-11-17,-0.0022034041425077755,-0.0022034041425077477,0.0,0.0,0.49668345335689296,0.5033165466431071,-0.001200886808720325,-0.0108746279743821,0.9999999999999998,-0.0038463159174932926,1.649850124884882,1.84535481787499,0.9381091476993372,2.0518394281534715,164985.0124884882,184535.48178749898,93810.91476993372,205183.94281534717
2023-11-20,-3.074911621930507e-05,-3.0749116219253025e-05,0.0,0.0,0.49666797634200055,0.5033320236579994,0.0023121743687763985,-0.010864104314826983,1.0,-0.0023772003322038993,1.6497993934516475,1.8253066906357274,0.9402782196257623,2.046961794783236,164979.93934516475,182530.66906357274,94027.82196257623,204696.1794783236
2023-11-21,0.0012762240038158615,0.0012762240038157735,0.0,0.0,0.49730952199651834,0.5026904780034817,0.0013281809234073627,-0.005937241637493318,0.9999999999999999,0.005276739558708554,1.6519049070390512,1.8144694037508897,0.9415270792197646,2.057763079060934,165190.49070390512,181446.94037508898,94152.70792197647,205776.30790609337
2023-11-22,-0.005392516794140788,-0.005392516794140767,0.0,0.0,0.4945840580414804,0.5054159419585196,-0.010234371291262145,-0.013608508073703396,1.0,-0.014825614043932678,1.6429969820855197,1.789777182220458,0.931891141510252,2.027255477856922,164299.69820855197,178977.7182220458,93189.1141510252,202725.54778569218
2023-11-23,0.002029170737039881,0.002029170737039898,0.0,0.0,0.49560755642796095,0.504392443572039,0.004824484682966368,0.016472112127315697,1.0000000000000002,0.003186611525000105,1.6463309034826126,1.8192585926489044,0.9363870360486602,2.0337155535267804,164633.09034826126,181925.85926489043,93638.70360486602,203371.55535267803
2023-11-24,-0.002942713111344284,-0.0029427131113443084,0.0,0.0,0.49411889346297305,0.505881106537027,-0.006601114131045138,0.002161882893562783,1.0000000000000002,-0.01368156022770628,1.641486223947323,1.8231916166793192,0.930205838352872,2.0058911516951805,164148.6223947323,182319.1616679319,93020.5838352872,200589.11516951805
2023-11-27,-0.00501660846378456,-0.0050166084637846,0.0,0.0,0.4915682906465743,0.5084317093534256,-0.007368548986577239,0.0021414197211910846,1.0000000000000002,-0.014498536384086602,1.633251530263083,1.8270958351627866,0.9233515710653687,1.9768086658498105,163325.1530263083,182709.58351627865,92335.15710653686,197680.86658498106
2023-11-28,0.00011606981365001271,0.00011606981364997715,0.0,0.0,0.4916272973714331,0.5083727026285669,0.001873608319048703,0.0008131042627392837,1.0000000000000002,0.00249801512509662,1.6334411014638441,1.8285814545747907,0.9250815702503234,1.9817467637965254,163344.11014638442,182858.14545747908,92508.15702503234,198174.67637965255
2023-11-29,-0.004110084030816683,-0.004110084030816696,0.0,0.0,0.4895292195685834,0.5104707804314166,-0.008585996384843586,-0.002999477818975249,1.0000000000000002,-0.010469618844503814,1.626727521277438,1.823096665061604,0.9171388232324688,1.9609986305332467,162672.7521277438,182309.6665061604,91713.88232324687,196099.86305332466
2023-11-30,0.0012800049940747485,0.0012800049940746572,0.0,0.0,0.49018178942419083,0.5098182105758091,0.002261840260756598,-0.0030374690430378104,1.0000000000000002,0.0006168647389193094,1.6288097406286717,1.817559065379014,0.9192132447475588,1.9622083014414917,162880.97406286717,181755.90653790138,91921.32447475588,196220.83014414916
2023-12-01,-0.0038273998810470122,-0.003940815059231717,0.11385093122544859,0.00011385093122544859,0.5,0.5,-0.003809850695040251,0.0022284135643022562,1.0,-0.011186525758691057,1.622390902674179,1.8216093386542251,0.9157111795281672,1.940258007733499,162239.0902674179,182160.93386542253,91571.11795281671,194025.8007733499
2023-12-04,-0.0021245300810623837,-0.0021245300810623924,0.0,0.0,0.49893547334055866,0.5010645266594413,-0.006529079382579961,-0.00733901196516773,1.0,-0.0036026195231126934,1.6189440843982057,1.8082405259219805,0.9097324285455118,1.9332679963549626,161894.40843982057,180824.05259219804,90973.24285455118,193326.79963549625
2023-12-05,-0.010002352692403108,-0.010002352692403127,0.0,0.0,0.49387301270650574,0.5061269872934943,-0.019039692035582312,-0.014903909506257973,1.0,-0.021561454505504396,1.6027508346767751,1.781290672758091,0.8924114032712229,1.8915839264046075,160275.08346767753,178129.0672758091,89241.1403271223,189158.39264046075
2023-12-06,0.0002954545877668635,0.000295454587766919,0.0,0.0,0.4940225060783916,0.5059774939216084,0.0015732442417493164,-0.009727116007955505,1.0,0.008459592548269779,1.6032243747639277,1.763963851740284,0.8938153843726908,1.9075859556928467,160322.43747639278,176396.3851740284,89381.53843726908,190758.59556928466
2023-12-07,-0.0017836376096686509,-0.001783637609668598,0.0,0.0,0.49311841301619874,0.5068815869838013,-0.0024473467466760157,-0.002438400419748854,1.0,-0.004876719477791447,1.6003648034723612,1.7596626015437786,0.8916279081996173,1.898283194107158,160036.48034723612,175966.26015437787,89162.79081996174,189828.3194107158
2023-12-08,0.00014392145747736586,0.00014392145747743612,0.0,0.0,0.49319135365524275,0.5068086463447572,0.0024120685994668545,0.016598489581859388,1.0,-0.0023914546494395728,1.6005951303073724,1.7888703429030905,0.8937785758793939,1.8937435359366575,160059.51303073723,178887.03429030906,89377.85758793939,189374.35359366576
2023-12-11,0.003496772696092108,0.0034967726960921652,0.0,0.0,0.49495737292396486,0.5050426270760351,0.0058803457019642735,0.00899677365058027,1.0000000000000002,0.006577835738012627,1.6061920476565292,1.8049644044684257,0.899034302886574,1.906200269845972,160619.20476565292,180496.44044684258,89903.4302886574,190620.02698459718
2023-12-12,0.001655652253554754,0.0016556522535546847,0.0,0.0,0.49579216576098273,0.5042078342390173,0.002149468481773553,0.01719511868999768,1.0,-0.0023571506255221086,1.6088513431398734,1.836000981634481,0.900966748784662,1.9017070686875341,160885.13431398734,183600.0981634481,90096.6748784662,190170.70686875342
2023-12-13,-0.009515056600990824,-0.009515056600990834,0.0,0.0,0.4909485120402269,0.5090514879597732,-0.01668903933699084,-0.003571261651042934,1.0,-0.02274133525870592,1.5935430315473174,1.8294441417374927,0.885930479272874,1.85845971067466,159354.30315473172,182944.41417374928,88593.0479272874,185845.97106746602
2023-12-14,-0.0018760482721863919,-0.001876048272186348,0.0,0.0,0.4899917118724845,0.5100082881275154,-0.005237994901487131,-0.0072841292004250935,1.0,-0.004336939825881458,1.5905534678963285,1.816118234244116,0.8812899799393706,1.850399682740639,159055.34678963284,181611.8234244116,88128.99799393707,185039.9682740639
2023-12-15,0.00019777165970899068,0.00019777165970902288,0.0,0.0,0.49009255711376204,0.509907442886238,-0.003105645652096034,-0.0012183592565140344,1.0,0.0024654437272035867,1.5908680342955304,1.8139055497825007,0.8785530055449361,1.8549617390312714,159086.80342955302,181390.55497825006,87855.3005544936,185496.17390312714
2023-12-18,0.0006268352217272136,0.0006268352217271289,0.0,0.0,0.4904119848302406,0.5095880151697594,-0.003645015037931576,0.008777987702707435,1.0,-0.009526466740935824,1.5918652464125467,1.8298279903923642,0.8753506666281048,1.8372905077186814,159186.52464125465,182982.79903923642,87535.06666281048,183729.05077186815
2023-12-19,0.001642085146729246,0.0016420851467291442,0.0,0.0,0.4912473999181949,0.5087526000818051,0.0014026677719809477,0.011517421424070307,1.0,0.0037638703425495468,1.594479224689275,1.8509028904912728,0.8765784927973661,1.8442058309713316,159447.92246892749,185090.28904912728,87657.8492797366,184420.58309713317
2023-12-20,-0.002901478857475341,-0.0029014788574753814,0.0,0.0,0.4897669695680109,0.5102330304319891,-0.010959676548571662,0.0027373932135166257,1.0,-0.003174389504291053,1.5898528769301552,1.855969539502582,0.8669714760468725,1.8383516033377438,158985.28769301553,185596.9539502582,86697.14760468726,183835.16033377437
2023-12-21,0.0061924146091950905,0.006192414609195174,0.0,0.0,0.4929070990560354,0.5070929009439646,0.010119787717968176,-0.001445251948984816,1.0,0.01949982081636481,1.5996979051117284,1.8532871959083594,0.8757450433420004,1.8741991302003067,159969.79051117285,185328.71959083594,87574.50433420004,187419.91302003068
2023-12-22,0.001131132519441082,0.0011311325194411914,0.0,0.0,0.49348004025424974,0.5065199597457503,0.0019094110547694942,-0.004962144168829452,1.0,0.0054913901878987925,1.601507375433482,1.8440909176560165,0.8774172006089173,1.8844910889140571,160150.73754334822,184409.09176560165,87741.72006089172,188449.10889140572
2023-12-25,0.0018547979943365947,0.0018547979943366322,0.0,0.0,0.49441779311754763,0.5055822068824524,0.00306242003098367,0.009650543788283006,1.0,0.005480231244475053,1.6044778481013515,1.861887397806431,0.8801042206195916,1.8948185358594587,160447.78481013514,186188.7397806431,88010.42206195917,189481.85358594588
2023-12-26,-0.002484407989864537,-0.00248440798986449,0.0,0.0,0.49315859227460035,0.5068414077253997,-0.006769331879490359,-0.006128867525684756,1.0,-0.006054040176541764,1.600491670515968,1.8504761365975335,0.8741465030616774,1.8833472283161095,160049.1670515968,185047.61365975335,87414.65030616774,188334.72283161094
2023-12-27,0.0016359159500908163,0.0016359159500907161,0.0,0.0,0.4939863880134124,0.5060136119865877,0.0034799190324803497,0.007063465611149233,1.0,0.0015735413544475385,1.6031099403677525,1.8635469111526426,0.8771884621148579,1.886310753064649,160310.99403677526,186354.69111526426,87718.8462114858,188631.0753064649
2023-12-28,0.011735845492045817,0.01173584549204576,0.0,0.0,0.49985600071282055,0.5001439992871795,0.02343272308743649,0.0018973771792598626,1.0,0.031382228363709075,1.621923790934671,1.8670827625343438,0.8977433764430897,1.945507387882244,162192.3790934671,186708.2762534344,89774.33764430897,194550.7387882244
2023-12-29,0.0025004842266800153,0.002500484226680033,0.0,0.0,0.5011034835828672,0.49889651641713284,0.004852776655127844,0.021207507837762485,0.9999999999999998,0.0041945438230346355,1.6259793857907803,1.906678934854542,0.9020999245425884,1.9536679038787537,162597.93857907804,190667.8934854542,90209.99245425884,195366.79038787537
2024-01-02,-0.007042691202069714,-0.007067064174103854,0.024545840811394968,2.454584081139497e-05,0.5,0.5,-0.013045341012092315,-0.0071125801203165695,1.0,-0.019690214371019588,1.614488485125627,1.8931175281666692,0.8903317233999476,1.9151997640416005,161448.8485125627,189311.75281666694,89033.17233999477,191519.97640416006
2024-01-03,-0.0012393579111291185,-0.0012393579111291686,0.0,0.0,0.4993795520874065,0.5006204479125935,-0.00237719078063392,-0.02099394054757142,1.0,-0.002776520290223794,1.6124875560491596,1.8533735313307729,0.8882152350353754,1.909882173036907,161248.75560491596,185337.3531330773,88821.52350353754,190988.2173036907
2024-01-04,-0.0031186649591996535,-0.0031186649591996574,0.0,0.0,0.497813400336055,0.502186599663945,-0.00925021460497888,0.0066924091568241195,1.0,-0.01006702759990974,1.6074587476109636,1.8657770653228665,0.8799990534958864,1.890655336488369,160745.87476109638,186577.70653228665,87999.90534958863,189065.5336488369
2024-01-05,-0.0010794931772266248,-0.0010794931772266647,0.0,0.0,0.4972707074948037,0.5027292925051963,-0.005359943831134917,0.004045668500995747,1.0,-0.002763794040992029,1.6057235068602442,1.8733253808259234,0.8752823079976966,1.8854299545358126,160572.3506860244,187332.53808259233,87528.23079976966,188542.99545358127
2024-01-08,-0.007067055902152652,-0.007067055902152619,0.0,0.0,0.49369260482946015,0.5063073951705399,-0.012931384063608609,-0.024724866367828002,1.0,-0.014070999438960285,1.5943757690738622,1.827007661121542,0.8639636963088966,1.8589000707033403,159437.57690738622,182700.7661121542,86396.36963088966,185890.00707033402
2024-01-09,0.002362309123380901,0.002362309123380868,0.0,0.0,0.4948858406165206,0.5051141593834794,0.001959793795609288,0.0040366352855565335,1.0000000000000002,0.004558479189445075,1.5981421774992428,1.8343826247134074,0.8656568870005544,1.8673738279908993,159814.21774992428,183438.26247134074,86565.68870005544,186737.38279908994
2024-01-10,-0.0015654971771049738,-0.0015654971771049686,0.0,0.0,0.4940938459604918,0.5059061540395082,-0.004668185269551928,-0.0031445932491699358,1.0000000000000002,-0.0018434229196112595,1.5956402904317553,1.828614237495339,0.8616158402721723,1.8639314682768988,159564.0290431755,182861.4237495339,86161.58402721724,186393.1468276899
2024-01-11,0.0009786398569543182,0.0009786398569542332,0.0,0.0,0.49458846183590377,0.5054115381640962,0.0056573892399751635,-0.00134660229250827,1.0000000000000002,0.006966477770787405,1.5972018476173337,1.8261518213710144,0.8664903364559202,1.876916505416921,159720.18476173337,182615.18213710145,86649.03364559202,187691.6505416921
2024-01-12,-0.0010954423618845448,-0.0010954423618845244,0.0,0.0,0.494034205470912,0.5059657945290881,-0.0034894270360806834,-0.010935341708873225,1.0000000000000002,-0.0025027640286744424,1.5954522050529736,1.8061822271920411,0.8634667816493883,1.8722190263023382,159545.22050529736,180618.22271920412,86346.67816493883,187221.90263023382
2024-01-15,0.0004606284634471966,0.000460628463447188,0.0,0.0,0.49426716041172636,0.5057328395882736,-0.0009895955446885818,0.011771160656391721,1.0000000000000004,-0.004861342714995942,1.5961871157506906,1.8274430883630381,0.8626122987692815,1.8631175279779464,159618.71157506906,182744.30883630383,86261.22987692815,186311.75279779464
2024-01-16,0.003143720502931327,0.0031437205029314352,0.0,0.0,0.49585206062524934,0.5041479393747507,0.006083659461370683,0.00618534370074908,1.0000000000000004,0.010856682831452469,1.601205081912991,1.8387464519581218,0.8678601382421839,1.8833448040569227,160120.5081912991,183874.6451958122,86786.01382421839,188334.48040569227
2024-01-17,-0.013642191714875285,-0.01364219171487524,0.0,0.0,0.48887925341082966,0.5111207465891703,-0.02175177528416672,-0.03577412364866217,1.0000000000000007,-0.03300955975411446,1.5793611352107015,1.772966909027233,0.848982639537054,1.8211764212098047,157936.11352107016,177296.69090272332,84898.2639537054,182117.64212098048
2024-01-18,0.008543861882494713,0.008543861882494674,0.0,0.0,0.4932092039753835,0.5067907960246165,0.014137153616510023,0.005513896373854799,1.0000000000000004,0.020038279076082022,1.5928549786125217,1.782742864837883,0.8609848375299395,1.857669662584787,159285.49786125217,178274.28648378828,86098.48375299395,185766.9662584787
2024-01-19,0.0023270152704681726,0.0023270152704681912,0.0,0.0,0.4943857759956076,0.5056142240043924,-0.0015115750000762596,0.006776094856139947,1.0000000000000004,0.0028130548857117077,1.5965615764713943,1.794822899594131,0.8596833943740845,1.8628953893051596,159656.15764713942,179482.28995941312,85968.33943740845,186289.53893051596
2024-01-22,-0.005338214792393572,-0.005338214792393603,0.0,0.0,0.4916722130841086,0.5083277869158914,-0.015560679923419918,-0.016129596505317423,1.0000000000000004,-0.01140205108782888,1.5880387878469076,1.765873130425174,0.8463061362387502,1.8416545609050214,158803.87878469075,176587.3130425174,84630.61362387502,184165.45609050215
2024-01-23,0.0009053926555380639,0.0009053926555380176,0.0,0.0,0.49213203301140307,0.5078679669885969,0.004047966696697491,0.01819428415950175,1.0000000000000004,-0.0013983516436084642,1.5894765865021336,1.7980019279497585,0.8497319552934554,1.8390792802228209,158947.65865021336,179800.19279497585,84973.19552934554,183907.92802228208
2024-01-24,0.0071840462987790175,0.007184046298779112,0.0,0.0,0.49575455562970766,0.5042454443702924,0.013979263164734412,0.006225132682629919,1.0000000000000004,0.009205696427579957,1.6008954598903904,1.8091947285148702,0.8616105819159869,1.8560092857828043,160089.54598903903,180919.47285148702,86161.0581915987,185600.92857828044
2024-01-25,0.007300586835121827,0.007300586835121914,0.0,0.0,0.4994091625076865,0.5005908374923135,0.020081718343296417,-0.00875180411651677,1.0000000000000007,0.0165146295394325,1.6125829362092725,1.7933610106422733,0.8789132029436275,1.886660591559254,161258.29362092726,179336.10106422732,87891.32029436275,188666.0591559254
2024-01-26,-1.374991826521611e-05,-1.374991826519345e-05,0.0,0.0,0.4994022793299436,0.5005977206700565,-0.002722171036100174,-0.006888961449673103,1.0000000000000007,-0.006535117042490768,1.6125607633257037,1.7810066157746118,0.8765206508793283,1.8743310437739595,161256.07633257037,178100.66157746117,87652.06508793283,187433.10437739597
2024-01-29,-0.0010342730553038009,-0.0010342730553037915,0.0,0.0,0.498883988541711,0.501116011458289,-0.008956692322920845,0.0037170732455029665,1.0000000000000007,-0.009779332603014446,1.6108929351781558,1.7876267478161714,0.8686699250947159,1.8560013370887387,161089.2935178156,178762.67478161713,86866.99250947159,185600.13370887388
2024-01-30,-0.007684866583725248,-0.007684866583725247,0.0,0.0,0.4950031551639437,0.5049968448360562,-0.017833145679729823,-0.01588375431416278,1.0000000000000009,-0.02112486329285923,1.598513437890646,1.7592325237484334,0.8531788077729018,1.8167935625713751,159851.34378906462,175923.25237484335,85317.88077729018,181679.35625713752
2024-01-31,-0.0021489950058488855,-0.002148995005848864,0.0,0.0,0.49391558227772053,0.5060844177222794,-0.009149347927914664,-0.016334869083624137,1.0000000000000007,0.004244429015376694,1.5950782404958368,1.730495690785349,0.8453727780158641,1.8245048138833027,159507.82404958367,173049.5690785349,84537.2778015864,182450.48138833026
2024-02-01,-0.00020524587441053698,-0.000409591495948769,0.20438757124405113,0.00020438757124405113,0.5,0.5,0.0007339791935558893,0.010888033854320911,1.0,-0.0007958227745601398,1.5944249100131567,1.7493373864513764,0.8459932640457263,1.8230528314001198,159442.49100131568,174933.73864513764,84599.32640457262,182305.28314001198
2024-02-02,-0.005745539534068588,-0.005745539534068533,0.0,0.0,0.49711062923902993,0.5028893707609701,-0.011834503420134146,0.0016362003966683414,1.0,-0.01630153010114399,1.5852640786585723,1.752199652976995,0.8359813538689667,1.793334280793075,158526.40786585724,175219.9652976995,83598.13538689667,179333.4280793075
2024-02-05,0.010576574191323563,0.010576574191323518,0.0,0.0,0.5023738095617458,0.4976261904382542,0.006538496617531031,0.01808169444340968,1.0,0.02114849441815303,1.602030741799345,1.7838823917059734,0.8414474151235579,1.8312606008203098,160203.07417993448,178388.23917059734,84144.74151235579,183126.06008203098
2024-02-06,0.0159367470141255,0.015936747014125396,0.0,0.0,0.5101799478158504,0.4898200521841496,0.03476731179032755,0.009396033620526989,1.0000000000000002,0.033728355679556454,1.6275619004402526,1.8006438106335088,0.8707022797603239,1.8930260097067355,162756.19004402525,180064.38106335088,87070.22797603239,189302.60097067355
2024-02-07,0.004989305810563813,0.004989305810563893,0.0,0.0,0.5126116772067636,0.4873883227932364,0.009644622534114022,0.014698255211276434,1.0,0.009800345963390189,1.6356823044871716,1.8271101329068054,0.8790998745882047,1.9115783195195575,163568.23044871716,182711.01329068054,87909.98745882047,191157.83195195574
2024-02-08,0.0004443414836040399,0.00044434148360394943,0.0,0.0,0.5128281478703091,0.48717185212969094,0.006370322075109902,-0.00914639592457811,1.0,0.011016974874271668,1.6364091059890522,1.8103986602334312,0.8847000239255203,1.932638129835907,163640.91059890523,181039.86602334311,88470.00239255202,193263.8129835907
2024-02-19,0.003730893835657379,0.0037308938356572785,0.0,0.0,0.5146389783141851,0.48536102168581485,0.011554475130240549,0.01836440663266714,1.0,0.004282720874262846,1.6425143746352002,1.8436455573971937,0.8949222683496909,1.9409150794969516,164251.43746352004,184364.55573971936,89492.22683496909,194091.50794969517
2024-02-20,0.003019388110692454,0.003019388110692356,0.0,0.0,0.5161000600396662,0.48389993996033376,0.002068270555642071,0.011782049189529076,1.0,-0.00032181671509501353,1.647473763009615,1.8653674800425042,0.896773209726907,1.9402904605817894,164747.3763009615,186536.74800425043,89677.3209726907,194029.04605817894
2024-02-21,0.009486380165831618,0.009486380165831587,0.0,0.0,0.5206473812149482,0.47935261878505175,0.013492238005189394,0.02925249536265917,1.0,0.018782622530804316,1.6631023254387574,1.9199341336021027,0.90887268730922,1.9767342039030176,166310.23254387573,191993.41336021028,90887.268730922,197673.42039030176
2024-02-22,0.002773395972877502,0.0027733959728775126,0.0,0.0,0.521973138986211,0.478026861013789,0.008620515090240755,0.0027201320097585135,1.0,0.005224422971115361,1.6677147667306125,1.9251566078955418,0.9167076380252768,1.987061499485678,166771.47667306126,192515.66078955418,91670.76380252768,198706.1499485678
2024-02-23,-0.0008376264853939074,-0.000837626485393872,0.0,0.0,0.5215723953532153,0.4784276046467847,0.0008804962901565183,0.0002794759107433986,1.0,0.0018847204626279979,1.6663178446719165,1.925694642791857,0.9175147956997162,1.9908065549542588,166631.78446719164,192569.46427918572,91751.47956997162,199080.6554954259
2024-02-26,-0.006153772662158768,-0.006153772662158774,0.0,0.0,0.5186100309216636,0.4813899690783364,-0.010424845403955496,-0.0010947361500982522,1.0,-0.0154154618696285,1.656063703472907,1.9235865152523424,0.9079498457987049,1.960117352416555,165606.3703472907,192358.65152523425,90794.98457987049,196011.7352416555
2024-02-27,0.0035435792989020214,0.003543579298902033,0.0,0.0,0.5203098510035348,0.4796901489964652,0.011997011606087904,-0.0013028860416892662,1.0,0.010971291143637707,1.6619320965301967,1.9210803012316384,0.9188425306364977,1.9816223705656133,166193.20965301967,192108.03012316383,91884.25306364977,198162.23705656134
2024-02-28,-0.0029985179864116577,-0.0029985179864117084,0.0,0.0,0.51886716554557,0.48113283445443,-0.012741824258395984,-0.004239646330608138,1.0,-0.0104556812030554,1.656948763246556,1.9129356001817182,0.9071348005899876,1.9609031587941363,165694.8763246556,191293.56001817182,90713.48005899876,196090.31587941363
2024-02-29,0.005737919307997166,0.0057379193079971635,0.0,0.0,0.5216121166183375,0.4783878833816625,0.019076823195933068,0.004321485370272216,1.0000000000000002,0.017987169124522584,1.6664562015475506,1.9212023233921764,0.9244400507957208,1.996174255548177,166645.62015475504,192120.23233921765,92444.00507957207,199617.4255548177
2024-03-01,0.0037000207881143017,0.003627194728688554,0.07255759481667436,7.255759481667435e-05,0.5,0.5,0.006177333849059163,0.012215069556864577,1.0,0.006948982761947997,1.6725007626973942,1.9446699434052217,0.9301506256129272,2.0100456360398256,167250.07626973942,194466.99434052216,93015.06256129271,201004.56360398256
2024-03-04,-0.0014316608056754996,-0.001431660805675472,0.0,0.0,0.4992831433015237,0.5007168566984763,0.0008677709310871418,-0.008444417198057774,1.0,-0.0036887706782094964,1.670106308907978,1.9282483390905847,0.9309577832873666,2.002631038635739,167010.6308907978,192824.83390905848,93095.77832873666,200263.10386357392
2024-03-05,0.007322201343461626,0.007322201343461732,0.0,0.0,0.5029228423331956,0.4970771576668044,0.006958741778150701,0.00782977953453412,1.0,0.013105923748542914,1.6823351635667878,1.9433460984734956,0.937436078107623,2.0288773683245642,168233.51635667877,194334.60984734955,93743.6078107623,202887.73683245643
2024-03-06,-0.003169618852250991,-0.003169618852250977,0.0,0.0,0.5013422874466662,0.4986577125533338,-0.004055520809084778,-0.007026384901919869,0.9999999999999998,-0.0010415611282589277,1.6770028023165418,1.9296914007879766,0.9336342865856707,2.026764168523713,167700.28023165418,192969.14007879767,93363.42865856708,202676.41685237133
2024-03-07,0.0014363274821128065,0.0014363274821127536,0.0,0.0,0.5020574959497457,0.4979425040502543,-0.006006674082313812,0.015353607136069591,1.0,-0.0002666957068646614,1.679411527529089,1.959319124449527,0.928026249714077,2.026223639221141,167941.1527529089,195931.9124449527,92802.6249714077,202622.36392211408
2024-03-08,0.00023420373888994152,0.00023420373889004864,0.0,0.0,0.5021740886395025,0.4978259113604975,0.004303457498045171,0.00029460472862941067,0.9999999999999998,0.0003963052615825191,1.6798048519879714,1.9598963491284838,0.9320199712367918,2.027026642310507,167980.48519879713,195989.63491284839,93201.99712367918,202702.66423105073
2024-03-11,0.006257906275648345,0.006257906275648262,0.0,0.0,0.5052700622218754,0.4947299377781246,0.01251089590426857,-0.0021528678815446733,0.9999999999999998,0.03758389458802758,1.6903169133130913,1.9556769512272885,0.9436803760776347,2.1032101979622286,169031.69133130912,195567.69512272885,94368.03760776347,210321.01979622286
2024-03-12,-0.0018031708777787115,-0.0018031708777787037,0.0,0.0,0.5043763681225351,0.49562363187746494,0.0022929517504999275,-0.012635458012966727,0.9999999999999998,0.005690502861979141,1.6872689830807883,1.9309660772231292,0.9458441896478743,2.1151785216130765,168726.89830807885,193096.6077223129,94584.41896478743,211517.85216130764
2024-03-13,-0.0024961215169380514,-0.00249612151693801,0.0,0.0,0.5031361355394661,0.4968638644605339,-0.006985425949759372,-0.010225900079075423,0.9999999999999998,-0.0008145156845100754,1.6830573546672583,1.9112202110613612,0.939237065101079,2.113455675531684,168305.73546672583,191122.02110613612,93923.70651010789,211345.5675531684
2024-03-14,0.002362089624977723,0.002362089624977637,0.0,0.0,0.5043070068158406,0.4956929931841594,-0.002838459729702536,-0.004879350134208038,0.9999999999999998,0.008739330500008746,1.68703288698296,1.9018946984680178,0.9365710785151455,2.131925863177275,168703.288698296,190189.46984680177,93657.10785151455,213192.5863177275
2024-03-15,0.0031288600576473823,0.0031288600576473424,0.0,0.0,0.5058531232411426,0.4941468767588574,0.0021812240681373662,0.010994696721529085,0.9999999999999998,0.005928575437149419,1.6923113767989786,1.9228054538739576,0.9386139498931242,2.144565146483531,169231.13767989786,192280.54538739577,93861.39498931242,214456.51464835313
2024-03-18,0.00061188492262186,0.0006118849226217637,0.0,0.0,0.5061552993675764,0.4938447006324236,0.009394984299676112,-0.011345568523709937,0.9999999999999998,0.013342037654131111,1.6933468766148232,1.9009901328392675,0.947432213215827,2.173178015419652,169334.6876614823,190099.01328392676,94743.2213215827,217317.8015419652
2024-03-19,-0.002906760784290912,-0.0029067607842908627,0.0,0.0,0.504715626172663,0.49528437382733703,-0.0071873968025797375,-0.008659352277615051,0.9999999999999999,-0.008939182764957865,1.6884247223196778,1.884528789602742,0.9406226419558986,2.153751579959027,168842.47223196778,188452.87896027422,94062.26419558986,215375.15799590273
2024-03-20,0.0008394353257228017,0.0008394353257228371,0.0,0.0,0.5051310366620927,0.4948689633379073,0.002166238543393151,0.0025508034119361422,1.0,0.003364722238511142,1.6898420456764167,1.8893358520691526,0.9426602549776918,2.1609983557963437,168984.20456764166,188933.58520691525,94266.02549776918,216099.83557963438
2024-03-21,-0.001467673139970092,-0.0014676731399700937,0.0,0.0,0.5044036632303482,0.49559633676965176,-0.0011965258912584043,-0.0038399988021726728,1.0,-0.000803025279913161,1.6873619098951853,1.882080804660305,0.9415323375759508,2.1592630194867883,168736.19098951854,188208.08046603051,94153.23375759508,215926.30194867883
2024-03-22,-0.0013350351867341603,-0.001335035186734168,0.0,0.0,0.5037411401907743,0.4962588598092257,-0.010077937164382988,-0.0032575155024993085,1.0,-0.007146601943447073,1.6851092223727202,1.8759498972621678,0.9320436338396257,2.1438316261953108,168510.92223727203,187594.98972621677,93204.36338396257,214383.16261953107
2024-03-25,-0.0008638968597438992,-0.0008638968597438623,0.0,0.0,0.503312053033117,0.496687946966883,-0.005427362482369524,0.0027269087912740186,1.0,-0.001779277404606927,1.683653461807187,1.8810654415290016,0.9269850951893932,2.1400171550235396,168365.3461807187,188106.54415290017,92698.50951893932,214001.71550235397
2024-03-26,0.0033923551779180185,0.003392355177918027,0.0,0.0,0.5049912983652222,0.49500870163477784,0.005102445997458682,0.011142580922371748,0.9999999999999999,0.012877516439115944,1.6893650123461683,1.9020253654315153,0.9317149865780462,2.1675752611173453,168936.50123461682,190202.53654315154,93171.49865780462,216757.52611173454
2024-03-27,-0.0021319695788873973,-0.002131969578887394,0.0,0.0,0.5039337001047343,0.49606629989526574,-0.011558377425044064,0.004473570240506319,0.9999999999999998,-0.010243664611810477,1.6857633375322096,1.910534209502998,0.9209458731106073,2.1453713471216016,168576.33375322097,191053.4209502998,92094.58731106072,214537.13471216016
2024-03-28,0.0020075685425665762,0.0020075685425666734,0.0,0.0,0.5049275918975334,0.49507240810246655,0.005187293557421313,0.005630956174961899,0.9999999999999998,0.006260984523461355,1.6891476229788516,1.921292343907475,0.9257230897049277,2.1588034839230072,168914.76229788514,192129.2343907475,92572.30897049277,215880.34839230072
2024-03-29,0.002517348335666195,0.002517348335666192,0.0,0.0,0.5061707321829758,0.4938292678170242,0.004691902208488585,0.0034239846143302444,0.9999999999999997,0.009145364188665406,1.693399795936252,1.9278708193326446,0.9300664919139631,2.178546527995243,169339.97959362518,192787.08193326445,93006.64919139631,217854.6527995243
2024-04-01,0.008305959469527864,0.00827283427912695,0.03285232035957682,3.2852320359576815e-05,0.5,0.5,0.01644390922351513,0.017149920614305092,1.0,0.02181111301284755,1.7074090118163399,1.9609336508388349,0.9453604208788294,2.226063052521094,170740.901181634,196093.3650838835,94536.04208788295,222606.3052521094
2024-04-02,-0.00253447120919377,-0.0025344712091938115,0.0,0.0,0.4987295444624205,0.5012704555375795,-0.004163364064911801,0.007740575093738933,1.0,-0.0011407144486148546,1.7030816328335734,1.9761124050169925,0.9414245412741526,2.2235237502335554,170308.16328335734,197611.24050169924,94142.45412741526,222352.37502335553
2024-04-03,-0.0006238079130967272,-0.0006238079130966856,0.0,0.0,0.4984166528013605,0.5015833471986395,-0.0035970821184801993,0.012031170987493844,1.0,0.000855527711486781,1.702019237034362,1.9998873512522597,0.9380381598908369,2.2254260364190293,170201.92370343622,199988.73512522597,93803.8159890837,222542.6036419029
2024-04-08,-0.003408261161371738,-0.0034082611613717173,0.0,0.0,0.4967012793190956,0.5032987206809044,-0.008798138909131725,-0.014908426356784688,1.0,-0.008461097148757979,1.6962183109728703,1.9700721779542503,0.929785169858051,2.2065964905275126,169621.83109728704,197007.21779542504,92978.51698580511,220659.64905275125
2024-04-09,-0.003292593721261384,-0.0032925937212613388,0.0,0.0,0.4950386467378651,0.5049613532621349,-0.0008256961155522768,-0.005309471216681572,1.0,-0.0032604594972694967,1.6906333532122726,1.959612136430617,0.9290174498550011,2.1994019720433307,169063.33532122726,195961.2136430617,92901.74498550012,219940.19720433306
2024-04-10,-0.0005808217415209952,-0.0005808217415209649,0.0,0.0,0.4947451837555821,0.5052548162444179,-0.008144921876105382,0.02214648704585298,1.0,0.004512438866623558,1.6896513966037865,2.003010661224974,0.9214506753043935,2.2093266389853077,168965.13966037866,200301.0661224974,92145.06753043935,220932.66389853077
2024-04-11,-0.001669491538385896,-0.0016694915383859144,0.0,0.0,0.49390025451291214,0.5060997454870879,-0.0001341052469392423,-0.00038252591793330737,0.9999999999999999,-0.0018076067220926806,1.6868305378943345,2.0022444577331586,0.9213271039340395,2.2053330453013795,168683.05378943344,200224.44577331585,92132.71039340395,220533.30453013795
2024-04-12,-0.0038065637347403946,-0.00380656373474042,0.0,0.0,0.49196639220545213,0.5080336077945479,-0.008104467730520648,0.0009764711412021398,0.9999999999999998,-0.0058048350825594675,1.6804095099421332,2.004199591663767,0.9138602381509521,2.1925314506712863,168040.95099421332,200419.9591663767,91386.0238150952,219253.14506712864
2024-04-15,0.010626992816958412,0.010626992816958447,0.0,0.0,0.49730849125799936,0.5026915087420006,0.02107116553120969,0.026076251471845113,0.9999999999999998,0.022025368437407877,1.698267209733837,2.0564616042157606,0.9331163385014215,2.240822763682926,169826.7209733837,205646.16042157606,93311.63385014216,224082.2763682926
2024-04-16,-0.0015653738664623766,-0.0015653738664623829,0.0,0.0,0.49652035738315115,0.5034796426168489,-0.010698547229140987,-0.015774682527667894,0.9999999999999998,-0.010246405508825274,1.6956087866254497,2.0240215752789186,0.923133349283681,2.217862384972824,169560.87866254497,202402.15752789186,92313.3349283681,221786.2384972824
2024-04-17,0.004601260742916543,0.0046012607429164465,0.0,0.0,0.4988263878501221,0.5011736121498779,0.015462346665299664,0.0011857805462571758,0.9999999999999998,0.006260662661895955,1.7034107247706936,2.026421620688089,0.9374071571486043,2.231747673195647,170341.07247706936,202642.1620688089,93740.71571486043,223174.7673195647
2024-04-18,0.0035477058622180105,0.003547705862217976,0.0,0.0,0.500598118831546,0.49940188116845396,0.0012340831323274237,0.010865324766174966,0.9999999999999998,0.006290869667117116,1.7094539249847276,2.0484393497100637,0.9385639955093644,2.2457873069376126,170945.39249847276,204843.93497100638,93856.39955093645,224578.73069376126
2024-04-19,-0.0029310080427074644,-0.002931008042707517,0.0,0.0,0.4991300650237805,0.5008699349762196,-0.007882794554316841,-0.007836469125448331,0.9999999999999998,-0.009351621622303297,1.7044435017819595,2.0323868179907074,0.9311654883566853,2.2247855537989607,170444.35017819595,203238.68179907073,93116.54883566854,222478.55537989608
2024-04-22,-0.001064637162421238,-0.0010646371624212225,0.0,0.0,0.49859625196024004,0.50140374803976,-0.003038123365879164,-0.026058626499067206,0.9999999999999998,-0.006964812608717619,1.702628887888715,1.9794256089990598,0.9283364927290086,2.209290339322169,170262.8887888715,197942.56089990598,92833.64927290086,220929.03393221687
2024-04-23,-0.00354869152837078,-0.0035486915283707843,0.0,0.0,0.4968105879565556,0.5031894120434444,-0.0069897193350138,-0.025845461948756143,0.9999999999999998,-0.013267140018298096,1.696586783178305,1.9282664397412812,0.9218476811963818,2.1799793750493084,169658.6783178305,192826.64397412812,92184.76811963819,217997.93750493083
2024-04-24,0.0009769450968397124,0.0009769450968397653,0.0,0.0,0.49730169659925244,0.5026983034007475,0.004392194443018527,0.015267033480336867,0.9999999999999998,0.007026862309376769,1.6982442553174941,1.9577053480358213,0.9258966154590421,2.195297789955061,169824.4255317494,195770.53480358212,92589.66154590421,219529.7789955061
2024-04-25,0.002157625719218524,0.0021576257192186254,0.0,0.0,0.4983839961902441,0.5016160038097559,0.002459095529898203,0.0055952173230480184,0.9999999999999996,0.005314142209944084,1.7019084308002825,1.968659134912575,0.9281734836872654,2.2069639146040583,170190.84308002825,196865.9134912575,92817.34836872654,220696.39146040584
2024-04-26,0.007256481999073246,0.00725648199907325,0.0,0.0,0.5019977406209261,0.49800225937907394,0.015293404489162166,0.04229429323460021,0.9999999999999998,0.028406274666572084,1.7142582986924557,2.051922181643542,0.9423684162094095,2.269655537741514,171425.82986924556,205192.21816435418,94236.84162094095,226965.55377415143
2024-04-29,0.004443390949926744,0.004443390949926851,0.0,0.0,0.5042007704305754,0.49579922956942457,0.011059434696604864,0.011162111799067231,0.9999999999999998,0.011495275675124983,1.7218754185027028,2.074825966438033,0.9527904781686204,2.295745853835427,172187.54185027027,207482.5966438033,95279.04781686203,229574.5853835427
2024-04-30,0.0013351301523977577,0.0013351301523978343,0.0,0.0,0.5048618443118373,0.49513815568816266,-0.005386447235168679,-0.0068077945602940115,0.9999999999999998,-0.005812236967737361,1.7241743462926185,2.0607009775101592,0.9476583225317939,2.2824024349152348,172417.43462926184,206070.0977510159,94765.8322531794,228240.24349152346
2024-05-06,0.008001213308115575,0.007490214820041752,0.5069423343220059,0.0005069423343220059,1.0,0.0,0.014840236489392256,0.00789444121685512,1.0,0.018261736097195724,1.7370887825335553,2.076969060242629,0.9617217961493065,2.3240830658492535,173708.87825335553,207696.90602426292,96172.17961493065,232408.30658492536
2024-05-07,-0.001593747367958217,-0.0015937473679582537,0.0,0.0,1.0,0.0,0.000308922107887577,0.0004871220413655841,1.0,0.0003384032267355064,1.7343203018584825,2.0779807976511075,0.9620188932737744,2.3248695430579382,173432.03018584824,207798.07976511074,96201.88932737744,232486.95430579383
2024-05-08,-0.011229424041299644,-0.011229424041299674,0.0,0.0,1.0000000000000002,0.0,-0.007868248515308873,-0.012335017938099324,1.0,-0.012178885183965593,1.7148448837654788,2.0523488672370553,0.954449489545074,2.296555223825337,171484.48837654787,205234.88672370554,95444.9489545074,229655.5223825337
2024-05-09,0.00857982218802179,0.00857982218802178,0.0,0.0,1.0,0.0,0.009459481794491742,0.025374625925867145,1.0,0.013106296024234743,1.7295579479482255,2.104426452012573,0.9634780871151876,2.3266545564247947,172955.79479482255,210442.64520125728,96347.80871151875,232665.45564247947
2024-05-10,0.005385877387371885,0.00538587738737184,0.0,0.0,1.0,0.0,0.00046936057807767106,-0.014816004566389651,1.0000000000000002,0.0003822071137451477,1.738873134990229,2.073247260089923,0.9639303057471211,2.3275438203474876,173887.31349902292,207324.72600899232,96393.03057471212,232754.38203474876
2024-05-13,0.0014163904378674825,0.0014163904378674541,0.0,0.0,1.0,0.0,-0.0004336820973848132,-0.003863283803127837,1.0,-0.004744053786573943,1.7413360582712938,2.0652377175301386,0.9635122664303919,2.3165018272731515,174133.6058271294,206523.77175301386,96351.22664303919,231650.18272731514
2024-05-14,-0.006326732503938953,-0.006326732503939003,0.0,0.0,1.0000000000000002,0.0,-0.0020847602389287845,-0.016467957790674892,1.0,0.00042557472998128176,1.7303190908311479,2.0312274699701427,0.9615035743676177,2.3174876719127946,173031.9090831148,203122.74699701427,96150.35743676177,231748.76719127945
2024-05-15,-0.003770041375551985,-0.0037700413755520357,0.0,0.0,1.0000000000000002,0.0,-0.00847404328625534,0.01313652416020128,1.0,-0.008141971392967906,1.7237957162658069,2.05791073870427,0.9533557514585372,2.298618753584525,172379.5716265807,205791.07387042698,95335.57514585373,229861.8753584525
2024-05-16,0.00680615196810028,0.006806151968100194,0.0,0.0,1.0000000000000002,0.0,0.003943674401416519,0.001134132336738869,1.0000000000000002,0.004826601297242661,1.735528131872672,2.0602446818191567,0.9571154761310074,2.309713269842442,173552.8131872672,206024.46818191567,95711.54761310075,230971.3269842442
2024-05-17,0.013418658331456716,0.013418658331456612,0.0,0.0,1.0000000000000002,0.0,0.010331395796020049,-0.0022602458259709524,1.0,0.015885969172730885,1.7588165908989026,2.055588022376596,0.967003814937413,2.3464053036450068,175881.65908989025,205558.80223765958,96700.38149374131,234640.53036450068
2024-05-20,0.0015005645422624045,0.0015005645422623282,0.0,0.0,1.0000000000000004,0.0,0.003531839574548057,-0.011047908115078053,1.0,0.009523027679988694,1.7614558087115482,2.032878074782924,0.970419117279748,2.3687501863000904,176145.58087115482,203287.8074782924,97041.91172797479,236875.01863000903
2024-05-21,-0.00461175603668639,-0.0046117560366863986,0.0,0.0,1.0000000000000004,0.0,-0.004009796909205221,-0.005163869903314633,1.0,-0.014026716440811993,1.7533324042523664,2.0223805568754445,0.966527933702646,2.3355243991177383,175333.24042523664,202238.05568754446,96652.7933702646,233552.43991177384
2024-05-22,0.0007919981609610094,0.0007919981609609827,0.0,0.0,1.0000000000000004,0.0,0.0022550705083566047,-0.000855855786847215,1.0000000000000002,0.003727301381691861,1.7547210402920876,2.0206496907726352,0.9687075223414416,2.344229602437545,175472.10402920877,202064.96907726352,96870.75223414417,234422.9602437545
2024-05-23,-0.012110584695906722,-0.012110584695906756,0.0,0.0,1.0000000000000004,0.0,-0.011578390261775762,0.0013484846802538364,1.0000000000000002,-0.014806836431736303,1.7334703425159408,2.0233745059248016,0.9574914485982545,2.3095189781558183,173347.03425159407,202337.45059248016,95749.14485982545,230951.89781558182
2024-05-24,-0.009552605506244434,-0.009552605506244483,0.0,0.0,1.0000000000000004,0.0,-0.011068732683652827,-0.0014357402673622621,1.0000000000000002,-0.01144745426305005,1.7169111841771114,2.020469465670691,0.9468932317068369,2.2830808652837336,171691.11841771114,202046.94656706913,94689.3231706837,228308.08652837336
2024-05-27,0.00990054038298329,0.00990054038298327,0.0,0.0,1.0000000000000004,0.0,0.0095044259582171,0.005683469270837849,1.0000000000000002,0.007486798921816362,1.7339095326900524,2.0319527417914967,0.9558929083179315,2.3001738326443593,173390.95326900523,203195.27417914965,95589.29083179314,230017.38326443592
2024-05-28,-0.005921421799106254,-0.005921421799106263,0.0,0.0,1.0000000000000007,0.0,-0.007299812141232431,-0.010586020224506054,1.0000000000000002,-0.007618293683493205,1.7236423229855034,2.0104424489716513,0.9489150696600743,2.2826504328641883,172364.23229855034,201044.24489716513,94891.50696600744,228265.04328641883
2024-05-29,0.002003323003306698,0.002003323003306745,0.0,0.0,1.0000000000000004,0.0,0.0012052632599739432,-0.007456094567234506,1.0000000000000002,0.013973940007103502,1.7270953353006133,1.9954523999501361,0.9500587621303712,2.3145480530702214,172709.53353006134,199545.2399950136,95005.87621303712,231454.80530702215
2024-05-30,-0.009284061206185742,-0.009284061206185745,0.0,0.0,1.0000000000000004,0.0,-0.005316146029356372,-0.004271051833265815,1.0000000000000002,-0.01139651210679904,1.7110608764987645,1.9869297193191344,0.9450081110144166,2.2881702781616386,171106.08764987646,198692.97193191343,94500.81110144166,228817.02781616387
2024-05-31,-0.00607257775495674,-0.006072577754956732,0.0,0.0,1.0000000000000004,0.0,-0.004003550055504346,-0.007936919638897089,1.0000000000000002,-0.007324775357160251,1.7006703262827614,1.971159617808762,0.9412247237391128,2.271409944895174,170067.03262827615,197115.9617808762,94122.47237391128,227140.99448951738
2024-06-03,0.006557274944098278,0.006417996944305893,0.13837066529585926,0.00013837066529585925,0.9999999999999999,1.1102230246251565e-16,0.0024665355650406173,0.013157937702284794,1.0,0.00956516654804318,1.7115852232401159,1.9970960132611493,0.9435462879949109,2.293136359316978,171158.52232401157,199709.60132611493,94354.6287994911,229313.6359316978
2024-06-04,0.008727287909251586,0.00872728790925148,0.0,0.0,0.9999999999999999,1.1102230246251565e-16,0.007501219087425959,0.005751149033025538,1.0,0.009550510550184299,1.7265227202645528,2.0085816100666753,0.9506240354202883,2.315036982309646,172652.2720264553,200858.16100666753,95062.40354202883,231503.69823096463
2024-06-05,-0.006787825302086943,-0.006787825302086992,0.0,0.0,0.9999999999999998,2.220446049250313e-16,-0.005774863303343536,0.00805698008983291,1.0,-0.007067002279495971,1.714803385659313,2.024764712107787,0.9451343115628633,2.2986766106785463,171480.3385659313,202476.47121077872,94513.43115628633,229867.66106785464
2024-06-06,0.0032973008726158637,0.003297300872615816,0.0,0.0,1.0,0.0,-0.0007065781311286212,-0.0015307213654495166,1.0,0.005373410952556945,1.720457608359212,2.0216653615029556,0.9444665003273337,2.311028344754753,172045.7608359212,202166.53615029555,94446.65003273336,231102.8344754753
2024-06-07,-0.009857642690941438,-0.00985764269094147,0.0,0.0,1.0,0.0,-0.005049759899784179,-0.020460002079273454,1.0,-0.015299392422236657,1.703497951991095,1.98030208400301,0.9396971712672912,2.275671015209438,170349.7951991095,198030.20840030102,93969.71712672913,227567.1015209438
2024-06-11,-0.012125843573539569,-0.012125843573539519,0.0,0.0,0.9999999999999999,1.1102230246251565e-16,-0.00873783963000585,0.013377825507510988,1.0,-0.012734912121690645,1.6828416022974062,2.006794219734963,0.9314862480839875,2.2466905448128673,168284.1602297406,200679.4219734963,93148.62480839874,224669.05448128673
2024-06-12,-0.0005099381842259517,-0.0005099381842259554,0.0,0.0,0.9999999999999998,2.220446049250313e-16,0.0003499977419498812,0.02197070625705111,1.0,-0.0008033488830069269,1.6819834571063907,2.0508849060551078,0.9318122661674743,2.2448856684732297,168198.34571063909,205088.49060551077,93181.22661674743,224488.56684732297
2024-06-13,-0.0068578266573250495,-0.006857826657325039,0.0,0.0,1.0,0.0,-0.00507601322754303,0.018417289766308187,1.0,-0.004725868176774339,1.6704487061170668,2.0886566476472725,0.9270823747788213,2.2342766347320953,167044.87061170666,208865.66476472726,92708.23747788212,223427.6634732095
2024-06-14,0.011405484061216171,0.011405484061216109,0.0,0.0,0.9999999999999999,1.1102230246251565e-16,0.004367394282116743,0.017010574378365728,1.0000000000000002,0.009039436218912567,1.689500982209764,2.1241858969029446,0.9311313090414816,2.2544732358671626,168950.0982209764,212418.58969029447,93113.13090414816,225447.32358671626
2024-06-17,-0.0011220238670645857,-0.0011220238670646143,0.0,0.0,1.0,0.0,-0.0015049992517359723,0.047806301029195364,1.0000000000000002,0.005125458040885489,1.6876053217842955,2.225735367332258,0.9297299571181062,2.266028443841899,168760.53217842954,222573.53673322583,92972.99571181062,226602.84438418993
2024-06-18,-4.285259961916488e-05,-4.285259961911425e-05,0.0,0.0,0.9999999999999999,1.1102230246251565e-16,0.002655392794525202,0.010964250719556423,1.0000000000000002,-0.00021125261553189834,1.687533003509126,2.250138887935073,0.9321987553470918,2.265549739406268,168753.3003509126,225013.88879350733,93219.87553470918,226554.97394062678
2024-06-19,-0.0008444787626210567,-0.0008444787626210593,0.0,0.0,0.9999999999999999,1.1102230246251565e-16,-0.004749562132113416,-0.0020634507124536183,1.0000000000000002,0.0014450974209965217,1.6861079177264404,2.245495837243644,0.927771219439092,2.268823679491823,168610.79177264404,224549.58372436443,92777.12194390921,226882.3679491823
2024-06-20,-0.00625665874107412,-0.0062566587410741725,0.0,0.0,0.9999999999999999,1.1102230246251565e-16,-0.0072178533475025786,-0.016172548590150604,1.0000000000000002,-0.00429868749150919,1.675558515884603,2.2091804467068403,0.921074702837147,2.2590707155203518,167555.8515884603,220918.04467068403,92107.4702837147,225907.07155203517
2024-06-21,-0.006338477509319195,-0.0063384775093191514,0.0,0.0,0.9999999999999999,1.1102230246251565e-16,-0.0021865223447741222,0.004906418898646736,1.0000000000000002,-0.008702546167867475,1.6649380259161202,2.2200196114010837,0.9190607524181874,2.2394110483220584,166493.802591612,222001.96114010838,91906.07524181875,223941.10483220583
2024-06-24,0.007427077972404099,0.007427077972404161,0.0,0.0,0.9999999999999999,1.1102230246251565e-16,-0.005381019676051757,0.0008617287228256387,1.0000000000000002,0.006268584495574991,1.67730365045382,2.2219326660654644,0.9141152684259383,2.2534489856987894,167730.365045382,222193.26660654644,91411.52684259383,225344.89856987895
2024-06-25,-0.0022651528198499083,-0.002265152819849958,0.0,0.0,0.9999999999999999,1.1102230246251565e-16,-0.005438893698534009,-0.00229202799870476,1.0,-0.0020956280372393943,1.6735043013602497,2.216839934183606,0.9091434926527627,2.24872659482387,167350.43013602498,221683.9934183606,90914.34926527628,224872.659482387
2024-06-26,-0.0009046376660202016,-0.0009046376660202249,0.0,0.0,1.0,0.0,0.006466352410422482,0.012247174482430845,1.0000000000000002,-0.0007687764265700281,1.6719903863349923,2.243989959657173,0.9150223348678979,2.2469978268279687,167199.03863349924,224398.99596571727,91502.23348678979,224699.78268279685
2024-06-27,-0.005706741159060858,-0.005706741159060891,0.0,0.0,0.9999999999999999,1.1102230246251565e-16,-0.007510933091205874,0.002912075640507217,1.0000000000000004,-0.009019515666553568,1.6624487699797403,2.250524628156233,0.9081496633337461,2.226730994726182,166244.87699797403,225052.46281562332,90814.96633337461,222673.09947261823
2024-06-28,-0.0012819093330113246,-0.0012819093330113107,0.0,0.0,1.0,0.0,0.002182900420367506,0.007883037556336792,1.0000000000000004,0.0011404459400474742,1.6603176613858501,2.2682655983214497,0.910132063615594,2.2292704610486958,166031.76613858502,226826.55983214497,91013.2063615594,222927.04610486957
2024-07-01,0.0027680231630190814,0.0022566050065151444,0.5100064468459261,0.0005100064468459262,0.49999999999999994,0.5,0.004772276884500437,-0.012225680751464463,1.0,0.0017606095057181026,1.664064342532939,2.240534507256842,0.9144754658246294,2.233195335813235,166406.43425329388,224053.4507256842,91447.54658246294,223319.53358132349
2024-07-02,-0.0012965834432933157,-0.0012965834432933088,0.0,0.0,0.4993508666227638,0.5006491333772363,-0.0018371677141493237,-0.0035200319330646046,1.0,-0.003646852090527397,1.661906744257836,2.232647754244165,0.9127954210234347,2.225051202734268,166190.6744257836,223264.7754244165,91279.54210234348,222505.12027342682
2024-07-03,0.0011740894092275114,0.0011740894092275855,0.0,0.0,0.49993798413954244,0.5000620158604576,-0.002413740462412828,-0.004454203504107079,0.9999999999999999,0.004841322343591692,1.663857971365393,2.2227030867937736,0.9105921697818052,2.235823392837701,166385.7971365393,222270.30867937737,91059.21697818053,223582.3392837701
2024-07-04,0.0001227912281808178,0.00012279122818070753,0.0,0.0,0.4999993798297844,0.5000006201702156,-0.005081696940298697,0.0028199351081275026,0.9999999999999998,0.003090709087547605,1.6640622785292152,2.2289709652631666,0.9059648163387651,2.242733672516096,166406.22785292153,222897.09652631666,90596.48163387651,224273.3672516096
2024-07-05,-0.0031385571410655947,-0.00313855714106559,0.0,0.0,0.49842515852930774,0.5015748414706922,-0.004280561029191943,-0.007186302126539146,0.9999999999999997,-0.0011324864035614501,1.6588395239817595,2.212952906475502,0.9020867786521264,2.240193807125162,165883.95239817596,221295.29064755017,90208.67786521264,224019.3807125162
2024-07-08,-0.0020253629570779813,-0.002025362957078003,0.0,0.0,0.49740722574183016,0.5025927742581698,-0.008539634981609145,0.014773075694573423,0.9999999999999996,-0.006278009504855464,1.65547977185815,2.2456450272713906,0.8943832868407016,2.2261298491113117,165547.977185815,224564.50272713907,89438.32868407016,222612.98491113118
2024-07-09,0.006354128919191821,0.006354128919191737,0.0,0.0,0.5005806009878985,0.49941939901210153,0.011185386388222529,0.04223620133220796,0.9999999999999998,0.014072221347715574,1.6659989037516507,2.3404925427638967,0.9043873094831832,2.2574564410967626,166599.89037516507,234049.25427638966,90438.73094831832,225745.64410967627
2024-07-10,-0.0009989950241127397,-0.0009989950241127143,0.0,0.0,0.5000811845788322,0.4999188154211678,-0.0031513368470933445,-0.004073167001371614,0.9999999999999998,-0.008149863631032539,1.6643345791366255,2.3309593257717545,0.9015372804307653,2.239058478948828,166433.45791366254,233095.93257717544,90153.72804307652,223905.8478948828
2024-07-11,0.008586618683618255,0.008586618683618319,0.0,0.0,0.5043372515950597,0.4956627484049403,0.011432004362826209,0.013753674532777316,0.9999999999999997,0.020437613656101083,1.6786255855296321,2.363018581687561,0.9118436585539003,2.2848194910950017,167862.55855296322,236301.8581687561,91184.36585539003,228481.94910950016
2024-07-12,0.0054628358166110185,0.005462835816611111,0.0,0.0,0.5070302643236179,0.49296973567638214,0.0012196633959695724,0.008167747683548665,0.9999999999999996,0.006885300538673311,1.6877956415009432,2.382319121234322,0.9129558008870854,2.3005511599678092,168779.56415009432,238231.9121234322,91295.58008870854,230055.11599678092
2024-07-15,0.00017068985804407364,0.00017068985804402637,0.0,0.0,0.5071143948975848,0.4928856051024152,0.001108743232346443,-0.0009016591900277149,0.9999999999999996,0.0017167335794383565,1.6880837310993984,2.3801710813050825,0.9139680344527503,2.3045005933953417,168808.37310993983,238017.10813050825,91396.80344527503,230450.05933953417
2024-07-16,0.001710259368007141,0.001710259368007172,0.0,0.0,0.5079559178984714,0.4920440821015286,0.006337288745055902,0.021563605222340465,0.9999999999999994,0.008738096734221212,1.6909707921144916,2.4314961508639765,0.9197601137908286,2.3246375425045005,169097.07921144916,243149.61508639765,91976.01137908286,232463.75425045006
2024-07-17,0.0006857402673148035,0.0006857402673148272,0.0,0.0,0.5082931011187507,0.4917068988812493,0.0009433207176097191,-0.01250245012887119,0.9999999999999994,-0.005213193056930132,1.6921303588774979,2.401096491499257,0.9206277425613986,2.312518758208037,169213.03588774978,240109.6491499257,92062.77425613986,231251.87582080372
2024-07-18,0.003670971511019924,0.003670971511019916,0.0,0.0,0.5100915411143278,0.48990845888567225,0.005526076799616142,-0.009730119283608785,0.9999999999999993,0.00868256617181662,1.698342121217869,2.3777335362255148,0.9257152021706501,2.3325973553497454,169834.2121217869,237773.35362255148,92571.520217065,233259.73553497455
2024-07-19,0.0010523987628954514,0.0010523987628954234,0.0,0.0,0.510606578146056,0.48939342185394397,0.00513784710289622,-0.004760782451381229,0.9999999999999996,-0.001805644789433014,1.700129454365212,2.3664136641321916,0.9304713853402296,2.328385513089213,170012.9454365212,236641.36641321916,93047.13853402296,232838.55130892128
2024-07-22,-0.0036963939324585046,-0.003696393932458464,0.0,0.0,0.5087908757194972,0.4912091242805028,-0.006809794801950764,-0.0022608812361375463,0.9999999999999994,-0.007297929995563446,1.6938451061657025,2.3610634838820155,0.9241350661369757,2.3113931186120036,169384.51061657025,236106.34838820156,92413.50661369757,231139.31186120035
2024-07-23,-0.012055948996451613,-0.012055948996451571,0.0,0.0,0.5027966170943232,0.4972033829056768,-0.02134899229569942,-0.04058310573212287,0.9999999999999994,-0.03213336775357267,1.6734241959578797,2.265244194875377,0.9044057137298317,2.237120273508567,167342.41959578797,226524.41948753773,90440.57137298316,223712.0273508567
2024-07-24,-0.005490137721858327,-0.005490137721858357,0.0,0.0,0.500051832802619,0.499948167197381,-0.006311266672093252,-0.013821130078543797,0.9999999999999993,-0.0064845326156388605,1.664236866654981,2.2339359601983384,0.8986977680907179,2.2226135941298937,166423.6866654981,223393.59601983384,89869.77680907179,222261.35941298938
2024-07-25,-0.0033378751811788255,-0.0033378751811787843,0.0,0.0,0.49837747944092436,0.5016225205590756,-0.00552927443632123,-0.009516775821377332,0.9999999999999993,-0.01448748701590874,1.6586818517221706,2.2126760924658173,0.8937286214956349,2.1904135085435548,165868.18517221705,221267.60924658173,89372.86214956349,219041.35085435546
2024-07-26,0.006553751419738814,0.006553751419738907,0.0,0.0,0.5016435835130119,0.49835641648698814,0.002947691710278866,0.020657076323576495,0.9999999999999993,0.013027717538494965,1.66955244026279,2.258383511387237,0.8963630579444566,2.218949597025364,166955.244026279,225838.3511387237,89636.30579444565,221894.9597025364
2024-07-29,-0.0027121377694059225,-0.002712137769405931,0.0,0.0,0.5002882965282118,0.49971170347178817,-0.005441015578023678,0.0002764827658832125,0.9999999999999993,-0.006745405382365233,1.6650243840315493,2.2590079155068903,0.8914859325826159,2.203981882470392,166502.43840315493,225900.79155068903,89148.5932582616,220398.18824703922
2024-07-30,-0.005991241882386002,-0.005991241882385978,0.0,0.0,0.49727635758651856,0.5027236424134814,-0.006299509841509399,-0.02270777288543646,0.9999999999999993,-0.011191599555981369,1.6550488202067455,2.2077108768151565,0.8858700081767445,2.1793157998131454,165504.88202067456,220771.08768151567,88587.00081767446,217931.57998131454
2024-07-31,0.012915557936791219,0.012915557936791222,0.0,0.0,0.5036865230528399,0.4963134769471601,0.02157666989179008,0.016920104492345045,0.9999999999999993,0.024603908553137988,1.6764246991323437,2.2450655755397557,0.9049841329102115,2.232935486460157,167642.46991323438,224506.55755397558,90498.41329102115,223293.5486460157
2024-08-01,-0.0032605587712058745,-0.003427904066366505,0.16789271923889693,0.00016789271923889693,0.5,0.5,-0.006626807046901884,-0.013147226105157506,1.0,-0.012632692133373702,1.6706780760892308,2.215549190797229,0.8989869776809077,2.2047274999060207,167067.8076089231,221554.9190797229,89898.69776809077,220472.74999060208
2024-08-02,-0.006889710053242399,-0.006889710053242348,0.0,0.0,0.49653124626590467,0.5034687537340954,-0.010201007817458141,-0.007693559854680787,1.0,-0.02013826975009758,1.6591675885526673,2.198503730486841,0.8898164044937917,2.160328102787455,165916.75885526673,219850.3730486841,88981.64044937918,216032.81027874548
2024-08-05,-0.006088273795778588,-0.006088273795778587,0.0,0.0,0.4934472142140253,0.5065527857859746,-0.012135126270908403,0.003286083247306726,1.0,-0.012676780185054581,1.649066122000477,2.205728196764735,0.8790183700673339,2.132942098300822,164906.6122000477,220572.81967647347,87901.83700673339,213294.2098300822
2024-08-06,-0.0026936727619713548,-0.0026936727619712997,0.0,0.0,0.4920790413625091,0.5079209586374909,-0.0001016953208188287,0.0028619611653242227,0.9999999999999998,-0.0082262658277924,1.6446240775049545,2.212040905205136,0.8789289780121842,2.11539594960491,164462.40775049545,221204.09052051362,87892.89780121842,211539.59496049103
2024-08-07,-0.0005565886501777435,-0.000556588650177714,0.0,0.0,0.49179618088481264,0.5082038191151874,-0.0004457101149274445,-0.01307911871745493,1.0,0.00042617897005348127,1.6437086984096063,2.1831093595980917,0.8785372304763813,2.116297486871968,164370.86984096063,218310.93595980917,87853.72304763814,211629.74868719678
2024-08-08,0.0012868496040134866,0.0012868496040134847,0.0,0.0,0.4924493222734617,0.5075506777265383,0.0004339381533389197,0.008087766227055093,0.9999999999999998,-0.0013250392813718426,1.6458239042972682,2.200765837746617,0.8789184612998138,2.113493309570794,164582.39042972683,220076.5837746617,87891.84612998138,211349.3309570794
2024-08-09,0.0004339147465727112,0.00043391474657261675,0.0,0.0,0.49266946047594795,0.507330539524052,-0.003383249475013006,-0.007002861439582508,0.9999999999999998,0.0019070635319113904,1.6465380515596044,2.1853541795239106,0.8759448608770419,2.117523875586415,164653.80515596044,218535.41795239106,87594.4860877042,211752.38755864152
2024-08-12,8.238752002849526e-05,8.238752002842631e-05,0.0,0.0,0.4927112547376086,0.5072887452623914,-0.001731884993231514,0.014195261340408383,0.9999999999999999,-0.001055740256543869,1.6466737057463048,2.216375853223606,0.8744278251175908,2.1152883203867656,164667.37057463048,221637.58532236062,87442.78251175907,211528.83203867657
2024-08-13,0.0008375655094710115,0.0008375655094710055,0.0,0.0,0.4931357867206365,0.5068642132793635,0.0025647501698808917,-0.006239789211193836,0.9999999999999998,0.005024923734793907,1.6480529028475908,2.202546135086711,0.8766705140306097,2.125917482873809,164805.29028475907,220254.61350867111,87667.05140306096,212591.74828738093
2024-08-14,-0.003295467163269665,-0.003295467163269672,0.0,0.0,0.49145990955135693,0.508540090448643,-0.007542608992949229,-0.007961655657377942,0.9999999999999998,-0.008661782250528716,1.6426217986229252,2.185010221189662,0.870058131127629,2.1075032485545644,164262.1798622925,218501.02211896618,87005.8131127629,210750.32485545645
2024-08-15,0.005343305359559363,0.005343305359559292,0.0,0.0,0.49416275242737645,0.5058372475726236,0.009884444766774303,0.013626551409218646,1.0,0.010833053980435547,1.651398828483236,2.214784375298371,0.8786581726686429,2.1303339450100993,165139.88284832358,221478.4375298371,87865.8172668643,213033.39450100993
2024-08-16,0.003094170171918057,0.0030941701719180426,0.0,0.0,0.4957230710592912,0.5042769289407087,0.001101153518155762,0.0010096586754813064,0.9999999999999998,0.00793069648062561,1.6565085374802693,2.2170205515572112,0.8796257102067333,2.1472289769303483,165650.85374802692,221702.05515572111,87962.57102067333,214722.89769303484
2024-08-19,0.0014102283093947,0.0014102283093946344,0.0,0.0,0.4964332151948943,0.5035667848051057,0.003389496148707316,-0.013821766639018906,0.9999999999999998,0.006019923265667915,1.6588445927145778,2.1863774108596785,0.882607198163783,2.1601551306052875,165884.45927145777,218637.74108596786,88260.7198163783,216015.51306052876
2024-08-20,-0.0007607110586721134,-0.0007607110586721477,0.0,0.0,0.4960498547463804,0.5039501452536196,-0.007229733956514384,-0.0014081671102222915,0.9999999999999999,-0.0035835737396708867,1.6575826912882814,2.183298626099173,0.8762261829329543,2.152414055405635,165758.26912882813,218329.86260991733,87622.61829329543,215241.40554056352
2024-08-21,0.0005473632002844553,0.0005473632002843676,0.0,0.0,0.49632554760654407,0.503674452393456,-0.003318630539802525,0.0004490728274080258,0.9999999999999998,0.0026953742082240773,1.658489991054921,2.1842790861862715,0.8733183119624984,2.1582156167359945,165848.99910549208,218427.90861862715,87331.83119624984,215821.56167359944
2024-08-22,0.002797291928506546,0.00279729192850664,0.0,0.0,0.49773054190760124,0.5022694580923988,-0.0025589768909334287,0.014387418668950547,0.9999999999999997,0.006531292298667113,1.6631292717204078,2.215705223889066,0.8710835105837574,2.1723115537724453,166312.92717204077,221570.52238890663,87108.35105837575,217231.15537724455
2024-08-23,0.0032433605316084142,0.0032433605316084524,0.0,0.0,0.499354316358245,0.500645683641755,0.004240690100629774,0.0066100618410309675,0.9999999999999996,0.005122881396397716,1.6685233995592685,2.2303511724404683,0.8747775058039118,2.183440048218446,166852.33995592684,223035.11724404682,87477.75058039118,218344.0048218446
2024-08-26,-0.0009717639200938861,-0.0009717639200939043,0.0,0.0,0.4988673337139678,0.5011326662860323,-0.0008926451450023132,-0.008305874823674286,0.9999999999999996,0.001710131265866499,1.6669019887197445,2.2118261547893425,0.8739966399103987,2.1871740173120497,166690.19887197445,221182.61547893425,87399.66399103987,218717.40173120497
2024-08-27,-0.0013385529267468889,-0.0013385529267468943,0.0,0.0,0.49819564202194194,0.501804357978058,-0.005682536053570386,0.00337510598582047,0.9999999999999996,-0.0035265226042798803,1.6646707521841435,2.2192913024839664,0.8690301224934085,2.1794608987005053,166467.07521841436,221929.13024839666,86903.01224934086,217946.08987005052
2024-08-28,-0.0036840572882472274,-0.0036840572882472777,0.0,0.0,0.49634013020783646,0.5036598697921635,-0.0056968593151062175,-0.00203838379768595,0.9999999999999996,-0.009221269733761805,1.6585380097670275,2.2147675350506377,0.864079380144974,2.159363501879401,165853.80097670274,221476.75350506377,86407.9380144974,215936.35018794012
2024-08-29,-0.001318160733136776,-0.0013181607331367307,0.0,0.0,0.4956753492564734,0.5043246507435266,-0.0026837060702875615,0.019936149789941737,0.9999999999999994,-0.0003187997367962714,1.656351790088138,2.258921472379307,0.8617604450672686,2.1586750973633544,165635.1790088138,225892.1472379307,86176.04450672686,215867.50973633543
2024-08-30,0.00816061963827922,0.008160619638279298,0.0,0.0,0.49975763690861613,0.5002423630913839,0.013347855800444286,0.011463472867744295,0.9999999999999996,0.019849810262385414,1.6698686470342303,2.284816557388292,0.8732630992225532,2.2015243884641533,166986.86470342302,228481.65573882923,87326.30992225531,220152.43884641535
2024-09-02,-0.009058864057325812,-0.009076402324966537,0.017698596823281697,1.7698596823281695e-05,0.5,0.5,-0.016986659360576528,-0.014685890678348579,1.0,-0.021187803199026245,1.6547122473639002,2.251261991206407,0.8584292764238983,2.154878922983518,165471.22473639002,225126.19912064073,85842.92764238983,215487.8922983518
2024-09-03,0.001934227741763446,0.00193422774176355,0.0,0.0,0.5009652468636203,0.4990347531363797,0.002578858870263767,0.013703070219772684,1.0,0.007705124764844529,1.6579128376973873,2.2821111923550137,0.8606430443778982,2.17148253393824,165791.28376973871,228211.11923550136,86064.30443778982,217148.253393824
2024-09-04,-0.003761409346226981,-0.0037614093462269294,0.0,0.0,0.49908108577796373,0.5009189142220363,-0.006497771450741263,-0.0035011176627184337,1.0,-0.010826966466507715,1.6516767488544428,2.274121252551172,0.8550507825748604,2.1479719653606835,165167.67488544428,227412.1252551172,85505.07825748605,214797.19653606834
2024-09-05,-0.0003772358047354673,-0.00037723580473547624,0.0,0.0,0.49889204991715486,0.5011079500828451,0.0017219325002459929,-0.0026748432477079476,1.0,-0.0003108400140254819,1.6510536772469258,2.2680383346743165,0.8565231223067369,2.147304289724844,165105.36772469257,226803.83346743166,85652.31223067369,214730.42897248443
2024-09-06,-0.004169169270743552,-0.004169169270743511,0.0,0.0,0.4967940993392633,0.5032059006607368,-0.008106797308580216,-0.019984959158166893,1.0,-0.005842666066045332,1.6441701549913998,2.2227116811866936,0.8495794629640839,2.1347583078177954,164417.01549914,222271.16811866936,84957.9462964084,213475.83078177954
2024-09-09,-0.0066534219779417186,-0.00665342197794172,0.0,0.0,0.49342363300559683,0.5065763669944032,-0.011883578071084866,-0.003592963601403265,1.0,-0.01632605055249081,1.6332307971467042,2.214725559019776,0.8394834190883599,2.099906135767012,163323.07971467043,221472.55590197758,83948.341908836,209990.6135767012
2024-09-10,-0.0003527495255328328,-0.0003527495255328805,0.0,0.0,0.4932448753758243,0.5067551246241757,0.0008800638907595637,0.007574249421056001,1.0,-0.0033624772623533916,1.632654675757925,2.231500442802979,0.840222218132391,2.092845249132419,163265.4675757925,223150.0442802979,84022.2218132391,209284.5249132419
2024-09-11,0.00022515375299183893,0.0002251537529918135,0.0,0.0,0.4933589475102121,0.506641052489788,-0.0030133677122187175,0.013091966282134493,1.0,0.008057205359986552,1.6330222740855116,2.260715171358724,0.8376903196291821,2.1097077330913514,163302.22740855115,226071.5171358724,83769.0319629182,210970.77330913514
2024-09-12,-0.0007215654302356572,-0.0007215654302356045,0.0,0.0,0.4929931088646776,0.5070068911353224,-0.004287332908575747,0.002312174672462586,0.9999999999999999,0.00039815220558447884,1.6318439416657267,2.2659423397195915,0.8340988623546405,2.11054771787842,163184.39416657266,226594.23397195915,83409.88623546404,211054.771787842
2024-09-13,0.0001516673898690243,0.0001516673898689369,0.0,0.0,0.49306999361559223,0.5069300063844078,-0.0041671000829006655,0.004342859978212488,0.9999999999999998,-0.0005694362191221991,1.6320914391770325,2.2757830100196967,0.8306230889161751,2.1093458955656748,163209.14391770324,227578.30100196967,83062.3088916175,210934.5895565675
2024-09-18,0.0031863929171723517,0.003186392917172265,0.0,0.0,0.49468014123446935,0.5053198587655306,0.0037224024689404,-0.009052358625199375,0.9999999999999998,0.010798500847979842,1.6372919237790036,2.2551818060598627,0.8337150023531156,2.1321236690076235,163729.19237790036,225518.18060598627,83371.50023531156,213212.36690076234
2024-09-19,0.0034766437361465393,0.003476643736146645,0.0,0.0,0.49643087169012456,0.5035691283098754,0.007893384126823833,-0.008015345659893702,0.9999999999999998,0.008450913769850077,1.6429842044900533,2.2371057443583897,0.8402958351189845,2.150142062281063,164298.42044900532,223710.57443583896,84029.58351189845,215014.2062281063
2024-09-20,0.0008454649073590054,0.0008454649073590392,0.0,0.0,0.49685626206390693,0.503143737936093,0.001567564861516102,0.012371306775576185,1.0,0.005138440238106945,1.6443732899782948,2.264781665811251,0.8416130533433954,2.1611904387715346,164437.3289978295,226478.16658112512,84161.30533433954,216119.04387715345
2024-09-23,0.0010525441799001296,0.0010525441799000834,0.0,0.0,0.49738528625559086,0.5026147137444091,0.0036581746614392507,-0.014332400274596369,1.0,0.001402157659484482,1.6461040655142447,2.232321908442277,0.8446918208898727,2.1642207684988626,164610.40655142447,223232.1908442277,84469.18208898728,216422.07684988625
2024-09-24,0.023337392376097044,0.02333739237609711,0.0,0.0,0.5088475047536539,0.4911524952463461,0.04331166971700329,0.0394701026167239,1.0,0.04598234929444578,1.6845198419830394,2.3204318832420547,0.881276834048909,2.263736723826271,168451.98419830395,232043.18832420546,88127.6834048909,226373.67238262712
2024-09-25,0.008539316536084514,0.008539316536084529,0.0,0.0,0.5130060998184466,0.4869939001815534,0.014803500093976352,0.013477892215315368,1.0000000000000002,0.020700014727226046,1.6989044901250476,2.3517064140573725,0.8943228157445712,2.3105961073480374,169890.44901250477,235170.64140573726,89432.28157445711,231059.61073480375
2024-09-26,0.02199784576364451,0.021997845763644497,0.0,0.0,0.5234883300388291,0.4765116699611709,0.04227215400128759,0.01324331733052131,1.0000000000000002,0.036544848426305565,1.7362767290659815,2.3828508083669564,0.9321277675385908,2.395036491865483,173627.67290659816,238285.08083669565,93212.77675385909,239503.6491865483
2024-09-27,0.023623948661322683,0.02362394866132278,0.0,0.0,0.5344856179026052,0.4655143820973948,0.04466733609377993,0.05420255758703374,1.0000000000000004,0.05078721179768708,1.7772944413752858,2.5120074165287765,0.9737634318135818,2.5166737174410447,177729.44413752857,251200.74165287765,97376.34318135818,251667.3717441045
2024-09-30,0.040398576455360345,0.04039857645536027,0.0,0.0,0.5525614964955038,0.4474385035044962,0.08482644288923447,0.07914464647821573,1.0000000000000002,0.07682834522991566,1.849094606748872,2.7108193554606026,1.0563643199499415,2.7100255946356606,184909.4606748872,271081.93554606027,105636.43199499416,271002.55946356605
2024-10-08,0.03111114267055769,0.030893250262107763,0.21131806207186307,0.00021131806207186308,0.7100395477745318,0.2899604522254682,0.05929788319623697,0.0643330350184339,1.0,0.06718815695391411,1.9062191491934788,2.885214591984098,1.1190044880070054,2.892107219637166,190621.91491934788,288521.4591984098,111900.44880070054,289210.7219637166
2024-10-09,-0.05417455753789092,-0.05417455753789091,0.0,0.0,0.693431325477286,0.30656867452271397,-0.07051526044970757,-0.06961241528392259,1.0,-0.08941507644036706,1.8029505702156672,2.684367835623668,1.0400975950907998,2.633509231519571,180295.05702156672,268436.7835623668,104009.75950907997,263350.9231519571
2024-10-10,0.011704327644491109,0.01170432764449103,0.0,0.0,0.6969779943153106,0.3030220056846894,0.010568809751313246,-0.04303485681124264,1.0,0.020601470806253408,1.8240528944162933,2.568846450188898,1.0510901886961128,2.6877633950707205,182405.2894416293,256884.6450188898,105109.01886961127,268776.33950707206
2024-10-11,-0.0172026448302358,-0.017202644830235814,0.0,0.0,0.691673971149071,0.30832602885092897,-0.02767028783402825,-0.02368581828599592,1.0,-0.032414377969105956,1.792674360322086,2.508001219965098,1.0220062206353684,2.6006412164913706,179267.4360322086,250800.12199650978,102200.62206353684,260064.12164913706
2024-10-14,0.012016738253800752,0.012016738253800785,0.0,0.0,0.6953350501070421,0.3046649498929579,0.019080719392257084,0.001756497078410968,1.0000000000000002,0.02270076656020148,1.8142164588843763,2.5124065167806178,1.041506834548453,2.65967776565378,181421.64588843763,251240.65167806178,104150.6834548453,265967.77656537795
2024-10-15,-0.01898735724133546,-0.01898735724133549,0.0,0.0,0.6894383042442528,0.3105616957557472,-0.02659453619229868,-0.03191024808258758,1.0000000000000002,-0.030361685593335075,1.779769282866428,2.4322350015458385,1.0138084433425278,2.5789254655534157,177976.9282866428,243223.50015458386,101380.84433425279,257892.54655534157
2024-10-16,-0.009264654737299503,-0.009264654737299538,0.0,0.0,0.6865341513848993,0.31346584861510074,-0.006327817240189826,-0.02172665971347032,1.0000000000000002,-0.01270361159884692,1.7632803349486192,2.37939065932406,1.007393248796495,2.5461637980966496,176328.0334948619,237939.06593240603,100739.32487964949,254616.37980966497
2024-10-17,-0.009541996361348094,-0.009541996361348115,0.0,0.0,0.6835142454667242,0.31648575453327576,-0.011319060755456745,-0.010274769750648338,1.0000000000000002,-0.01467078049535897,1.7464551204085028,2.354942968152662,0.9959905034087305,2.508809587909544,174645.51204085027,235494.2968152662,99599.05034087306,250880.9587909544
2024-10-18,0.024811092648701214,0.024811092648701294,0.0,0.0,0.6911764940841002,0.3088235059158998,0.03616738204222569,0.0768351236584679,1.0000000000000002,0.04268095554089757,1.789786580207757,2.5358853023193113,1.0320128724559428,2.615887978391689,178978.6580207757,253588.53023193113,103201.28724559427,261588.7978391689
2024-10-21,0.0025897778837604573,0.002589777883760469,0.0,0.0,0.6919742124563089,0.30802578754369114,0.002539978549027655,-0.002001358571618539,1.0000000000000004,0.012675857485991537,1.7944217299098304,2.530810086532873,1.0346341630143012,2.6490466016051,179442.17299098303,253081.0086532873,103463.41630143012,264904.66016051004
2024-10-22,0.004920087124556789,0.004920087124556716,0.0,0.0,0.6934823062149493,0.30651769378505067,0.00573795486887585,-0.0014428140035895876,1.0000000000000004,0.0013370769749729838,1.8032504411591845,2.527158598299598,1.0405708471474744,2.6525885808217367,180325.04411591846,252715.85982995978,104057.08471474744,265258.8580821737
2024-10-23,0.0039715999942581594,0.003971599994258224,0.0,0.0,0.6946948561226197,0.3053051438773803,0.00389865025342484,-0.004489790811146199,1.0000000000000004,0.0019010267085566301,1.8104122306009385,2.5158121848466433,1.0446276689444123,2.657631222560691,181041.22306009385,251581.21848466434,104462.76689444123,265763.1222560691
2024-10-24,-0.010664207979470187,-0.010664207979470208,0.0,0.0,0.6914039233798945,0.30859607662010546,-0.011169809801143238,-0.012104431008513328,1.0000000000000004,-0.017001711525627683,1.7911056180452334,2.48535970982479,1.0329593765692915,2.612446943173213,179110.56180452334,248535.970982479,103295.93765692915,261244.69431732132
2024-10-25,0.004170530353118596,0.00417053035311854,0.0,0.0,0.6926855874653212,0.30731441253467884,0.0070224468862232214,0.03032546519806245,1.0000000000000004,0.01217631186417556,1.7985754783909322,2.560729399209748,1.0402132789268757,2.6442569118819024,179857.54783909323,256072.9399209748,104021.32789268756,264425.69118819025
2024-10-28,-0.00020767863464935245,-0.00020767863464932201,0.0,0.0,0.6926217515703664,0.30737824842963357,0.001956314041481999,-0.005408730272787432,1.0000000000000004,-0.002272071685424759,1.7982019526912663,2.5468791045878256,1.0422482627705763,2.638248970623427,179820.19526912662,254687.91045878257,104224.82627705763,263824.8970623427
2024-10-29,-0.0061822181392859185,-0.006182218139285878,0.0,0.0,0.6907096511654955,0.30929034883450446,-0.00996680255085558,-0.013985094572576684,1.0000000000000004,-0.010027917246444362,1.7870850759612391,2.5112607594452454,1.0318603801265698,2.6117928282704983,178708.5075961239,251126.07594452455,103186.03801265698,261179.28282704984
2024-10-30,-0.007012821612972163,-0.00701282161297212,0.0,0.0,0.6885253349022047,0.3114746650977953,-0.008968952645458939,-0.0029462321523691104,1.0000000000000004,-0.009363456399406278,1.7745525671163183,2.503862002252785,1.0226056732404893,2.5873374199987054,177455.25671163184,250386.2002252785,102260.56732404894,258733.74199987054
2024-10-31,-0.003937517477366854,-0.003937517477366814,0.0,0.0,0.6872940497578494,0.31270595024215064,0.0004087981591227585,0.00911004419612671,1.0000000000000004,-0.012071334627923758,1.7675652353687916,2.52667229575431,1.0230237125572186,2.556104804206552,176756.52353687916,252667.229575431,102302.37125572185,255610.4804206552
2024-11-01,0.003057597701013222,0.002869349414421629,0.18767445361380225,0.00018767445361380226,0.5383651771220781,0.4616348228779219,-0.00026214071302277375,-0.003938776123615484,1.0,0.00679470060906584,1.772636997641849,2.516720299243592,1.0227555363917695,2.5734727710765304,177263.6997641849,251672.0299243592,102275.55363917696,257347.27710765303
2024-11-04,0.009793490590167167,0.009793490590167098,0.0,0.0,0.5428423463017944,0.4571576536982056,0.014071907085310587,0.02733867401586143,1.0,0.018490345235190553,1.7899973013980366,2.5855240950937137,1.0371476572708616,2.621057171067098,178999.73013980367,258552.40950937138,103714.76572708615,262105.71710670978
2024-11-05,0.01103989883587834,0.011039898835878414,0.0,0.0,0.5478342108708256,0.4521657891291744,0.025301919508411208,0.03514574187530917,0.9999999999999998,0.021257133772098147,1.8097586905219663,2.67639425755227,1.063389483813466,2.6767733339767883,180975.86905219662,267639.425755227,106338.9483813466,267677.33339767886
2024-11-06,-0.008046089524545929,-0.008046089524545885,0.0,0.0,0.5441665339950658,0.45583346600493424,-0.005016602506570544,0.00034189144525620385,0.9999999999999998,-0.018184972307832226,1.7951972100802016,2.67730929385306,1.0580548814635067,2.6280962850240766,179519.72100802016,267730.92938530596,105805.48814635066,262809.62850240764
2024-11-07,0.017698329443799517,0.017698329443799565,0.0,0.0,0.5520937267784847,0.4479062732215153,0.03017185682904766,0.05394322323874867,0.9999999999999998,0.01916614790037663,1.8269692017207908,2.821731986770552,1.0899783618642986,2.6784667671192786,182696.9201720791,282173.1986770552,108997.83618642986,267846.67671192787
2024-11-08,-0.005122375784329981,-0.005122375784329947,0.0,0.0,0.5497875695268245,0.4502124304731755,-0.010046554261041507,0.012684639864228187,0.9999999999999998,-0.009499535378572066,1.8176107789231797,2.8575246408161097,1.079027835108468,2.6530225773046996,181761.07789231796,285752.46408161096,107902.78351084678,265302.25773047
2024-11-11,0.00021126536575518935,0.0002112653657551089,0.0,0.0,0.5498826637305043,0.4501173362694957,0.0065983601564307826,0.018300373214362287,0.9999999999999998,0.002132759101925119,1.8179947771291893,2.909818408212281,1.0861476493833273,2.658680835354059,181799.47771291895,290981.8408212281,108614.76493833274,265868.0835354059
2024-11-12,-0.003246936847260603,-0.0032469368472606286,0.0,0.0,0.5484164003010231,0.4515835996989769,-0.010987308557222963,-0.013549743185426566,0.9999999999999998,-0.0034333434041048383,1.812091862899201,2.870391116064778,1.0742138100208503,2.6495526710443764,181209.18628992012,287039.1116064778,107421.38100208502,264955.26710443763
2024-11-13,0.001620415612481273,0.001620415612481274,0.0,0.0,0.5491469695904332,0.4508530304095668,0.006155555664335122,-0.017026027571109603,0.9999999999999998,0.008811189723110902,1.8150282048450932,2.821519757782791,1.0808261929238312,2.672898382310324,181502.8204845093,282151.9757782791,108082.61929238313,267289.83823103237
2024-11-14,-0.0077863112840366,-0.007786311284036618,0.0,0.0,0.5456089393475094,0.4543910606524906,-0.017336878388864774,-0.025051182449304155,0.9999999999999998,-0.01883679063410937,1.800895830252863,2.750837351546258,1.062088040657611,2.622549555096495,180089.5830252863,275083.7351546258,106208.8040657611,262254.9555096495
2024-11-15,-0.010919888329445435,-0.01091988832944546,0.0,0.0,0.5405922581083702,0.4594077418916298,-0.01752392551774673,-0.042477439050958354,0.9999999999999998,-0.01874873667436272,1.7812302488935379,2.633988825606852,1.0434760889398373,2.5733800640725235,178123.02488935378,263398.8825606852,104347.60889398374,257338.00640725234
2024-11-18,-0.002666299279714446,-0.0026662992797144014,0.0,0.0,0.5393640648462592,0.4606359351537408,-0.004648725191051195,-0.0160120726339934,0.9999999999999998,-0.004878719035794621,1.7764809559639074,2.5918132052141085,1.0386252553589232,2.5608252657675985,177648.09559639075,259181.32052141085,103862.52553589233,256082.52657675985
2024-11-19,0.002765901432017823,0.0027659014320178255,0.0,0.0,0.540634624197012,0.459365375802988,0.0067107468142304505,0.022425233456443205,0.9999999999999998,0.011837645861343171,1.7813945271839604,2.649935221416527,1.0455952064825025,2.5911394083765353,178139.45271839603,264993.5221416527,104559.52064825025,259113.94083765353
2024-11-20,0.00158899456214218,0.0015889945621421209,0.0,0.0,0.5413633952679306,0.45863660473206935,0.0022329005831189797,0.006817510662873838,0.9999999999999998,-0.0008210822911143278,1.7842251534006854,2.668001183044459,1.0479299166287637,2.589011869694509,178422.51534006855,266800.1183044459,104792.99166287636,258901.1869694509
2024-11-21,5.461155662992025e-05,5.4611556630002056e-05,0.0,0.0,0.5413884407590692,0.4586115592409308,0.0008856507023737858,0.002894845489431974,0.9999999999999998,0.0010734886602077331,1.784322592713691,2.6757246342349945,1.0488580164954644,2.5917911445777695,178432.2592713691,267572.46342349943,104885.80164954644,259179.11445777694
2024-11-22,-0.017925809157834358,-0.01792580915783437,0.0,0.0,0.5330173997876331,0.4669826002123669,-0.030982879201865043,-0.048722144376306065,0.9999999999999998,-0.030922380207703326,1.752337166440693,2.5453575922945584,1.0163613752704777,2.511646793386177,175233.7166440693,254535.75922945584,101636.13752704776,251164.67933861772
2024-11-25,-0.0024899503310503454,-0.0024899503310503723,0.0,0.0,0.5318517338573706,0.4681482661426294,-0.004555449207129247,-0.010831369827908777,0.9999999999999996,-0.00015066150153686397,1.7479739339330023,2.5177878828681406,1.011731392649345,2.511268384908955,174797.39339330024,251778.78828681406,101173.13926493449,251126.83849089552
2024-11-26,0.001399534226427466,0.001399534226427468,0.0,0.0,0.5325060077002434,0.46749399229975663,-0.0020555652284640624,0.006117109405406218,0.9999999999999993,-0.004703642908464367,1.7504202832804445,2.533189466807251,1.0096517127780695,2.4994562751790275,175042.02832804446,253318.94668072512,100965.17127780695,249945.62751790276
2024-11-27,0.008496445284128044,0.008496445284128074,0.0,0.0,0.5364445809543258,0.4635554190456742,0.017410642209479743,0.019552850893271856,0.9999999999999993,0.01368557670809012,1.7652926334415648,2.58272054273614,1.0272303975054369,2.533662775761507,176529.2633441565,258272.05427361402,102723.03975054368,253366.27757615072
2024-11-28,-0.006382082205114036,-0.006382082205114048,0.0,0.0,0.5334671298254844,0.4665328701745156,-0.008827654695114373,-0.009523685331108367,0.9999999999999993,-0.01384495020055787,1.7540263907388585,2.5581235249889316,1.0181623622639338,2.4985843408060817,175402.63907388586,255812.35249889316,101816.23622639338,249858.43408060816
2024-11-29,0.005285920795076451,0.005285920795076393,0.0,0.0,0.5359202187915487,0.4640797812084513,0.011369769273475994,0.022146022976328172,0.9999999999999993,0.0120755945725457,1.7632980353127778,2.6147757873496222,1.029738633405812,2.5287562323109674,176329.80353127778,261477.5787349622,102973.8633405812,252875.62323109675
2024-12-02,0.0063495204389539565,0.006319166491242978,0.030162430740485666,3.0162430740485665e-05,0.5106733921918865,0.48932660780811355,0.007927834998902039,0.006582452030329922,1.0,0.0076592736990031,1.774440609171601,2.631987423539919,1.0379022313834483,2.548124668412297,177444.0609171601,263198.7423539919,103790.22313834482,254812.4668412297
2024-12-03,0.0008548131987192386,0.0008548131987191621,0.0,0.0,0.5110913177864111,0.48890868221358885,0.0010791284897520015,-0.01135320586235733,1.0,0.0010242546428824717,1.775957424424664,2.602105928493335,1.0390222612509112,2.5507345969345616,177595.7424424664,260210.5928493335,103902.22612509113,255073.45969345616
2024-12-04,-0.0031499442037807314,-0.0031499442037807857,0.0,0.0,0.5095464163634117,0.4904535836365883,-0.0053974174382384055,-0.0070364908572359,1.0,-0.004336138051654337,1.7703632576294361,2.583796233917932,1.0334142243793176,2.5396742595891224,177036.32576294363,258379.62339179323,103341.42243793176,253967.42595891224
2024-12-05,-0.0029368468695515036,-0.002936846869551535,0.0,0.0,0.5081017866353537,0.49189821336464634,-0.0022821175608563893,-0.002884424244538275,1.0,-0.010234821025173702,1.765163971838298,2.5763434694178726,1.0310558516302228,2.513681148079987,176516.3971838298,257634.34694178725,103105.58516302229,251368.1148079987
2024-12-06,0.008850795790594905,0.008850795790595,0.0,0.0,0.5124172817059971,0.4875827182940029,0.013145178358777931,0.011698772403246016,0.9999999999999999,0.020653678375619045,1.7807870776899544,2.6064835252991814,1.0446092646977638,2.565597910051288,178078.70776899543,260648.35252991813,104460.92646977639,256559.7910051288
2024-12-09,-0.0006662008875467821,-0.000666200887546764,0.0,0.0,0.5120922371213263,0.48790776287867366,-0.0016536039505277156,-0.0035293732580360393,1.0,0.0024754364899317594,1.7796007157582656,2.597284272047479,1.0428818946909018,2.5719488847363214,177960.07157582656,259728.4272047479,104288.18946909018,257194.88847363213
2024-12-10,0.006868924228056472,0.006868924228056406,0.0,0.0,0.5154207750996571,0.4845792249003429,0.007328750028361863,-0.006584310982823971,1.0,0.011706031399787875,1.791824658231004,2.5801829446895206,1.0505249154061957,2.602056199139694,179182.4658231004,258018.29446895205,105052.49154061958,260205.61991396942
2024-12-11,-0.0014634050992478648,-0.0014634050992479164,0.0,0.0,0.5147106001172579,0.4852893998827421,-0.0017043577499474827,-0.0021724094839272734,1.0,-0.002608363202683872,1.7892024928891905,2.57457773079021,1.0487344451251104,2.5952690914985426,178920.24928891906,257457.773079021,104873.44451251104,259526.90914985427
2024-12-12,0.006545163920027532,0.006545163920027575,0.0,0.0,0.517866244577874,0.482133755422126,0.00994527217254193,0.004319782517192117,1.0000000000000002,0.01416383176528635,1.8009131164912722,2.5856993466608293,1.0591643946185993,2.6320280462961754,180091.31164912722,258569.93466608293,105916.43946185993,263202.80462961755
2024-12-13,-0.013662876585131321,-0.013662876585131323,0.0,0.0,0.5111876619295278,0.4888123380704722,-0.02366141243639075,-0.035746457654282304,1.0000000000000002,-0.0280621468901594,1.7763074628401077,2.4932697544587126,1.0341030690395885,2.558167688641993,177630.74628401076,249326.97544587127,103410.30690395884,255816.7688641993
2024-12-16,-0.0021337143760863505,-0.0021337143760863375,0.0,0.0,0.5101424458239477,0.48985755417605226,-0.005425635236627757,-0.012334050250406237,1.0000000000000002,-0.005047578276374476,1.7725173300702963,2.4625176400194007,1.0284924029899023,2.5452551369894802,177251.73300702963,246251.76400194006,102849.24029899023,254525.51369894802
2024-12-17,0.00419460330786784,0.004194603307867917,0.0,0.0,0.5121886210477166,0.48781137895228344,0.00260491226635029,0.008148137883200457,1.0,0.013471505395045158,1.7799523371262624,2.482582573290092,1.0311715354662987,2.5795435552992005,177995.23371262624,248258.2573290092,103117.15354662987,257954.35552992005
2024-12-18,0.001650804572773124,0.0016508045727732235,0.0,0.0,0.5129925751316636,0.48700742486833637,0.005063704255194201,0.0020116270811705306,1.0,0.0011373628500559452,1.782890690583709,2.4875766036257647,1.0363930831582746,2.582477432309099,178289.0690583709,248757.66036257648,103639.30831582747,258247.74323090992
2024-12-19,-0.0005977803306617857,-0.0005977803306618235,0.0,0.0,0.5127012775402205,0.48729872245977945,0.0009056569310661455,0.00017569697530372963,1.0,-0.0035272013699532145,1.781824913597158,2.4880136633108583,1.0373316997373458,2.5733685143719853,178182.4913597158,248801.36633108582,103733.16997373459,257336.85143719852
2024-12-20,-0.0037311221182445473,-0.0037311221182445564,0.0,0.0,0.5108762972744235,0.4891237027255765,-0.004491238030546518,0.0013356954769054852,0.9999999999999998,-0.014103116132513582,1.7751767072511964,2.4913368919074217,1.032672796157194,2.537075999362043,177517.67072511965,249133.68919074218,103267.2796157194,253707.59993620432
2024-12-23,0.002326398386143898,0.002326398386143902,0.0,0.0,0.5120115528104222,0.4879884471895778,0.0014843141348461764,-0.011604487892835857,0.9999999999999998,0.008109455591832626,1.7793064754780659,2.462426203108307,1.0342056069852013,2.557650304511974,177930.64754780658,246242.62031083068,103420.56069852013,255765.0304511974
2024-12-24,0.008157127051023637,0.008157127051023672,0.0,0.0,0.5159599291660016,0.48404007083399836,0.012741606225388002,0.012239272736188411,0.9999999999999998,0.015947942401337123,1.7938205044612496,2.492564509000886,1.047383047585495,2.5984395642510933,179382.05044612495,249256.45090008862,104738.30475854951,259843.95642510933
2024-12-25,-0.0003009244728130986,-0.0003009244728130467,0.0,0.0,0.515814225817162,0.48418577418283804,0.00048698568412697263,-0.0009818639512880756,1.0,-0.00344808961493559,1.7932806999716233,2.490117149763238,1.0478931081354665,2.5894799117745615,179328.06999716233,249011.7149763238,104789.31081354666,258947.99117745616
2024-12-26,-0.0008533435593494367,-0.0008533435593494065,0.0,0.0,0.5154006961223327,0.48459930387766725,0.0004641675218222119,-0.004329964177869905,1.0,-0.005042568890619714,1.791750415436197,2.4793350317060634,1.0483795060826044,2.5764222809285626,179175.0415436197,247933.50317060633,104837.95060826045,257642.22809285627
2024-12-27,-0.001721172500368956,-0.0017211725003689615,0.0,0.0,0.5145651790578055,0.4854348209421945,-0.001617562972102582,0.0011303865406713243,1.0,-0.004130928747286267,1.7886665038936236,2.482137638655719,1.0466836862128541,2.565779264063126,178866.65038936236,248213.76386557188,104668.36862128541,256577.92640631262
2024-12-30,0.002449939200546303,0.0024499392005463694,0.0,0.0,0.5157515582979348,0.48424844170206516,0.004526466768650428,0.0055403248862166965,0.9999999999999998,0.007168535021735645,1.7930486280782167,2.495889487586178,1.0514214651357852,2.5841721425756057,179304.8628078217,249588.9487586178,105142.14651357851,258417.21425756055
2024-12-31,-0.007295450463277166,-0.0072954504632771755,0.0,0.0,0.512192784924724,0.487807215075276,-0.016038809217189143,-0.026040298149301533,0.9999999999999998,-0.012373612114994437,1.779967530633825,2.4308957811817264,1.0345579168496148,2.552196598845001,177996.7530633825,243089.57811817265,103455.79168496148,255219.6598845001
2025-01-02,-0.014005098616320974,-0.01425877945484344,0.25728412810909823,0.00025728412810909824,0.6901431101371366,0.3098568898628634,-0.02910104678378911,-0.04317949437843316,1.0,-0.022245356955085782,1.754587366177735,2.3259309304636333,1.0044511985108349,2.495422074484138,175458.73661777348,232593.09304636333,100445.11985108348,249542.2074484138
2025-01-03,-0.006175809078405057,-0.006175809078405092,0.0,0.0,0.6882176015704283,0.31178239842957167,-0.011841691969427304,-0.01193924968668747,0.9999999999999999,-0.0015752963251662866,1.7437513695928395,2.298161060330839,0.9925567968197475,2.491491045260464,174375.13695928396,229816.1060330839,99255.67968197475,249149.10452604643
2025-01-06,-6.350061892232492e-05,-6.350061892235193e-05,0.0,0.0,0.6881978019378701,0.31180219806212994,-0.0016396656035770896,0.008438279086993905,1.0,-0.0027185008716054115,1.7436406403016236,2.3175535847447724,0.9909293355804055,2.4847179246823266,174364.06403016235,231755.35847447722,99092.93355804055,248471.79246823266
2025-01-07,-0.0001822539990207027,-0.0001822539990207206,0.0,0.0,0.6881409643814979,0.31185903561850215,0.007200906348418856,0.01138881548370807,1.0,0.0019090128513796767,1.7433228548220736,2.3439477748950366,0.9980649249238209,2.4894612831325986,174332.28548220737,234394.77748950367,99806.4924923821,248946.12831325986
2025-01-08,0.00014858188393072224,0.00014858188393063188,0.0,0.0,0.6881872941007737,0.3118127058992263,-0.0018150158978533781,0.017724860627330807,1.0,-0.008408657867488012,1.7435818810161423,2.385493922522793,0.9962534212179943,2.468528254928379,174358.18810161424,238549.3922522793,99625.34212179943,246852.8254928379
2025-01-09,-0.0017425268584165454,-0.001742526858416582,0.0,0.0,0.6876430036452112,0.31235699635478875,-0.00246488723272853,0.004345554581063782,1.0,0.0013628342565910057,1.7405436427586232,2.3958602165659117,0.9937977688794719,2.4718924497975583,174054.36427586232,239586.02165659118,99379.77688794718,247189.24497975584
2025-01-10,-0.009082864863206115,-0.009082864863206086,0.0,0.0,0.6847799020937624,0.3152200979062376,-0.012540080637480577,-0.02008040524092769,1.0,-0.007813307010668069,1.724734520062934,2.3477503725166513,0.981335464720375,2.4525787951899374,172473.4520062934,234775.03725166514,98133.5464720375,245257.87951899375
2025-01-13,-0.002790273344927223,-0.0027902733449272077,0.0,0.0,0.683897890804198,0.31610210919580195,-0.0026711462620027104,-0.02077242457585704,0.9999999999999999,0.0017994153927112233,1.7199220393045267,2.298981904980609,0.9787141741620166,2.456992003225839,171992.20393045267,229898.1904980609,97871.41741620166,245699.20032258393
2025-01-14,0.015797166883974447,0.01579716688397448,0.0,0.0,0.6888137518974715,0.3111862481025285,0.026334381908980742,0.0032120918634792606,0.9999999999999999,0.023915876278219228,1.747091934786846,2.306366446051883,1.0044880070041318,2.5157531199915626,174709.1934786846,230636.6446051883,100448.80070041318,251575.31199915626
2025-01-15,-0.0027160430181427694,-0.0027160430181427664,0.0,0.0,0.687966254822457,0.312033745177543,-0.006415323488302649,-0.004332857668871037,0.9999999999999999,-0.014214572328304476,1.7423467579353147,2.2963732885088803,0.9980438914990798,2.479992765307285,174234.67579353147,229637.32885088804,99804.38914990798,247999.27653072847
2025-01-16,0.0012156792534543876,0.0012156792534543381,0.0,0.0,0.6883451271855754,0.3116548728144246,0.0011459340416171138,0.006119225352914981,0.9999999999999999,0.0031309449367322717,1.74446489274126,2.3104253141556805,0.9991875839693766,2.4877574860989564,174446.489274126,231042.53141556805,99918.75839693766,248775.74860989564
2025-01-17,-0.0003360639181852809,-0.0003360639181853031,0.0,0.0,0.688240356018087,0.311759643981913,0.003147053715681025,-0.003766314362781409,0.9999999999999998,0.004188518564207211,1.7438786410342688,2.3017235261108424,1.0023320809681697,2.4981775045127272,174387.8641034269,230172.35261108424,100233.20809681698,249817.75045127273
2025-01-20,0.004825318227522728,0.004825318227522635,0.0,0.0,0.689737471452405,0.31026252854759495,0.004548387604463411,0.0007640167455063018,0.9999999999999999,0.019491385177637266,1.7522934104274388,2.303482081428317,1.0068910757808014,2.5468704444952937,175229.34104274388,230348.2081428317,100689.10757808013,254687.04444952938
2025-01-21,-0.0013748783022712987,-0.0013748783022713429,0.0,0.0,0.6893103109401771,0.31068968905982286,0.0007650769777109989,-0.005291850226916139,1.0,-0.001547375256545802,1.749884220238229,2.291292399253013,1.007661424961944,2.542929480187854,174988.4220238229,229129.2399253013,100766.1424961944,254292.9480187854
2025-01-22,-0.011498973467386946,-0.01149897346738693,0.0,0.0,0.6856961391839563,0.31430386081604367,-0.0092861000727964,-0.01954112546332043,1.0,-0.01617250191809727,1.7297623480187105,2.2465179670060578,0.9983041801302508,2.5018039482919296,172976.23480187106,224651.79670060577,99830.41801302508,250180.39482919296
2025-01-23,0.00472641484674558,0.00472641484674563,0.0,0.0,0.6871746814141584,0.3128253185858416,0.0017698089554438745,0.02156689851912441,0.9999999999999999,-0.0039832654461353645,1.7379379224617277,2.2949683920218673,1.0000709878085023,2.4918385990716936,173793.7922461728,229496.83920218673,100007.09878085024,249183.85990716936
2025-01-24,0.005372805297920072,0.005372805297920058,0.0,0.0,0.6888464488621782,0.31115355113782184,0.007655623149847246,-0.0036008420676901798,1.0,0.00967222774743881,1.7472755245389864,2.2867045732918556,1.0077271544142596,2.5159402295117737,174727.55245389865,228670.45732918556,100772.71544142597,251594.02295117738
2025-01-27,0.0012317403626277558,0.0012317403626278534,0.0,0.0,0.6892292377535618,0.3107707622464382,-0.004117030102847585,0.020315294519629434,1.0,-0.0009750992309792705,1.7494277143271928,2.333159650177663,1.0035783113840793,2.513486938128787,174942.77143271928,233315.9650177663,100357.83113840793,251348.6938128787
2025-02-05,-0.007939696505268006,-0.00820474395340609,0.2671686864239776,0.00026716868642397764,0.9539107512443461,0.0460892487556539,-0.005763567962945526,-0.02474796432268056,1.0,-0.004167514683972917,1.7350741078661458,2.2754186983959483,0.997794119580279,2.503011944406161,173507.41078661458,227541.86983959484,99779.4119580279,250301.19444061612
2025-02-06,0.008913374599446489,0.008913374599446522,0.0,0.0,0.9543179326233514,0.045682067376648594,0.012582079956153791,-0.0023521727023173566,1.0,0.014550154161640627,1.7505394733473572,2.270066520647239,1.010348444972618,2.539431154065699,175053.9473347357,227006.6520647239,101034.84449726182,253943.11540656988
2025-02-07,0.016804239074256683,0.016804239074256655,0.0,0.0,0.9550728983798892,0.04492710162011082,0.01297741508211403,0.00996571176150196,1.0,0.025196213489012242,1.7799559571664094,2.292689349271445,1.0234601561205963,2.603415203564187,177995.59571664094,229268.9349271445,102346.01561205962,260341.52035641868
2025-02-10,0.0004396994178744852,0.0004396994178745839,0.0,0.0,0.9550926441181287,0.044907355881871336,0.002147609628278646,0.013474332418530688,1.0,0.002137610609424856,1.780738602764618,2.323581807695953,1.0256581490060404,2.608980291524064,178073.86027646178,232358.18076959532,102565.81490060403,260898.02915240638
2025-02-11,-0.002986443028011768,-0.002986443028011765,0.0,0.0,0.9549581291369209,0.04504187086307909,-0.004593623271623604,0.0180481465471789,1.0,-0.0028382195161104073,1.7754205283796802,2.3655181526756084,1.0209466618640357,2.601575432743513,177542.05283796802,236551.81526756083,102094.66618640357,260157.5432743513
2025-02-12,0.010351042737393266,0.010351042737393179,0.0,0.0,0.9554195829391686,0.04458041706083138,0.009456264775413725,-0.0007000043900322606,1.0,0.011526840661321813,1.7937979821457835,2.3638622795840343,1.030601003820197,2.631563378225157,179379.79821457833,236386.22795840344,103060.1003820197,263156.3378225157
2025-02-13,0.003920346740801841,0.003920346740801772,0.0,0.0,0.9555936711457632,0.04440632885423679,-0.0037552361563933934,0.0021300565784212466,1.0,0.005516508905558881,1.8008302922187456,2.368897439983144,1.026730853667836,2.6460804210366784,180083.02922187455,236889.74399831443,102673.08536678359,264608.04210366786
2025-02-14,0.009148989740169797,0.009148989740169755,0.0,0.0,0.9559962609032882,0.04400373909671185,0.008673184572128179,0.00889237459485459,1.0000000000000002,0.01615878379993152,1.8173060700860417,2.3899625633962662,1.0356358798675958,2.688837862477442,181730.60700860416,238996.25633962662,103563.58798675958,268883.78624774417
2025-02-17,-0.0038536051648995124,-0.0038536051648995207,0.0,0.0,0.9558260318715543,0.04417396812844565,0.0021299768215872206,-0.024254404728453527,1.0000000000000002,-0.011607476448523002,1.8103028900281548,2.331995444097801,1.0378417602873178,2.657627240314838,181030.2890028155,233199.5444097801,103784.17602873177,265762.7240314838
2025-02-18,-0.0029108466405069065,-0.0029108466405068922,0.0,0.0,0.9556970728448801,0.04430292715511985,-0.008770329837361257,0.00165818569696774,1.0000000000000002,0.0013880375677748358,1.8050333759424164,2.3358623255885975,1.0287395457306103,2.6613161267655365,180503.33759424163,233586.23255885975,102873.95457306103,266131.61267655366
2025-02-19,0.0025942778619099352,0.0025942778619099105,0.0,0.0,0.9558117095485542,0.04418829045144579,0.00699758228165126,-0.0028221073790106743,1.0,0.004448027582782732,1.8097161340696324,2.329270271283201,1.035938235348249,2.6731537343038942,180971.61340696324,232927.0271283201,103593.82353482489,267315.37343038945
2025-02-20,-0.002486851139127256,-0.0024868511391272774,0.0,0.0,0.9557015458874829,0.044298454112517094,-0.0028577519694631404,0.0010549395815246942,1.0,-0.0006910968864707323,1.8052156394401244,2.3317275106884465,1.0329777808159404,2.671306326081059,180521.56394401245,233172.75106884466,103297.77808159404,267130.6326081059
2025-02-21,0.004975680356039335,0.004975680356039236,0.0,0.0,0.9559208695509694,0.04407913044903056,0.012609127236631101,-0.01392679397556662,1.0,0.011448965178576298,1.8141978154357015,2.2992540220399276,1.0460027290868614,2.7018900191896718,181419.78154357013,229925.40220399277,104600.27290868614,270189.0019189672
2025-02-24,-0.0036392146448612555,-0.003639214644861277,0.0,0.0,0.9557598702227937,0.04424012977720626,-0.0021918138767960116,-0.00527916175609211,1.0,-0.008596903953802526,1.8075955601770926,2.2871158881392333,1.0437100857900823,2.6786621302009603,180759.55601770926,228711.58881392333,104371.00857900822,267866.213020096
2025-02-25,-0.011691727524444912,-0.011691727524444917,0.0,0.0,0.9552365076673984,0.04476349233260157,-0.011101538647562026,-0.01289047275087829,1.0,-0.010872012759077898,1.7864616454131057,2.2576338831050737,1.0321232979358335,2.6495396813441565,178646.16454131057,225763.38831050738,103212.32979358334,264953.9681344156
2025-02-26,0.009052028332533855,0.009052028332533935,0.0,0.0,0.9556380730867032,0.04436192691329677,0.008734859195292488,0.008888696032002485,1.0,0.004147139852538784,1.8026327468423704,2.277701304443544,1.0411387496154838,2.6605276929475417,180263.27468423705,227770.1304443544,104113.87496154838,266052.7692947542
2025-02-27,0.007506860152286708,0.007506860152286743,0.0,0.0,0.9559686105694691,0.044031389430530865,0.002065687863957555,0.008970047421961613,1.0000000000000002,0.005194273833402319,1.8161648587788486,2.2981323931574664,1.0432894172952605,2.6743472023260613,181616.48587788487,229813.23931574664,104328.94172952605,267434.7202326061
2025-02-28,-0.016832575265642146,-0.01683257526564219,0.0,0.0,0.9552147596403251,0.044785240359674905,-0.019674304204509885,-0.017242499260847755,1.0,-0.020812284854672347,1.7855941270986393,2.2585068470671184,1.0227634239260477,2.618687926550955,178559.41270986394,225850.68470671182,102276.34239260477,261868.79265509552
2025-03-03,0.0005486026373700593,0.0002464071477552565,0.3020297952724231,0.0003020297952724231,1.0,0.0,-0.00040616444518715156,0.007351738179785627,1.0,0.007944436253660703,1.7860341102545463,2.275110798084009,1.022348013787411,2.63949192585167,178603.41102545464,227511.0798084009,102234.8013787411,263949.192585167
2025-03-04,-0.0052238126400644775,-0.00522381264006444,0.0,0.0,0.9999999999999997,3.3306690738754696e-16,-0.0008358043137789428,-0.00925432098765433,1.0,-0.012513890770161518,1.7767042026938122,2.254056192476061,1.021493530907304,2.606461612202839,177670.42026938123,225405.6192476061,102149.35309073041,260646.1612202839
2025-03-05,0.004130386496946286,0.004130386496946192,0.0,0.0,0.9999999999999999,1.1102230246251565e-16,0.004465641585289948,0.0019420167257435672,1.0,0.004190455544702987,1.7840426777416862,2.2584336073026154,1.0260551548980283,2.61738387371775,178404.26777416863,225843.36073026154,102605.51548980284,261738.387371775
2025-03-06,0.012797306637561586,0.012797306637561512,0.0,0.0,0.9999999999999999,1.1102230246251565e-16,0.013752475932526487,0.009113894215778906,0.9999999999999998,0.013491097917347927,1.8068736189432428,2.2790167322929316,1.0401659537212082,2.6526952558453636,180687.36189432428,227901.67322929317,104016.59537212082,265269.5255845364
2025-03-07,-0.0018843806496767453,-0.0018843806496767757,0.0,0.0,1.0,0.0,-0.0030913190301902205,0.0029249206047616827,1.0,-0.0032179946655122027,1.8034687812592947,2.285682675291812,1.036950468913914,2.6441588966628236,180346.87812592948,228568.26752918118,103695.0468913914,264415.88966628234
2025-03-10,-0.007767649373606209,-0.007767649373606189,0.0,0.0,1.0,0.0,-0.0038564810941148497,-0.011347499941667838,1.0,-0.00593963884664761,1.7894600681102275,2.2597458912672668,1.032951489035014,2.6284535477634963,178946.00681102276,225974.58912672667,103295.1489035014,262845.3547763496
2025-03-11,0.002762221411392424,0.0027622214113924848,0.0,0.0,1.0,0.0,0.0032121767460802086,0.002365154611540632,1.0,-0.0020713385787002325,1.7944029530251935,2.2650905396829075,1.0362695117879213,2.6230091305276924,179440.29530251934,226509.05396829074,103626.95117879212,262300.91305276926
2025-03-12,-0.0039949344200800015,-0.003994934420080032,0.0,0.0,1.0,0.0,-0.003600225299511317,-0.007969230464757726,1.0,-0.0005804241956463008,1.78723443090466,2.247039511148632,1.0325387080744701,2.621486672562933,178723.443090466,224703.9511148632,103253.87080744702,262148.6672562933
2025-03-13,0.0002743260644307164,0.0002743260644306744,0.0,0.0,1.0000000000000002,0.0,-0.003984997058995798,-0.0016023441231372004,1.0,0.00296545577764884,1.787724715892305,2.243438980593486,1.028424044359494,2.629260575362114,178772.4715892305,224343.89805934858,102842.40443594941,262926.0575362114
2025-03-14,0.03964035946994737,0.039640359469947484,0.0,0.0,1.0,0.0,0.024281748040433815,0.051694985477964916,1.0000000000000002,0.03699491287410095,1.8585907662635859,2.3594135261159663,1.0533959778833553,2.7265298412709438,185859.07662635858,235941.35261159664,105339.59778833552,272652.9841270944
2025-03-17,-0.00484571887940482,-0.00484571887940477,0.0,0.0,1.0,0.0,-0.0024385008585918744,0.010098148738370671,1.0000000000000002,-0.0072232867651679245,1.8495845578984151,2.383239234838009,1.0508272708868496,2.7068353343536558,184958.4557898415,238323.92348380093,105082.72708868496,270683.5334353656
2025-03-18,0.0036257119878064623,0.003625711987806479,0.0,0.0,0.9999999999999999,1.1102230246251565e-16,0.0027346945924102695,0.012242062434331569,1.0000000000000004,0.008821824641994658,1.8562906188024493,2.412414998346845,1.053700962542101,2.7307145610080785,185629.06188024493,241241.49983468448,105370.0962542101,273071.4561008079
2025-03-19,0.008930801770395496,0.008930801770395513,0.0,0.0,0.9999999999999999,1.1102230246251565e-16,0.0006113201521065204,0.009865714408372472,1.0000000000000004,0.017643120097085463,1.8728687823472188,2.4362151957550093,1.054345111174797,2.778892885958804,187286.87823472187,243621.51957550092,105434.5111174797,277889.2885958804
2025-03-20,-0.012257832439511944,-0.012257832439511951,0.0,0.0,0.9999999999999998,2.220446049250313e-16,-0.008772695421889964,-0.002460202166680303,1.0000000000000004,-0.007161837311409958,1.8499114706320139,2.4302216138519133,1.0450956626449017,2.7589909072037324,184991.14706320138,243022.1613851913,104509.56626449017,275899.09072037326
2025-03-21,-0.021706591076541295,-0.02170659107654127,0.0,0.0,1.0,0.0,-0.015167333754298795,-0.046958653606354206,1.0000000000000004,-0.028277340953254182,1.8097561988112016,2.3161016789003663,1.0292443479243965,2.680973980633804,180975.61988112016,231610.16789003662,102924.43479243964,268097.39806338045
2025-03-24,0.008055560039525105,0.008055560039525123,0.0,0.0,0.9999999999999998,2.220446049250313e-16,0.005147265435410109,0.00434358594718387,1.0000000000000004,0.012157946551147436,1.8243347985276281,2.326161865605087,1.034542141781059,2.713569118995367,182433.4798527628,232616.1865605087,103454.2141781059,271356.9118995367
2025-03-25,0.0027132439647439507,0.0027132439647439277,0.0,0.0,0.9999999999999999,1.1102230246251565e-16,-0.0006480551990545314,-0.004498047524461479,1.0000000000000004,0.004176161242667842,1.8292846639094056,2.3156986789840053,1.0338717013674368,2.724901421179416,182928.46639094056,231569.86789840052,103387.17013674368,272490.1421179416
2025-03-26,-0.0048315167365971185,-0.004831516736597097,0.0,0.0,0.9999999999999999,1.1102230246251565e-16,-0.003290695013096645,0.014339657459526034,1.0000000000000004,-0.003844803051823331,1.8204464444397268,2.348905004820113,1.0304695449155652,2.7144247118793476,182044.64444397268,234890.5004820113,103046.95449155652,271442.47118793475
2025-03-27,0.005158261205782941,0.005158261205782999,0.0,0.0,0.9999999999999998,2.220446049250313e-16,0.0033296252449379615,0.005163141732544174,1.0000000000000004,0.004013796620811139,1.8298367827112858,2.361032734276282,1.0339006223264557,2.7253198606153353,182983.6782711286,236103.27342762818,103390.06223264558,272531.9860615335
2025-03-28,-0.0032689911577836904,-0.003268991157783674,0.0,0.0,0.9999999999999996,4.440892098500626e-16,-0.004384079991659018,-0.010211415767853449,1.0000000000000007,-0.0007249857416157246,1.8238550624484153,2.3369232473850747,1.0293679192947505,2.723344042575047,182385.50624484153,233692.32473850748,102936.79192947505,272334.4042575047
2025-03-31,-0.011099670774942113,-0.011099670774942116,0.0,0.0,0.9999999999999999,1.1102230246251565e-16,-0.00711591067565398,-0.039601176421739215,1.0000000000000007,-0.009839968421057277,1.8036108717140265,2.2443783375813147,1.0220430291286653,2.696546423196434,180361.08717140264,224437.83375813146,102204.30291286652,269654.6423196434
2025-04-01,-0.005153744758052924,-0.005286462065569153,0.13340484202143582,0.0001334048420214358,1.0,0.0,9.518150083209775e-05,-0.009682586615289313,1.0,-0.011003343545768152,1.7940761512596621,2.2226469499302044,1.0221403087180927,2.6668753965148912,179407.6151259662,222264.69499302044,102214.03087180927,266687.5396514891
2025-04-02,-0.00391150144763149,-0.003911501447631527,0.0,0.0,1.0,0.0,-0.0008462630669190396,-0.012123825803315169,1.0,-0.00858713793248378,1.7870586197968488,2.195699965486981,1.0212753091256153,2.6439745696362706,178705.86197968488,219569.99654869808,102127.53091256153,264397.4569636271
2025-04-03,-0.006886823742631898,-0.006886823742631942,0.0,0.0,1.0,0.0,-0.005892817147608698,-0.009362811319826192,1.0,-0.016070784043345943,1.7747514620645568,2.1751420409951776,1.0152571204715704,2.6014838253115475,177475.14620645568,217514.20409951775,101525.71204715704,260148.38253115476
2025-04-07,-0.06780561910794977,-0.0678056191079498,0.0,0.0,1.0,0.0,-0.07045448659847209,-0.07640123004738475,1.0,-0.08728154897046925,1.6544133404165304,2.008958513535367,0.9437277012833027,2.374422287416734,165441.33404165306,200895.85135353668,94372.77012833027,237442.2287416734
2025-04-08,0.02070642894594818,0.020706428945948208,0.0,0.0,0.9999999999999999,1.1102230246251565e-16,0.01708344477132928,0.0352694089754122,1.0,0.020155126302604298,1.6886703326970942,2.0798132929638817,0.9598498213473495,2.422279068515337,168867.0332697094,207981.32929638817,95984.98213473495,242227.9068515337
2025-04-09,0.002996013231997897,0.0029960132319979405,0.0,0.0,0.9999999999999999,1.1102230246251565e-16,0.009869177924596517,0.0023068872273193097,1.0,-0.006609724938547723,1.693729611358337,2.084611187684629,0.9693227500151187,2.4062684701480492,169372.9611358337,208461.11876846288,96932.27500151187,240626.84701480492
2025-04-10,0.017066474357456552,0.01706647435745645,0.0,0.0,1.0,0.0,0.013108964709137139,0.025174394884862616,0.9999999999999999,0.028407528845825647,1.722635604339049,2.137090012904804,0.9820295677368307,2.4746246111245807,172263.5604339049,213709.0012904804,98202.95677368306,247462.46111245806
2025-04-11,0.0069448453805813475,0.006944845380581377,0.0,0.0,1.0,0.0,0.004123026837156596,0.01586546930147903,1.0,0.019046298840040388,1.734599042258268,2.1709959488990425,0.986078501999491,2.521757050984978,173459.9042258268,217099.59488990426,98607.8501999491,252175.7050984978
2025-04-14,0.0013232346870517041,0.0013232346870517553,0.0,0.0,0.9999999999999999,1.1102230246251565e-16,0.002298347962415903,-0.0006446159317269329,1.0,0.006025159782211853,1.7368943238791108,2.1695964903226677,0.9883448535153436,2.536951040149082,173689.43238791107,216959.64903226675,98834.48535153436,253695.1040149082
2025-04-15,0.001323368188611608,0.0013233681886115622,0.0,0.0,1.0,0.0,0.0005559782290631698,0.012678126757169172,1.0,0.0024719034255507033,1.7391928745743124,2.197102909638888,0.9888943517367048,2.5432221381156808,173919.28745743123,219710.29096388878,98889.43517367048,254322.21381156807
2025-04-16,0.0010367717921244655,0.001036771792124469,0.0,0.0,1.0,0.0,0.0030814387846529456,0.007833848794661202,1.0000000000000002,-0.004912637107807982,1.7409960206877348,2.214314681619309,0.9919415691460706,2.5307282106665747,174099.60206877347,221431.46816193088,99194.15691460705,253072.82106665746
2025-04-17,-0.00175993021777763,-0.00175993021777765,0.0,0.0,1.0000000000000002,0.0,-0.00015903223583435544,-0.0013049374330509345,1.0,-0.00015067099911814097,1.7379319891818958,2.2114251395027096,0.9917838184605122,2.530346903318577,173793.1989181896,221142.51395027095,99178.38184605123,253034.6903318577
2025-04-18,0.0010974442801804203,0.0010974442801803264,0.0,0.0,1.0000000000000002,0.0,7.952876555461508e-05,-0.00198597053670857,1.0,-0.002674855127854925,1.7398392727027658,2.2070333143315204,0.9918626938032914,2.5235785919289837,173983.9272702766,220703.33143315205,99186.26938032913,252357.85919289838
2025-04-21,0.0011975866356148974,0.0011975866356148668,0.0,0.0,1.0000000000000002,0.0,0.0032763245787961193,0.027595960457397872,1.0,0.01696634887498183,1.7419228809638725,2.267938518401973,0.99511235792579,2.5663945067330864,174192.28809638726,226793.85184019728,99511.235792579,256639.45067330863
2025-04-22,0.0029172621962148706,0.002917262196214798,0.0,0.0,1.0000000000000002,0.0,-0.00024571452727706333,0.0014139402210664453,1.0,0.004809680143247785,1.74700452673323,2.2711452478920475,0.9948678443631747,2.5787380434318607,174700.452673323,227114.52478920476,99486.78443631747,257873.8043431861
2025-04-23,0.004237547568645506,0.004237547568645583,0.0,0.0,1.0000000000000002,0.0,0.0007743231279484508,-0.02346896179157265,1.0,0.0031345970312646187,1.7544075415179012,2.217843826846157,0.9956381935443173,2.5868213480472115,175440.7541517901,221784.3826846157,99563.81935443173,258682.13480472116
2025-04-24,0.0013684161426927724,0.0013684161426927854,0.0,0.0,1.0000000000000002,0.0,-0.000665455467297571,-0.0021868890383660577,1.0,-0.0005064111560074691,1.7568083011185762,2.2129936484924193,0.9949756406649729,2.5855113528579623,175680.83011185762,221299.36484924195,99497.56406649729,258551.13528579622
2025-04-25,0.0016573611962065328,0.0016573611962065193,0.0,0.0,1.0,0.0,0.0006949655952392941,-0.002786263359376817,1.0,0.0030152788961463894,1.7597199670260237,2.206827665375091,0.9956671145033362,2.5933073906759816,175971.99670260237,220682.7665375091,99566.71145033362,259330.73906759816
2025-04-28,-0.0021961878457889207,-0.0021961878457888995,0.0,0.0,1.0,0.0,-0.0014180127225051908,0.01657554552253382,1.0,-0.005448448110771276,1.7558552914224492,2.243407037802903,0.9942552458675905,2.5791778899226037,175585.52914224492,224340.7037802903,99425.52458675906,257917.78899226038
2025-04-29,-0.005514064830754345,-0.005514064830754339,0.0,0.0,1.0000000000000002,0.0,-0.0017294175512082566,-0.004243147417910431,1.0,-0.007188884394373929,1.7461733915121227,2.2338879310231277,0.9925357633950063,2.5606364782394246,174617.33915121228,223388.79310231277,99253.57633950062,256063.64782394248
2025-04-30,-0.003688593030665881,-0.003688593030665932,0.0,0.0,1.0000000000000002,0.0,-0.001194676669103667,-0.013545900654553411,1.0,-0.004626551942544799,1.7397324685098567,2.2036279070360827,0.9913500040752272,2.548789560566875,173973.24685098568,220362.79070360828,99135.00040752272,254878.9560566875
2025-05-06,0.007654759699618182,0.007377931150463146,0.27472559077427133,0.0002747255907742713,0.89434038958105,0.10565961041895,0.010070095502801912,0.005754777460462268,1.0,0.009804563723198045,1.7525680948827478,2.2163092952467394,1.0013329932929678,2.5737793302304746,175256.80948827477,221630.92952467393,100133.29932929677,257377.93302304746
2025-05-07,0.006632275930455624,0.006632275930455567,0.0,0.0,0.8950365362353537,0.10496346376464627,0.006062690689870642,0.0008825170218915712,1.0,0.011953447293700847,1.764191610074923,2.2182652259255713,1.0074037655088652,2.604544865800001,176419.1610074923,221826.52259255713,100740.37655088652,260454.4865800001
2025-05-08,0.005832880189194575,0.005832880189194478,0.0,0.0,0.8956452251343158,0.10435477486568423,0.00555116229907382,-0.0014653116674938627,1.0,0.0066032010489947,1.7744819283672721,2.2150147760084264,1.012996027311903,2.6217431991900058,177448.19283672722,221501.47760084266,101299.6027311903,262174.31991900055
2025-05-09,0.004004642297740015,0.004004642297740002,0.0,0.0,0.8960614618007537,0.10393853819924626,-0.00174933167224689,0.004004920234498055,1.0,0.004082047645967091,1.781588093754187,2.223885733504575,1.011223961277466,2.6324452798445894,178158.8093754187,222388.5733504575,101122.3961277466,263244.52798445895
2025-05-12,0.008223314460162225,0.008223314460162223,0.0,0.0,0.8969092097866248,0.1030907902133752,0.011556981508829667,0.005702416007759448,1.0,0.017726791647822537,1.7962386528876086,2.236567255110739,1.0229106578992353,2.679110088844688,179623.86528876086,223656.72551107392,102291.06578992352,267911.0088844688
2025-05-13,0.0027043512807513824,0.002704351280751416,0.0,0.0,0.897187251574507,0.10281274842549304,0.0014522144342403731,0.0019645141931905474,1.0,0.0014699807567979395,1.8010963131890805,2.2409610232274293,1.024396143521575,2.683048329120633,180109.63131890804,224096.10232274293,102439.6143521575,268304.8329120633
2025-05-14,0.011613451330763979,0.011613451330763969,0.0,0.0,0.898367555027818,0.10163244497218205,0.012050017195977647,0.00977439585571993,1.0,0.012804771201412546,1.8220132575643202,2.2628650633656933,1.036740134666503,2.7174041490973546,182201.32575643202,226286.50633656932,103674.0134666503,271740.41490973544
2025-05-15,-0.0018122530944393832,-0.0018122530944393311,0.0,0.0,0.8981830369214123,0.10181696307858767,-0.00913215375290699,0.006985321345518658,1.0,-0.007650115542832792,1.8187113084001898,2.27867190299485,1.0272724643549191,2.6966156933801866,181871.13084001897,227867.19029948502,102727.24643549192,269661.56933801866
2025-05-16,-0.0031236343845634324,-0.003123634384563423,0.0,0.0,0.8978640014042971,0.10213599859570288,-0.004635032760032631,-0.005864726880956961,1.0,-7.742402897270573e-05,1.8130303192216766,2.2653081146324747,1.0225110228291547,2.696406910528614,181303.03192216766,226530.81146324746,102251.10228291547,269640.6910528614
2025-05-19,-0.00403361817659355,-0.004033618176593534,0.0,0.0,0.8974503552934052,0.10254964470659478,-0.003070126944863749,0.005691194578749892,1.0,-0.003712517794339565,1.8057172471713487,2.278200423893669,1.0193717841865468,2.686396451892496,180571.72471713487,227820.0423893669,101937.17841865469,268639.6451892496
2025-05-20,0.009420754333531369,0.0094207543335314,0.0,0.0,0.8984074339007395,0.10159256609926048,0.005421508066492109,0.015567530243497663,1.0,0.011184260055788986,1.8227284657527707,2.313666377893383,1.0248983165372687,2.7164418084234105,182272.84657527707,231366.63778933827,102489.83165372687,271644.18084234104
2025-05-21,0.0064743780458545,0.00647437804585449,0.0,0.0,0.8990609514605726,0.10093904853942737,0.004671422744518594,-0.0014409472393112077,1.0,0.02279428198040656,1.8345294989149945,2.31033250671347,1.0296860498439597,2.778361148987979,183452.94989149945,231033.25067134702,102968.60498439598,277836.11489879794
2025-05-22,5.2548641824837634e-05,5.254864182480112e-05,0.0,0.0,0.8990662553917661,0.1009337446082339,-0.0006408979721069796,0.006850829869231356,1.0000000000000002,-0.0027234897471252184,1.83462590094855,2.3261602016583187,1.0290261261427078,2.770794310884899,183462.590094855,232616.02016583187,102902.61261427078,277079.4310884899
2025-05-23,-0.0061325564346167045,-0.006132556434616743,0.0,0.0,0.8984434541429933,0.10155654585700669,-0.00807385017897888,-0.008668410253520276,1.0000000000000002,-0.004380731130722237,1.8233749540745734,2.305996090714933,1.0207179233699766,2.7586562059903774,182337.49540745735,230599.6090714933,102071.79233699766,275865.62059903773
2025-05-26,-0.010584440243351067,-0.010584440243351034,0.0,0.0,0.8973570358222537,0.10264296417774632,-0.005708000731530771,0.0005658929351237685,1.0000000000000002,-0.021563309138713183,1.8040755508319481,2.3073010376110914,1.0148916647166941,2.6991704494131774,180407.5550831948,230730.10376110915,101489.1664716694,269917.04494131776
2025-05-27,-0.005928890186153304,-0.0059288901861532795,0.0,0.0,0.8967448473611028,0.10325515263889717,-0.0053651320817282855,-0.0040581145504599014,1.0000000000000002,-0.014593333994214586,1.7933793850035415,2.2979377456980705,1.009446636886844,2.6597805535375767,179337.93850035415,229793.77456980705,100944.6636886844,265978.0553537577
2025-05-28,0.0011387210551210593,0.001138721055121028,0.0,0.0,0.8968622924402782,0.10313770755972185,-0.0008230452674897748,0.010971507918680512,1.0000000000000002,-0.0018962515888444331,1.795421543869065,2.3231495878716317,1.008615816609571,2.6547369404369534,179542.1543869065,232314.95878716317,100861.58166095709,265473.69404369534
2025-05-29,-0.0018006109941683462,-0.0018006109941683945,0.0,0.0,0.8966762465538646,0.10332375344613542,0.0058546910516548145,-0.014203490709587818,1.0000000000000002,-0.002993975383495995,1.7921886880980076,2.2901527542833144,1.0145209506056325,2.6467887233876275,179218.86880980077,229015.27542833146,101452.09506056325,264678.87233876274
2025-05-30,-0.004330078162552673,-0.0043300781625527085,0.0,0.0,0.8962269009236937,0.10377309907630627,-0.004786586155959172,-0.003550566051358839,1.0000000000000002,-0.008675030039676623,1.7844283709965003,2.2820214156615304,1.009664858668533,2.6238277517035624,178442.83709965003,228202.14156615303,100966.48586685331,262382.77517035627
2025-06-03,0.0017955438692582577,0.0014862658235366144,0.308723718741144,0.000308723718741144,0.9213207057281534,0.07867929427184661,0.0030675246013911472,0.0019456747233177474,1.0,0.004325999430456973,1.7870805058988615,2.2864614870480526,1.012762030461659,2.6351784290630493,178708.05058988614,228646.14870480527,101276.20304616589,263517.8429063049
2025-06-04,0.0031914459896059738,0.0031914459896060787,0.0,0.0,0.9215710076213491,0.07842899237865086,0.0043431870633772185,0.003543527292547921,1.0,0.003391018910487764,1.7927838768125155,2.2945636257307673,1.0171606454106397,2.6441143689485114,179278.38768125154,229456.36257307674,101716.06454106397,264411.43689485115
2025-06-05,-0.0013508215223573508,-0.0013508215223573261,0.0,0.0,0.9214649207460328,0.07853507925396719,0.0022798120318243686,-0.011925924608436222,1.0,-0.0015551776406282913,1.790362145766782,2.267198832921042,1.019479580488345,2.640002301402659,179036.2145766782,226719.8832921042,101947.9580488345,264000.2301402659
2025-06-06,0.0006515149535401567,0.0006515149535402109,0.0,0.0,0.9215160542103275,0.07848394578967255,-0.0009232610198165458,-0.006169129056559641,1.0,6.0462984579734425e-05,1.7915285934770013,2.2532121907238705,1.0185383347311812,2.640161923821099,179152.85934770014,225321.21907238706,101853.83347311811,264016.19238210993
2025-06-09,-0.0026798311253845956,-0.002679831125384613,0.0,0.0,0.9213051653430067,0.07869483465699334,0.0029091528608820028,-0.001687257291966282,0.9999999999999999,-0.00851645602370421,1.7867275993901852,2.2494104420247245,1.0215014184415823,2.6176771009014184,178672.75993901852,224941.04420247246,102150.14184415822,261767.71009014183
2025-06-10,-0.000445614855478262,-0.0004456148554782269,0.0,0.0,0.9212700821220297,0.07872991787797035,-0.005091049482015331,0.0020587035207240145,0.9999999999999998,0.0012617298658696985,1.785931407029204,2.254041311221274,1.0163009041743474,2.6209799022788287,178593.1407029204,225404.1311221274,101630.09041743474,262097.99022788287
2025-06-11,0.009789627340863805,0.009789627340863749,0.0,0.0,0.922033346603793,0.07796665339620701,0.007543713959751397,0.011450928824677575,0.9999999999999998,0.017449250094192736,1.8034150099603645,2.2798521778439516,1.0239675874924754,2.666714036085545,180341.50099603646,227985.21778439515,102396.75874924754,266671.4036085545
2025-06-12,0.0012173505575331436,0.0012173505575332477,0.0,0.0,0.9221281439511702,0.07787185604882985,-0.0006239360350021039,0.008756924187610649,0.9999999999999999,0.0038056742202485783,1.8056103982282037,2.29981667052429,1.0233286972159648,2.676862680945451,180561.03982282037,229981.66705242902,102332.86972159648,267686.2680945451
2025-06-13,-0.008281578703648134,-0.008281578703648096,0.0,0.0,0.9214778566409632,0.07852214335903684,-0.007199013411438249,-0.0208359209051866,0.9999999999999999,-0.008965632716018135,1.7906570936071515,2.2518978722808165,1.0159617402003973,2.6528629133168784,179065.70936071515,225189.78722808164,101596.17402003973,265286.2913316878
2025-06-16,0.00020956102438411846,0.0002095610243841861,0.0,0.0,0.9214943083741202,0.07850569162587984,0.0024895320611360017,-0.004421165383229675,1.0,-0.004089783934246194,1.7910323455420087,2.24194185936132,1.0184910095255137,2.6420132771942373,179103.23455420087,224194.185936132,101849.10095255138,264201.32771942375
2025-06-17,0.0010801597129946445,0.0010801597129945772,0.0,0.0,0.9215790155621634,0.07842098443783663,-0.000882854045123671,-0.01874388840173058,0.9999999999999999,0.0008529324705919272,1.7929669465263334,2.199919151346283,1.017591830617832,2.644266736106091,179296.69465263333,219991.9151346283,101759.1830617832,264426.67361060914
2025-06-18,0.000673856104409554,0.0006738561044095093,0.0,0.0,0.9216318244356587,0.07836817556434128,0.0011859300637147019,-0.0017592635267705825,0.9999999999999998,-1.270637601313851e-05,1.7941751482482546,2.1960489138214756,1.018798623362352,2.6442331370586634,179417.51482482546,219604.89138214756,101879.86233623521,264423.31370586634
2025-06-19,-0.008379385649694978,-0.008379385649694981,0.0,0.0,0.920969598221103,0.07903040177889697,-0.008227160468339045,-0.009616270549660189,0.9999999999999999,-0.012966868647725227,1.7791410627579838,2.174931113325881,1.010416803603027,2.609945713296461,177914.10627579837,217493.1113325881,101041.6803603027,260994.57132964613
2025-06-20,0.005942396880675817,0.005942396880675771,0.0,0.0,0.9214364539918368,0.07856354600816318,0.0009237358479763369,-0.002245883683459904,1.0,0.0014399790447237049,1.789713425059599,2.170046471025813,1.0113501618259129,2.6137039804314743,178971.3425059599,217004.6471025813,101135.01618259128,261370.39804314743
2025-06-23,0.0009378039332703149,0.0009378039332703647,0.0,0.0,0.9215100621642613,0.07848993783573865,0.0029272299981282224,0.0005191244973670184,1.0,0.00013741253110244322,1.7913918253490466,2.1711729953093477,1.0143106163582216,2.614063136110978,179139.18253490466,217117.29953093478,101431.06163582216,261406.31361109778
2025-06-24,0.011402804853504749,0.011402804853504644,0.0,0.0,0.9223949770960865,0.07760502290391347,0.011957282459369223,0.01548910486536803,0.9999999999999999,0.013193248510539712,1.8118187167496653,2.2048025215145493,1.0264390148995537,2.6485511206879306,181181.87167496653,220480.25215145492,102643.90148995537,264855.11206879304
2025-06-25,0.012212380395307837,0.01221238039530781,0.0,0.0,0.9233312846128143,0.07666871538718567,0.014354397891409576,0.02672902773416186,1.0,0.019659445651986518,1.8339453361259508,2.2637347492604616,1.0411729289306884,2.700620167501603,183394.53361259509,226373.47492604615,104117.29289306884,270062.0167501603
2025-06-26,-0.0023281951610082275,-0.0023281951610082396,0.0,0.0,0.923152368328622,0.07684763167137798,-0.003547917082273866,-0.01241606876999446,1.0,-0.006636915110170727,1.8296755534688287,2.2356280629366174,1.0374789337105341,2.68269638070508,182967.55534688287,223562.80629366174,103747.89337105342,268269.63807050796
2025-06-27,-0.006086245486566841,-0.006086245486566888,0.0,0.0,0.9226817907264013,0.07731820927359867,-0.0061479668121295905,-0.004999944327669259,1.0,0.0016201878449730867,1.8185396988896472,2.2244500470845594,1.0311005476577981,2.6870428527728514,181853.96988896473,222445.00470845593,103110.05476577982,268704.28527728515
2025-06-30,0.0006246103045204612,0.0006246103045204343,0.0,0.0,0.9227300543306962,0.07726994566930379,0.003651421810615618,0.0021288996692658824,1.0000000000000002,-0.0006654626460090851,1.819675577524753,2.229185678054096,1.0348655306864536,2.6852547261261055,181967.55775247532,222918.5678054096,103486.55306864536,268525.47261261055
2025-07-01,0.003974724402720122,0.0037248650688297413,0.24887014365729876,0.0002488701436572988,0.9999999999999999,1.1102230246251565e-16,0.0016971199772362056,0.0017267563316381018,1.0,0.0042348854022487,1.8264536235200777,2.233034938538073,1.0366218216523346,2.6966264721670963,182645.36235200777,223303.4938538073,103662.18216523346,269662.6472167096
2025-07-02,0.004084215410022405,0.004084215410022463,0.0,0.0,1.0,0.0,0.0002333390822670811,-0.004551512829173099,1.0,0.0031630528746457998,1.8339132535549498,2.222871251367325,1.036863706036857,2.7051560442817304,183391.32535549498,222287.12513673253,103686.3706036857,270515.60442817304
2025-07-03,0.005847965764085605,0.005847965764085528,0.0,0.0,0.9999999999999998,2.220446049250313e-16,0.006184578870496615,0.030285530793292104,1.0,0.01614857011569759,1.844637915476042,2.290192087100134,1.0432762714047974,2.748840446336717,184463.7915476042,229019.2087100134,104327.62714047974,274884.0446336717
2025-07-04,0.004226700482556351,0.004226700482556245,0.0,0.0,0.9999999999999999,1.1102230246251565e-16,0.003560925084486799,-0.012902845656952433,1.0,0.0007030664895064653,1.852434647443526,2.260642092075507,1.0469913000496927,2.750773063939536,185243.4647443526,226064.2092075507,104699.13000496927,275077.3063939536
2025-07-07,-0.005402636012805483,-0.00540263601280544,0.0,0.0,1.0,0.0,-0.004276530560996417,-0.014193636221169204,1.0,-0.009586236124769831,1.8424266173058792,2.2285553605943242,1.0425138097579327,2.724403503822955,184242.66173058792,222855.53605943243,104251.38097579328,272440.3503822955
2025-07-08,0.006708206876492173,0.0067082068764920955,0.0,0.0,1.0,0.0,0.008393082768204163,0.009452618910853028,1.0,0.005365789684733446,1.8547859962095226,2.249621045139761,1.0512637144502268,2.73902208004082,185478.59962095224,224962.1045139761,105126.37144502268,273902.20800408203
2025-07-09,0.001499342589717229,0.0014993425897171786,0.0,0.0,1.0,0.0,-0.0017631832335028852,-0.024528942110066954,1.0,-0.00285154773520202,1.8575669558484504,2.1944402207539397,1.0494101438949182,2.7312116278318115,185756.69558484503,219444.02207539396,104941.01438949181,273121.1627831811
2025-07-10,0.010635143901981302,0.010635143901981392,0.0,0.0,1.0,0.0,0.004665029814100219,0.005259682064109539,1.0000000000000002,0.0043450189898868175,1.8773224477314643,2.2059822786237997,1.054305673503407,2.7430787942201404,187732.24477314643,220598.22786237998,105430.56735034072,274307.87942201406
2025-07-11,-6.517518835800454e-05,-6.517518835802427e-05,0.0,0.0,1.0,0.0,0.0011945077580659547,0.001311221913174343,1.0000000000000002,0.001474447084168773,1.8772000928873247,2.2088748109276053,1.05556504980978,2.7471233187499235,187720.00928873246,220887.48109276054,105556.50498097799,274712.33187499235
2025-07-14,-0.0015347694597959687,-0.001534769459795915,0.0,0.0,1.0000000000000002,0.0,0.0007123624779254989,0.002021024194336807,1.0000000000000004,-0.002930744853509304,1.8743190235148353,2.213339000362751,1.056316994744274,2.739072201221542,187431.90235148353,221333.90003627512,105631.69947442741,273907.22012215416
2025-07-15,-0.0008455746739012063,-0.0008455746739012282,0.0,0.0,1.0,0.0,0.00034597167014704944,0.0219843423904853,1.0000000000000004,0.0014587186587240453,1.8727341468177399,2.26199780277294,1.0566824504991505,2.743067736949056,187273.41468177398,226199.78027729402,105668.24504991506,274306.77369490557
2025-07-16,-0.002091069541967616,-0.002091069541967583,0.0,0.0,0.9999999999999999,1.1102230246251565e-16,-0.0029509387767289175,0.00440718726179945,1.0000000000000004,-0.0033646606896365894,1.8688181294831265,2.2719668506755393,1.0535642452812837,2.733838244765533,186881.81294831264,227196.68506755392,105356.42452812837,273383.8244765533
2025-07-17,0.005597003063313631,0.005597003063313677,0.0,0.0,0.9999999999999998,2.220446049250313e-16,0.006810241565182729,0.03197572898347367,1.0000000000000004,0.0058382830767202964,1.8792779102786197,2.3446146469521767,1.0607392722960887,2.7497991663244385,187927.79102786197,234461.46469521767,106073.92722960886,274979.91663244384
2025-07-18,0.009529977888216544,0.009529977888216523,0.0,0.0,0.9999999999999999,1.1102230246251565e-16,0.005963579039730105,0.0005430985481527095,1.0000000000000004,0.013247631622562706,1.8971873872093887,2.345888003762914,1.067065074786972,2.786227492715935,189718.73872093888,234588.8003762914,106706.50747869721,278622.7492715935
2025-07-21,0.002938927811598523,0.002938927811598546,0.0,0.0,0.9999999999999998,2.220446049250313e-16,0.00666740584691583,0.0069174679509707016,1.0000000000000002,0.012372630448693966,1.9027630839854723,2.3621156088455106,1.0741796307056464,2.8207004558293005,190276.30839854723,236211.56088455106,107417.96307056464,282070.04558293003
2025-07-22,0.007206762118276207,0.007206762118276311,0.0,0.0,0.9999999999999999,1.1102230246251565e-16,0.008162795763668074,0.003390228744509338,1.0,0.015871676761834763,1.9164758448991934,2.3701237210804726,1.082947939644589,2.865469701706183,191647.58448991933,237012.37210804728,108294.79396445889,286546.9701706183
2025-07-23,0.0007353010932691778,0.0007353010932691362,0.0,0.0,0.9999999999999999,1.1102230246251565e-16,0.00019665158195292243,-0.002766462122749891,1.0,-0.0011987885592472658,1.9178850316831717,2.3635668635798726,1.0831609030700926,2.862034609410908,191788.50316831717,236356.68635798726,108316.09030700926,286203.4609410908
2025-07-24,0.005744002453733158,0.005744002453733188,0.0,0.0,0.9999999999999998,2.220446049250313e-16,0.007104765557300441,-0.0034455987964765455,1.0,0.0015213762214505433,1.928901368011138,2.3554229604393297,1.0908565073472394,2.866388840810634,192890.1368011138,235542.29604393296,109085.65073472394,286638.88408106344
2025-07-25,-0.01132373422018232,-0.011323734220182291,0.0,0.0,0.9999999999999998,2.220446049250313e-16,-0.005273509052696523,-0.0002575239421165332,1.0,-0.010694362514458211,1.907059001582834,2.3548163826332056,1.0851038656805507,2.8357346394396075,190705.9001582834,235481.63826332055,108510.38656805507,283573.4639439607
2025-07-28,0.008690128735752757,0.008690128735752811,0.0,0.0,0.9999999999999997,3.3306690738754696e-16,0.002098295195727795,-0.00912840483970978,1.0,0.002427737494479887,1.923631589813265,2.3333206653693486,1.087380733908774,2.8426190587481703,192363.1589813265,233332.06653693484,108738.0733908774,284261.90587481705
2025-07-29,-0.0011560841927191748,-0.0011560841927191756,0.0,0.0,0.9999999999999997,3.3306690738754696e-16,0.0039169983219773385,-0.007864198694023106,1.0,0.0014415236037610413,1.9214077097396667,2.3149709680400137,1.091640002418845,2.846716761217857,192140.77097396666,231497.09680400137,109164.00024188451,284671.6761217857
2025-07-30,0.0024974376221371182,0.0024974376221371664,0.0,0.0,0.9999999999999997,3.3306690738754696e-16,-0.0001878603667614387,0.008144364304874419,1.0,-0.009740266605526515,1.926206305641435,2.3338249349589395,1.0914349265276193,2.8189889810131743,192620.6305641435,233382.49349589396,109143.49265276192,281898.8981013174
2025-07-31,-0.021438233945942662,-0.021438233945942686,0.0,0.0,0.9999999999999997,3.3306690738754696e-16,-0.018223470577465872,-0.03213059671698204,1.0,-0.03038594760651625,1.8849118442329438,2.258837747165737,1.0715451942568246,2.7333313295327613,188491.18442329438,225883.7747165737,107154.51942568246,273333.1329532761
2025-08-01,-0.000993111375845319,-0.0011282166462526222,0.13523957837106027,0.00013523957837106027,0.9999999999999999,1.1102230246251565e-16,-0.005069204704104213,0.0009557514067786155,1.0,0.0005181959648805634,1.8827852553135613,2.2609966345202754,1.0661133123174376,2.7347477307984067,188278.52553135614,226099.66345202754,106611.33123174375,273474.7730798407
2025-08-04,0.004812586370361947,0.00481258637036186,0.0,0.0,1.0,0.0,0.0038890930299659843,0.001958612328533338,1.0,0.008632069952788646,1.8918463219716017,2.2654250504034192,1.0702595261695254,2.7583542645138888,189184.6321971602,226542.50504034193,107025.95261695253,275835.42645138886
2025-08-05,0.008067727314158151,0.008067727314158057,0.0,0.0,1.0,0.0,0.008045299334266787,0.006714942388013734,1.0000000000000002,0.0031003052779638995,1.9071092222175614,2.2806372491012414,1.0788700844229098,2.7669060047986553,190710.92222175613,228063.72491012415,107887.00844229097,276690.6004798655
2025-08-06,-0.0005091782407869588,-0.0005091782407870005,0.0,0.0,1.0,0.0,0.002446721661041318,-0.005092630202496395,1.0,0.0011746173477071853,1.906138163698804,2.26902280696553,1.0815097792279167,2.770156060591367,190613.8163698804,226902.280696553,108150.97792279167,277015.6060591367
2025-08-07,0.000645293464262112,0.000645293464262009,0.0,0.0,1.0000000000000002,0.0,0.0002868610352766421,-0.01011872796577351,1.0,0.0015330263062127703,1.9073681821978192,2.24606318243371,1.0818200222428478,2.7744027827045685,190736.8182197819,224606.31824337097,108182.00222428478,277440.2782704569
2025-08-08,-0.003395609592843128,-0.0033956095928431296,0.0,0.0,1.0000000000000004,0.0,-0.002357418699433955,0.0030008698497552277,1.0,-0.0009653787800415481,1.9008915045012647,2.2528033257185203,1.0792697194929906,2.7717244331308573,190089.15045012647,225280.33257185202,107926.97194929906,277172.4433130857
2025-08-11,0.0011625659491742344,0.001162565949174299,0.0,0.0,1.0,0.0,0.004272869229251297,0.006207469027679879,1.0,0.0021021364671682807,1.9031014162374724,2.2667875325883724,1.0838812978674748,2.777550976138683,190310.14162374724,226678.75325883724,108388.12978674748,277755.0976138683
2025-08-12,0.0026663014190574544,0.0026663014190575485,0.0,0.0,1.0,0.0,0.005171606618298075,0.010240105170643776,1.0,0.0018938340629475192,1.9081756582441969,2.289999675321581,1.0894867055609758,2.7828111967888676,190817.5658244197,228999.96753215813,108948.67055609758,278281.1196788868
2025-08-13,0.0048207373168682125,0.004820737316868273,0.0,0.0,1.0,0.0,0.007903316497057,0.014879744807259065,1.0,0.017112941950110594,1.9173744718470345,2.3240742860990724,1.0980972638143602,2.830433283257633,191737.44718470346,232407.42860990725,109809.72638143602,283043.3283257633
2025-08-14,0.001339390048980758,0.0013393900489806487,0.0,0.0,1.0,0.0,-0.0007829372357286424,-0.002159858330581965,1.0,0.005777574479837844,1.919942584134796,2.31905461489135,1.0972375225780682,2.846786322361866,191994.25841347958,231905.461489135,109723.75225780682,284678.6322361866
2025-08-15,0.002171568474609761,0.002171568474609753,0.0,0.0,1.0000000000000002,0.0,0.006958505359055511,0.00854816237249234,1.0,0.003436910197044618,1.9241118709235638,2.3388782702901185,1.1048726557590844,2.8565704713019984,192411.18709235638,233887.82702901185,110487.26557590844,285657.04713019985
2025-08-18,0.000812497743097414,0.00081249774309744,0.0,0.0,1.0000000000000002,0.0,0.00881887515318791,-0.00479915669983888,1.0,0.0016175208607391856,1.9256752074761563,2.3276536269691483,1.114616389770395,2.861191033629501,192567.52074761564,232765.36269691485,111461.63897703949,286119.1033629501
2025-08-19,-0.008488750570021783,-0.008488750570021741,0.0,0.0,1.0,0.0,-0.0037835453518295648,-0.015279766024724362,1.0,-0.012079043576419424,1.9093286309610162,2.2920876241624586,1.110399188109806,2.8266305824538294,190932.86309610162,229208.76241624585,111039.91881098061,282663.0582453829
2025-08-20,0.008766939334684257,0.00876693933468431,0.0,0.0,1.0000000000000002,0.0,0.01137243480916883,0.016388233992276957,1.0,0.008881308310215275,1.9260675992386274,2.329650892478035,1.123027130488739,2.851734760135685,192606.75992386273,232965.0892478035,112302.71304887389,285173.4760135685
2025-08-21,0.006198216825260548,0.006198216825260561,0.0,0.0,0.9999999999999999,1.1102230246251565e-16,0.0039027016903123712,0.029871715208433347,1.0000000000000002,0.0033335288856048972,1.9380057838388174,2.3992415604732114,1.127409970369164,2.861241100332681,193800.57838388174,239924.15604732113,112740.99703691641,286124.1100332681
2025-08-22,0.01026307432459704,0.010263074324597055,0.0,0.0,1.0,0.0,0.020972138980940302,0.020031070022452413,1.0000000000000002,0.016270329013785778,1.9578956812398542,2.4473009361718283,1.151054168956244,2.9077944344228603,195789.56812398543,244730.09361718284,115105.4168956244,290779.44344228605
2025-08-25,0.020603360511700444,0.02060336051170042,0.0,0.0,1.0,0.0,0.020835998172681558,0.017417176516569377,1.0000000000000002,0.025711202812718437,1.9982349118047402,2.4899260085662984,1.1750375315172736,2.982557326864,199823.49118047403,248992.60085662984,117503.75315172736,298255.7326864
2025-08-26,0.0017215622926116418,0.001721562292611667,0.0,0.0,1.0,0.0,-0.003721007245112151,0.003976625697612812,1.0000000000000002,0.006093540371611139,2.0016749976806834,2.499827512317118,1.170665208349219,3.0007316603458905,200167.49976806834,249982.7512317118,117066.5208349219,300073.16603458906
2025-08-27,-0.020776106567975936,-0.020776106567975905,0.0,0.0,1.0,0.0,-0.014926144109383532,-0.028625206102555367,1.0000000000000002,-0.019821415037741708,1.9600879846144166,2.428269434556202,1.153191690745557,2.941252912689283,196008.79846144165,242826.9434556202,115319.1690745557,294125.29126892827
2025-08-28,0.0021822333519515543,0.002182233351951446,0.0,0.0,1.0,0.0,0.017703533638993685,0.00047180895529241873,1.0000000000000004,0.00014494397042175144,1.9643653539872015,2.4294151138212885,1.173607258634879,2.9416792295644627,196436.53539872015,242941.51138212884,117360.7258634879,294167.92295644624
2025-08-29,0.016037646131531323,0.016037646131531247,0.0,0.0,1.0000000000000002,0.0,0.007388356953075714,0.028032518562256303,1.0000000000000002,0.03690404300765393,1.9958691504074884,2.49751773809491,1.182278287984394,3.050239086367032,199586.91504074883,249751.773809491,118227.82879843941,305023.9086367032
2025-09-01,-0.0013887356675916862,-0.001703384449764478,0.31508635383074085,0.00031508635383074087,0.9999999999999999,1.1102230246251565e-16,0.00599320399576575,0.01685136904255158,1.0,0.0033391891118847994,1.9924694179329197,2.539604331189866,1.1893639229440491,3.0604244115128743,199246.94179329198,253960.4331189866,118936.39229440491,306042.4411512874
2025-09-02,0.000174218981005502,0.0001742189810054473,0.0,0.0,0.9999999999999999,1.1102230246251565e-16,-0.0073523722785059364,-0.015713447316433538,1.0,0.00013232299451759744,1.9928165439245964,2.4996983923271276,1.1806192766079402,3.0608293760355005,199281.65439245963,249969.83923271275,118061.92766079403,306082.93760355003
2025-09-03,-0.003418330538835148,-0.0034183305388351126,0.0,0.0,1.0,0.0,-0.006818915698872052,0.004770028316535946,1.0,0.0031576713276053603,1.986004438274203,2.5116220244413276,1.1725687332882873,3.0704944691949,198600.4438274203,251162.20244413277,117256.87332882872,307049.44691949
2025-09-04,-0.011184109501359887,-0.01118410950135984,0.0,0.0,0.9999999999999999,1.1102230246251565e-16,-0.02121605532049431,-0.00959494563039065,1.0,-0.018021547013172934,1.9637927471663577,2.4875231476727215,1.147691450175761,3.0151594087646165,196379.27471663576,248752.31476727215,114769.14501757608,301515.9408764616
2025-09-05,0.026665488176380946,0.026665488176381036,0.0,0.0,0.9999999999999997,3.3306690738754696e-16,0.02178818430270235,0.061949997806590495,1.0,0.0401790497738268,2.016158239446785,2.6416252012148895,1.1726975630148262,3.136305648725392,201615.8239446785,264162.52012148895,117269.75630148262,313630.5648725392
2025-09-08,0.0028236155485786073,0.002823615548578573,0.0,0.0,0.9999999999999999,1.1102230246251565e-16,0.0016254439143379429,0.014522415440987535,1.0,-0.0012451704539140351,2.021851095200082,2.6799879798263144,1.1746037171319876,3.1324004135971557,202185.10952000818,267998.7979826314,117460.37171319877,313240.0413597156
2025-09-09,-0.0033833273813144967,-0.003383327381314527,0.0,0.0,0.9999999999999998,2.220446049250313e-16,-0.007008284145519683,-0.010535091762081672,0.9999999999999999,-0.002719939308212571,2.0150105110287506,2.6517540605375682,1.166371760523943,3.1238804745831517,201501.05110287506,265175.40605375683,116637.1760523943,312388.04745831515
2025-09-10,-0.003725207012488696,-0.003725207012488685,0.0,0.0,0.9999999999999998,2.220446049250313e-16,0.0020512774273824252,0.0038449825478621413,0.9999999999999999,-0.004025224941377359,2.0075041797428277,2.6619500086215577,1.168764312588242,3.1113061529829777,200750.41797428275,266195.00086215575,116876.4312588242,311130.6152982978
2025-09-11,0.012617513881418477,0.012617513881418407,0.0,0.0,0.9999999999999997,3.3306690738754696e-16,0.023095992225601547,0.06165374138954216,1.0,0.018411704193295186,2.0328338915977384,2.8260691860450007,1.1957580840653406,3.1685906015264798,203283.38915977385,282606.91860450007,119575.80840653405,316859.06015264796
2025-09-12,-0.007386920798925267,-0.007386920798925223,0.0,0.0,0.9999999999999998,2.220446049250313e-16,-0.005723357145841157,-0.0030320693730615522,1.0,-0.0032352169739872094,2.017817508643135,2.817500348219841,1.188914333490208,3.158339523428805,201781.7508643135,281750.03482198407,118891.4333490208,315833.9523428805
2025-09-15,0.0056239370008256215,0.00562393700082553,0.0,0.0,0.9999999999999998,2.220446049250313e-16,0.002445820433436552,-0.002542177553913616,1.0,0.021927380600948343,2.029165587190907,2.8103377620764527,1.191822204460664,3.2275936362260462,202916.55871909068,281033.77620764525,119182.22044606639,322759.36362260464
2025-09-16,-0.003746813679462388,-0.0037468136794623907,0.0,0.0,0.9999999999999998,2.220446049250313e-16,-0.002144246932535676,-0.006936693042629005,1.0,-0.00568548969906757,2.021562681810926,2.7908433116748195,1.1892666433546213,3.209243185854507,202156.26818109257,279084.33116748196,118926.66433546213,320924.3185854507
2025-09-17,0.007022621468100551,0.0070226214681006205,0.0,0.0,0.9999999999999998,2.220446049250313e-16,0.006119371968501319,-0.008628002552461544,1.0,0.018144870305655703,2.035759351299322,2.7667639084581688,1.1965442083150393,3.2674744872411465,203575.93512993222,276676.3908458169,119654.42083150393,326747.4487241146
2025-09-18,-0.013068075188666081,-0.01306807518866604,0.0,0.0,0.9999999999999998,2.220446049250313e-16,-0.011625965168248209,-0.001318624423018555,1.0,-0.01829834508921535,2.0091558950305126,2.7631155859957497,1.1826332270268995,3.207685111503401,200915.58950305125,276311.55859957496,118263.32270268995,320768.5111503401
2025-09-19,0.004586531219007643,0.00458653121900765,0.0,0.0,0.9999999999999998,2.220446049250313e-16,0.0008470224160814777,0.03509916084488274,0.9999999999999998,0.007814070385209426,2.0183709512669235,2.860098624381617,1.183634943880194,3.232750188738277,201837.09512669235,286009.8624381617,118363.4943880194,323275.0188738277
2025-09-22,0.0034381853138021764,0.0034381853138021334,0.0,0.0,0.9999999999999999,1.1102230246251565e-16,0.004595816895902161,0.06122876599131,0.9999999999999999,0.006518726655079687,2.025310484629374,3.0352189337659463,1.1890747133538588,3.253823603562819,202531.0484629374,303521.89337659464,118907.47133538588,325382.3603562819
2025-09-23,-0.0017048049925458529,-0.001704804992545883,0.0,0.0,0.9999999999999998,2.220446049250313e-16,-0.0006257448685603739,0.052106009321233326,0.9999999999999999,0.00439453808128043,2.0218577252037226,3.1933720798207386,1.1883306559536428,3.268122655298445,202185.77252037227,319337.2079820738,118833.06559536429,326812.2655298445
2025-09-24,0.012535215770954884,0.012535215770954844,0.0,0.0,0.9999999999999999,1.1102230246251565e-16,0.010241648929815161,0.041629566698399234,0.9999999999999998,0.016632871577405783,2.0472021480473233,3.326310775810442,1.200501121344457,3.322480919723234,204720.21480473233,332631.07758104417,120050.11213444569,332248.0919723234
2025-09-25,0.008542376762569939,0.008542376762569859,0.0,0.0,1.0,0.0,0.006005164178385369,0.009117513182483217,0.9999999999999998,0.020765770948062423,2.064690120105086,3.3566384581579296,1.207710327674466,3.3914747974815147,206469.0120105086,335663.84581579297,120771.03276744661,339147.4797481515
2025-09-26,-0.009020824315034946,-0.009020824315034925,0.0,0.0,0.9999999999999998,2.220446049250313e-16,-0.00945686177612226,-0.03570263343362268,0.9999999999999998,-0.012594864984157628,2.0460649132666298,3.2367976257171165,1.1962891780400533,3.3487596303100617,204606.49132666297,323679.7625717117,119628.91780400534,334875.96303100616
2025-09-29,0.017451222197932437,0.01745122219793238,0.0,0.0,1.0,0.0,0.015384446324765655,0.027399082954165488,1.0,0.02807426342220265,2.081771246699439,3.325482912369986,1.2146934246885086,3.442773590309024,208177.12466994388,332548.2912369986,121469.34246885087,344277.35903090244
2025-09-30,0.005432672925899262,0.005432672925899329,0.0,0.0,0.9999999999999999,1.1102230246251565e-16,0.004467484118137133,0.013356888160525049,0.9999999999999999,0.011066340296313593,2.0930808289892986,3.3699010157102487,1.22012004827171,3.4808724944225453,209308.08289892986,336990.10157102486,122012.00482717101,348087.24944225454
2025-10-09,0.01615979029431311,0.01589363936427235,0.2619183838831074,0.0002619183838831074,0.9999999999999999,1.1102230246251565e-16,0.014823226718440496,0.050645428309515905,1.0,0.03472342949676732,2.126347500845527,3.540571096011567,1.238206164370956,3.601740325069863,212634.75008455268,354057.1096011567,123820.61643709561,360174.0325069863
2025-10-10,-0.022326851664819177,-0.02232685166481918,0.0,0.0,0.9999999999999998,2.220446049250313e-16,-0.019673084926573603,-0.0692821174557241,1.0,-0.03817917743976773,2.07887285560629,3.295272833477352,1.2138468293426794,3.464228842107054,207887.28556062898,329527.2833477352,121384.68293426794,346422.8842107054
2025-10-13,-0.01290341074462707,-0.012903410744627086,0.0,0.0,0.9999999999999997,3.3306690738754696e-16,-0.004949283382754022,-0.0351397281547664,1.0,-0.009446769139703881,2.052048305264546,3.1794778419131706,1.207839157401005,3.431503071988565,205204.8305264546,317947.78419131704,120783.9157401005,343150.3071988565
2025-10-14,-0.005130691123188919,-0.0051306911231888686,0.0,0.0,0.9999999999999996,4.440892098500626e-16,-0.011954775597629808,-0.04626816823057789,1.0,-0.02513605692841059,2.041519879240371,3.032369226238137,1.1933997113162458,3.3452486154210446,204151.9879240371,303236.92262381373,119339.97113162458,334524.86154210445
2025-10-15,0.02042012840945275,0.02042012840945273,0.0,0.0,0.9999999999999997,3.3306690738754696e-16,0.014811436729190497,0.045021203116283104,1.0000000000000002,0.027553564579934076,2.0832079773249097,3.1688901370961706,1.2110756756330405,3.4374221391819835,208320.79773249096,316889.0137096171,121107.56756330405,343742.21391819837
2025-10-16,0.005206948562932933,0.0052069485629329115,0.0,0.0,0.9999999999999997,3.3306690738754696e-16,0.0026333556940618674,0.007485514597243892,1.0000000000000002,-0.0017448905694548156,2.094055134108732,3.192610910474466,1.2142648686594086,3.4314242137080897,209405.51341087322,319261.0910474466,121426.48686594087,343142.42137080897
2025-10-17,-0.020186036045070382,-0.02018603604507041,0.0,0.0,0.9999999999999998,2.220446049250313e-16,-0.02255966326146186,-0.045904055456700954,1.0000000000000002,-0.020087117304206092,2.0517844616912484,3.046057122188378,1.1868714621122292,3.362496793006842,205178.44616912483,304605.7122188378,118687.14621122292,336249.6793006842
2025-10-20,0.00025984426048766373,0.00025984426048775155,0.0,0.0,0.9999999999999996,4.440892098500626e-16,0.0053143060942841824,0.02689894840598339,1.0000000000000004,0.0027809631775168597,2.0523176061073767,3.127992855559801,1.1931788603564641,3.3718477727727127,205231.76061073766,312799.2855559801,119317.88603564641,337184.77727727126
2025-10-21,0.010891627695566803,0.010891627695566841,0.0,0.0,0.9999999999999997,3.3306690738754696e-16,0.015347426964757105,0.048029111831547455,1.0000000000000002,0.014194683740706981,2.074670685386155,3.2782275742277642,1.2114910857716772,3.4197100855290286,207467.0685386155,327822.7574227764,121149.10857716772,341971.00855290284
2025-10-22,-0.004909598876093057,-0.004909598876093102,0.0,0.0,0.9999999999999997,3.3306690738754696e-16,-0.0033204061746534563,-0.012713957661414699,1.0000000000000002,-0.0084162299675975,2.06448488452092,3.23654832764455,1.2074684432899432,3.3909290190267036,206448.488452092,323654.832764455,120746.84432899432,339092.9019026704
2025-10-23,0.007476479731385847,0.007476479731385766,0.0,0.0,0.9999999999999999,1.1102230246251565e-16,0.002998321201418852,0.005125174529178489,1.0000000000000002,0.007622067034352531,2.079919963915793,3.253136202695849,1.2110888215235036,3.4167749073184566,207991.99639157928,325313.6202695849,121108.88215235036,341677.49073184567
2025-10-24,0.006333342243107017,0.00633334224310711,0.0,0.0,0.9999999999999997,3.3306690738754696e-16,0.011796784431891805,0.044147918656268326,1.0000000000000002,0.011336768048103352,2.0930928088855425,3.396755395150227,1.2253757752788903,3.455510091915306,209309.28088855426,339675.5395150227,122537.57752788904,345551.0091915306
2025-10-27,0.009318473431273106,0.009318473431273011,0.0,0.0,0.9999999999999998,2.220446049250313e-16,0.011873803822618267,0.012477058596521484,1.0000000000000002,0.011845559213583545,2.112597238614331,3.439136911253567,1.2399256468435407,3.496442541322224,211259.7238614331,343913.6911253567,123992.56468435407,349644.2541322224
2025-10-28,-0.010771755399803462,-0.010771755399803462,0.0,0.0,0.9999999999999997,3.3306690738754696e-16,-0.005099639102463582,-0.005476991679608467,1.0000000000000004,-0.012492417586165039,2.0898408579016774,3.420300787005597,1.2336024735307498,3.4527635210299947,208984.08579016774,342030.0787005597,123360.24735307498,345276.35210299946
2025-10-29,0.019224400818686788,0.019224400818686815,0.0,0.0,0.9999999999999998,2.220446049250313e-16,0.011907578266698193,0.03822742667861756,1.0000000000000004,0.02337451280458236,2.1300167962012475,3.5510500845596713,1.2482916915343096,3.5334701861635054,213001.67962012475,355105.0084559671,124829.16915343096,353347.01861635054
2025-10-30,-0.0018163041139617336,-0.0018163041139617198,0.0,0.0,0.9999999999999998,2.220446049250313e-16,-0.007988896003235268,-0.019295354371215323,1.0000000000000004,-0.0020223534618806216,2.1261480379314994,3.4825313147881585,1.2383192190289394,3.5263242605000658,212614.80379314994,348253.13147881586,123831.92190289394,352632.4260500066
2025-10-31,-0.008311035206042611,-0.008311035206042594,0.0,0.0,0.9999999999999997,3.3306690738754696e-16,-0.014700917851933393,-0.02796269441320154,1.0000000000000004,-0.016028456811829517,2.1084775467349925,3.385150355848332,1.2201147899155247,3.469802724386134,210847.75467349926,338515.0355848332,122011.47899155247,346980.2724386134
2025-11-03,0.001146484134166145,0.000996131370362363,0.1501805841468392,0.00015018058414683922,1.0,0.0,0.002743138383035193,-0.00511604405596533,1.0,-0.005183016107009664,2.110577867363,3.3678317774917454,1.223461733627451,3.4518186809774947,211057.78673629998,336783.17774917453,122346.17336274509,345181.8680977495
2025-11-04,-0.013438714814027265,-0.013438714814027253,0.0,0.0,0.9999999999999998,2.220446049250313e-16,-0.007456913224738848,-0.030015148995114593,1.0,-0.01994248711646429,2.0822144133107106,3.2667458048998492,1.2143384856460024,3.38298083140373,208221.44133107105,326674.58048998495,121433.84856460024,338298.083140373
2025-11-05,0.005943359262547339,0.005943359262547299,0.0,0.0,0.9999999999999999,1.1102230246251565e-16,0.0018533353541041464,0.015847136569866027,1.0,0.007579768337635739,2.09458976163067,3.318514371809134,1.2165890620932995,3.408623042396433,209458.976163067,331851.4371809134,121658.90620932996,340862.3042396433
2025-11-06,0.004188433366215428,0.004188433366215438,0.0,0.0,1.0,0.0,0.014293556013709852,0.009955079012849977,0.9999999999999999,0.012783897248212384,2.1033628112768175,3.3515504445857722,1.2339784459979968,3.452198529128318,210336.28112768175,335155.04445857723,123397.84459979968,345219.8529128318
2025-11-07,0.005844477646550941,0.0058444776465509385,0.0,0.0,1.0,0.0,-0.003112881919290822,0.023211482482566215,0.9999999999999999,0.004572398663784671,2.1156558682099114,3.429344899019712,1.230137216804655,3.467983357070024,211565.58682099113,342934.4899019712,123013.72168046549,346798.3357070024
2025-11-10,0.014860124246383284,0.014860124246383277,0.0,0.0,0.9999999999999999,1.1102230246251565e-16,0.0034752574917873424,0.00834933837774754,0.9999999999999999,5.8224482772040176e-05,2.1470947772741007,3.45797765999563,1.2344122603832817,3.4681852786072516,214709.47772741006,345797.765999563,123441.22603832817,346818.5278607252
2025-11-11,-0.0022400785713059448,-0.0022400785713059257,0.0,0.0,0.9999999999999999,1.1102230246251565e-16,-0.009133023077496527,-0.017098651038587764,0.9999999999999999,-0.006091250219053879,2.142285116272966,3.398850906688132,1.2231383447220565,3.4470596942692158,214228.51162729663,339885.0906688132,122313.83447220565,344705.96942692157
2025-11-12,-0.0037050710821534367,-0.003705071082153455,0.0,0.0,0.9999999999999998,2.220446049250313e-16,-0.001345608608455895,-0.03974202558282691,0.9999999999999999,-0.001072735983500217,2.1343477976389353,3.2637736870023177,1.221492479236066,3.4433619092979,213434.77976389354,326377.3687002318,122149.2479236066,344336.19092978997
2025-11-13,0.017673728289352653,0.017673728289352653,0.0,0.0,0.9999999999999999,1.1102230246251565e-16,0.012088051641120812,0.03351735552379553,1.0,0.0342138963945271,2.172069680689384,3.3731667500187834,1.2362579434043122,3.5611727369114794,217206.9680689384,337316.67500187835,123625.79434043121,356117.2736911479
2025-11-14,-0.011078277799922417,-0.011078277799922431,0.0,0.0,0.9999999999999999,1.1102230246251565e-16,-0.015722862483969702,0.0015084759993071462,1.0,-0.017750568214099927,2.1480068893659183,3.3782550911028477,1.216820429765451,3.497959897322739,214800.68893659185,337825.5091102848,121682.0429765451,349795.9897322739
2025-11-17,-0.011636650797463403,-0.011636650797463455,0.0,0.0,1.0,0.0,-0.006501531932914806,-0.0218538774929391,0.9999999999999999,-0.020096092764829043,2.1230112832838213,3.304427118201988,1.2089092328847078,3.4276645707384894,212301.12832838212,330442.7118201988,120890.92328847077,342766.4570738489
2025-11-18,-0.007911935195873061,-0.007911935195873077,0.0,0.0,1.0,0.0,-0.00649405726340524,-0.022796759440155467,0.9999999999999999,-0.011234293482017765,2.106214155590372,3.2290968881008113,1.2010585071000952,3.389157180992899,210621.4155590372,322909.6888100811,120105.85071000952,338915.71809928986
2025-11-19,0.0015614732227229033,0.001561473222722931,0.0,0.0,1.0,0.0,0.0043999921194171066,0.017923710513102042,1.0,0.01125929191250763,2.1095029525956464,3.286974285941889,1.2063431550662944,3.4273166910310695,210950.29525956465,328697.42859418894,120634.31550662944,342731.66910310695
2025-11-20,-0.011903012115429433,-0.011903012115429434,0.0,0.0,1.0,0.0,-0.005086862425871086,-0.03229692453845179,0.9999999999999999,-0.015511066978371346,2.0843935133933664,3.1808151254689925,1.2002066533980809,3.3741553522803964,208439.35133933663,318081.51254689926,120020.66533980808,337415.53522803966
2025-11-21,-0.02290581174956846,-0.022905811749568405,0.0,0.0,0.9999999999999999,1.1102230246251565e-16,-0.024390190473061124,-0.045489027995851083,1.0,-0.02207802124895708,2.0366487879635566,3.036122937176907,1.1709333845146663,3.2996606787154676,203664.87879635565,303612.2937176907,117093.33845146664,329966.0678715468
2025-11-24,-0.0007848846853694245,-0.0007848846853694136,0.0,0.0,1.0,0.0,-0.0012484254346473156,-0.004660534770549507,1.0,-0.0003361190441293349,2.035050253520408,3.021972980660531,1.1694715614951605,3.298551599922187,203505.02535204077,302197.2980660531,116947.15614951606,329855.15999221866
2025-11-25,0.010729332571433723,0.010729332571433714,0.0,0.0,1.0,0.0,0.009521026067602634,0.015228034938544965,1.0,0.010144527187461616,2.056884984490009,3.0679916907933684,1.180606130717476,3.3320138463068423,205688.49844900088,306799.16907933686,118060.6130717476,333201.3846306842
2025-11-26,0.00537307369375079,0.0053730736937507295,0.0,0.0,1.0000000000000002,0.0,0.006064047746303425,-0.005770434108458455,0.9999999999999999,0.0031621863102937464,2.067936779091243,3.0502880468963474,1.1877653826637253,3.342550294877343,206793.6779091243,305028.8046896347,118776.53826637253,334255.0294877343
2025-11-27,-0.0037647489483541787,-0.003764748948354213,0.0,0.0,1.0,0.0,-0.0004936216556027384,-0.0026666776300744433,1.0,-0.0009781121617319366,2.060151516276896,3.0421539119964054,1.1871790759490672,3.339280905782723,206015.15162768963,304215.3911996405,118717.90759490672,333928.0905782723
2025-11-28,0.0028872678879281514,0.0028872678879281466,0.0,0.0,1.0,0.0,0.002493688266820282,-0.0006281309933950929,1.0,0.003274659409944647,2.066099725594109,3.0402430408376024,1.190139530481376,3.350215913423293,206609.9725594109,304024.30408376025,119013.9530481376,335021.5913423293
2025-12-01,0.01684998174117622,0.016708608319135676,0.1390307563348251,0.0001390307563348251,1.0,0.0,0.011008116359523257,0.030192248113176667,1.0,0.0234241850652519,2.100621376657335,3.13203481305093,1.2032407249169834,3.428691990987872,210062.1376657335,313203.48130509304,120324.07249169835,342869.1990987872
2025-12-02,-0.004261771975225683,-0.004261771975225703,0.0,0.0,0.9999999999999998,2.220446049250313e-16,-0.004842138844398214,-0.00862134799546066,1.0,-0.003917677137596609,2.0916690073437367,3.1050324509937206,1.197414466263701,3.4152594827629184,209166.90073437366,310503.24509937206,119741.4466263701,341525.94827629183
2025-12-03,-0.005954734105537417,-0.005954734105537374,0.0,0.0,1.0,0.0,-0.005111619052637795,0.0076339437300680935,1.0,-0.00451793164203651,2.0792136745682113,3.1287360940046423,1.1912937396640433,3.3998295738799786,207921.3674568211,312873.6094004642,119129.37396640432,339982.9573879979
2025-12-04,0.0026641794630678575,0.0026641794630679616,0.0,0.0,0.9999999999999998,2.220446049250313e-16,0.0034252546319284427,-0.008897925456201605,1.0,0.011239856783887614,2.0847530729393258,3.1008968334680618,1.195374224063815,3.4380431713800155,208475.30729393256,310089.68334680615,119537.4224063815,343804.31713800156
2025-12-05,0.009112989282014487,0.009112989282014539,0.0,0.0,0.9999999999999997,3.3306690738754696e-16,0.008351350578568173,0.0161515984752989,1.0,0.01184044029729825,2.103751405348669,3.150981274035564,1.2053572132815558,3.4787511162902747,210375.1405348669,315098.12740355637,120535.72132815557,347875.11162902747
2025-12-08,0.0051127906277013534,0.0051127906277013135,0.0,0.0,0.9999999999999999,1.1102230246251565e-16,0.008116408625510996,-0.0014919510524891155,1.0,0.005548132058497357,2.114507445816949,3.146280164207393,1.2151403849642561,3.498051686882098,211450.7445816949,314628.0164207393,121514.03849642561,349805.1686882098
2025-12-09,-0.008879079277689904,-0.008879079277689939,0.0,0.0,0.9999999999999999,1.1102230246251565e-16,-0.005091145129009544,-0.006418567426545119,1.0,-0.014373946324462983,2.0957325665722744,3.1260855528306264,1.2089539289122826,3.447770879694658,209573.25665722744,312608.5552830626,120895.39289122826,344777.08796946576
2025-12-10,-0.0009988001703219996,-0.0009988001703219451,0.0,0.0,0.9999999999999999,1.1102230246251565e-16,-0.0013896681759464347,-0.0035718470665837554,1.0,-0.0022899498878781177,2.093639348527833,3.1149196533188586,1.2072738841110877,3.4398756571552718,209363.93485278328,311491.96533188585,120727.38841110877,343987.56571552716
2025-12-11,-0.006455035583808949,-0.006455035583808999,0.0,0.0,0.9999999999999998,2.220446049250313e-16,-0.008634901553411067,-0.00930209114755387,1.0000000000000002,0.0031301301456589936,2.080124832033423,3.08594438678638,1.1968491929737843,3.450642915647052,208012.4832033423,308594.43867863796,119684.91929737844,345064.2915647052
2025-12-12,0.009253242147765798,0.009253242147765794,0.0,0.0,1.0,0.0,0.006320048855712912,0.005608378529874836,1.0,0.012042232723170843,2.099372730801809,3.1032515310296205,1.2044133383462992,3.492196360681835,209937.2730801809,310325.15310296207,120441.33383462991,349219.63606818346
2025-12-15,-0.00431942586029329,-0.004319425860293324,0.0,0.0,0.9999999999999999,1.1102230246251565e-16,-0.00630655213438247,0.011567653213496953,1.0,-0.009628377557017287,2.090304645937989,3.1391488685748246,1.1968176428366726,3.4585721756179484,209030.4645937989,313914.88685748243,119681.76428366726,345857.21756179485
2025-12-16,-0.008449790470403132,-0.008449790470403173,0.0,0.0,1.0,0.0,-0.011974798223222116,0.004975883990416818,1.0,-0.01675546009537221,2.0726420096605027,3.154768909173501,1.182485993053711,3.4006222075424173,207264.20096605027,315476.89091735013,118248.5993053711,340062.22075424175
2025-12-17,0.015291621254479923,0.015291621254480026,0.0,0.0,0.9999999999999998,2.220446049250313e-16,0.01830552189525414,0.037605438694659155,0.9999999999999999,0.01447051950423428,2.1043360662683552,3.273405377983242,1.204132016290387,3.449830977523192,210433.60662683554,327340.5377983242,120413.2016290387,344983.0977523192
2025-12-18,-0.006184312235909759,-0.006184312235909761,0.0,0.0,0.9999999999999999,1.1102230246251565e-16,-0.005915002139794123,0.011512947054382439,1.0,-0.009268204483696252,2.0913221949852656,3.3110919207874936,1.1970095728374348,3.4178572385893173,209132.21949852657,331109.19207874936,119700.95728374348,341785.72385893174
2025-12-19,0.009282585348810631,0.009282585348810546,0.0,0.0,0.9999999999999999,1.1102230246251565e-16,0.003380344799562618,0.0038953749739472077,1.0,0.004412478152343802,2.110735071752078,3.323989865392168,1.2010558779220024,3.432938458982423,211073.5071752078,332398.98653921677,120105.58779220024,343293.84589824226
2025-12-22,0.012133386774104298,0.012133386774104249,0.0,0.0,1.0,0.0,0.009509257516122416,6.878500652018893e-05,1.0,0.01203186905999476,2.1363454367553127,3.3242185060567317,1.2124770275564152,3.4742431250119195,213634.54367553128,332421.85060567316,121247.70275564151,347424.3125011919
2025-12-23,-0.0015924394124599164,-0.0015924394124599006,0.0,0.0,1.0,0.0,0.0019754446376760715,-0.009846304281219687,0.9999999999999998,0.001227308439853303,2.132943436083195,3.2914872391488355,1.2148722087988069,3.478507092921349,213294.3436083195,329148.72391488357,121487.22087988068,347850.7092921349
2025-12-24,0.002610300264740467,0.002610300264740406,0.0,0.0,0.9999999999999999,1.1102230246251565e-16,0.0028848255578666215,0.01534163032676572,0.9999999999999998,0.0009555120501565373,2.138511058899079,3.3419840195971235,1.2183769031962914,3.48183084836519,213851.10588990792,334198.4019597123,121837.69031962914,348183.08483651903
2025-12-25,-0.0007340744128294494,-0.0007340744128294663,0.0,0.0,1.0000000000000002,0.0,0.001829928831305505,0.002817020763395295,0.9999999999999998,-0.0027957674523465537,2.1369412326491886,3.351398457971264,1.220606446218847,3.4720964590047543,213694.12326491886,335139.8457971264,122060.64462188471,347209.64590047544
2025-12-26,0.015372823497319386,0.015372823497319388,0.0,0.0,1.0,0.0,0.003166370133590668,0.00022536886828117275,0.9999999999999998,0.01923721323073435,2.1697920530428485,3.3521537588488965,1.2244713380150227,3.5388899189443066,216979.20530428484,335215.3758848897,122447.13380150228,353888.99189443066
2025-12-29,-0.009511384194304463,-0.009511384194304418,0.0,0.0,1.0000000000000002,0.0,-0.003837036528072435,-0.009643064940168422,0.9999999999999999,-0.012700715266284357,2.1491543272046094,3.319828722462887,1.2197729967634814,3.4939434857250706,214915.43272046093,331982.8722462887,121977.29967634814,349394.34857250703
2025-12-30,-0.0012280504637362387,-0.0012280504637361966,0.0,0.0,1.0000000000000002,0.0,0.0025671589030407116,0.002983419706804602,0.9999999999999999,0.004773919840808105,2.1465150572364453,3.329733164896699,1.2229043478718113,3.5106232918542357,214651.50572364454,332973.3164896699,122290.43478718113,351062.32918542356
2025-12-31,0.0003571614614251775,0.0003571614614252816,0.0,0.0,0.9999999999999999,1.1102230246251565e-16,-0.0045879843827936195,-0.0037650631177583715,0.9999999999999998,0.003275578050111694,2.147281709691259,3.3171965093655698,1.2172936818221252,3.5221226124512444,214728.1709691259,331719.650936557,121729.36818221252,352212.26124512445
2026-01-05,0.013407882434266745,0.01326563366596245,0.14036674745665145,0.00014036674745665145,0.9999999999999999,1.1102230246251565e-16,0.018965688540240278,0.0027586606229541566,1.0,0.02043821335440721,2.175766762229645,3.3263475287545576,1.240380494653566,3.594108505864905,217576.6762229645,332634.7528754558,124038.0494653566,359410.8505864905
2026-01-06,0.01852144121928885,0.018521441219288892,0.0,0.0,1.0,0.0,0.015460759896136933,0.01554868886486327,1.0,0.02241146572123931,2.216065098423164,3.378067871535569,1.2595577196612562,3.6746577454425107,221606.5098423164,337806.78715355694,125955.77196612561,367465.7745442511
2026-01-07,-0.008378141758119573,-0.008378141758119573,0.0,0.0,0.9999999999999999,1.1102230246251565e-16,-0.0029265095424666487,0.009387996601367021,0.9999999999999998,-0.01412522625282675,2.1974985908833533,3.4097811612327322,1.2558716119753799,3.622752373386433,219749.85908833533,340978.1161232732,125587.161197538,362275.2373386433
2026-01-08,-0.016051773170691046,-0.016051773170691064,0.0,0.0,0.9999999999999999,1.1102230246251565e-16,-0.008168870782365167,-0.023704661411673378,0.9999999999999998,-0.011366888274804143,2.1622248419595804,3.328953453317808,1.2456125590579123,3.581572951910868,216222.48419595804,332895.3453317808,124561.25590579123,358157.29519108677
2026-01-09,0.004271316122836605,0.00427131612283671,0.0,0.0,0.9999999999999998,2.220446049250313e-16,0.004489567612635081,0.005973555848881373,0.9999999999999998,0.008439451856381064,2.1714603877882404,3.3488391426895285,1.2512048208609503,3.6117994644086364,217146.03877882403,334883.91426895285,125120.48208609503,361179.94644086366
2026-01-12,-0.0013689325017483401,-0.001368932501748299,0.0,0.0,0.9999999999999998,2.220446049250313e-16,0.006514083027241435,-0.012299374227241477,0.9999999999999999,-0.0032229215793471155,2.168487805087138,3.3076505168467554,1.2593552729481232,3.6001589179745195,216848.78050871383,330765.05168467556,125935.52729481232,360015.89179745194
2026-01-13,-0.005448731898877684,-0.0054487318988777345,0.0,0.0,0.9999999999999997,3.3306690738754696e-16,-0.006031415973544507,-0.014904448092312839,0.9999999999999999,0.002424107398321773,2.1566722964112324,3.2583518114109014,1.2517595774384964,3.6088860898427155,215667.22964112324,325835.1811410901,125175.95774384965,360888.60898427153
2026-01-14,-0.009815070622240282,-0.009815070622240296,0.0,0.0,1.0,0.0,-0.004011736956078704,-0.019242462253312054,0.9999999999999999,-0.006019727508123407,2.135504405512927,3.195653099671816,1.246737847281561,3.5871615789740052,213550.44055129268,319565.30996718165,124673.78472815608,358716.1578974005
2026-01-15,0.005261158901485,0.005261158901485041,0.0,0.0,0.9999999999999998,2.220446049250313e-16,0.002003403677405702,0.00047306049300033237,0.9999999999999998,0.0007807463247955226,2.1467396335251516,3.197164836902605,1.2492355664695656,3.589962242193237,214673.96335251516,319716.4836902605,124923.55664695655,358996.2242193237
2026-01-16,-0.007269170238735339,-0.007269170238735301,0.0,0.0,0.9999999999999998,2.220446049250313e-16,-0.0041166554068986505,-0.014789230079637616,0.9999999999999998,-0.008803095852494836,2.131134617670817,3.149881230527125,1.2440928941203686,3.5583594604683726,213113.4617670817,314988.12305271253,124409.28941203686,355835.94604683726
2026-01-19,0.005710179059418413,0.0057101790594185076,0.0,0.0,0.9999999999999994,5.551115123125783e-16,0.0005473523152581539,0.02898556575234079,1.0,-0.0024560443557198886,2.143303777937443,3.2411823200466334,1.2447738512463615,3.5496199717998667,214330.3777937443,324118.2320046633,124477.38512463616,354961.9971799867
2026-01-20,0.006339146828501092,0.006339146828501008,0.0,0.0,0.9999999999999997,3.3306690738754696e-16,-0.00329076600076883,0.017544602991424352,1.0,0.0013288574675824893,2.1568904952838692,3.298047577074675,1.240677591778034,3.554336910806473,215689.0495283869,329804.75770746754,124067.7591778034,355433.6910806473
2026-01-21,-0.00636420747009492,-0.006364207470094918,0.0,0.0,0.9999999999999998,2.220446049250313e-16,0.0008879225578950489,-0.010969639846349022,1.0,0.002064135912864362,2.1431635966816067,3.261869182958042,1.2417792173988487,3.561673545270488,214316.35966816067,326186.9182958042,124177.92173988487,356167.3545270488
2026-01-22,-0.006236961404799939,-0.006236961404799901,0.0,0.0,0.9999999999999996,4.440892098500626e-16,0.00013550508461657174,-0.015981867581025266,0.9999999999999998,-0.008220487473067917,2.1297967680449315,3.2097384216093796,1.2419474847967773,3.5323948525084345,212979.67680449315,320973.84216093796,124194.74847967773,353239.48525084346
2026-01-23,-0.00326398794122425,-0.003263987941224289,0.0,0.0,0.9999999999999996,4.440892098500626e-16,-0.004490114761490416,-0.008277181943376677,0.9999999999999998,-0.001561213101677561,2.1228451370767742,3.183170832703072,1.2363709980622954,3.5268800313844,212284.51370767743,318317.08327030716,123637.09980622954,352688.00313844
2026-01-26,0.0011751398790342555,0.0011751398790342815,0.0,0.0,0.9999999999999996,4.440892098500626e-16,0.0009484316852736985,-0.0020624973174809824,0.9999999999999998,0.010483273120748926,2.125339777054367,3.176605551399538,1.2375436114916112,3.5638532780175183,212533.9777054367,317660.5551399538,123754.36114916112,356385.32780175185
2026-01-27,-0.0016797341013284894,-0.0016797341013284894,0.0,0.0,0.9999999999999996,4.440892098500626e-16,-0.00026981321277441683,-0.002164217382875311,0.9999999999999998,0.004832221744033749,2.121769771353939,3.169730686446661,1.2372097058738463,3.5810746073201005,212176.97713539388,316973.06864466605,123720.97058738463,358107.4607320101
2026-01-28,0.00186242679892545,0.001862426798925343,0.0,0.0,0.9999999999999997,3.3306690738754696e-16,0.0026138568413984764,-0.009768198909499537,0.9999999999999998,0.013486736768698382,2.125721412237258,3.138768126611905,1.2404435949277892,3.6293716178980966,212572.1412237258,313876.8126611905,124044.35949277892,362937.16178980964
2026-01-29,0.02012720667752621,0.02012720667752621,0.0,0.0,0.9999999999999997,3.3306690738754696e-16,0.007604933456832219,0.03889829654698951,0.9999999999999998,0.016916742609214053,2.1685062464402,3.2608608599930937,1.2498770859241688,3.6907687633912656,216850.62464402002,326086.0859993094,124987.70859241688,369076.87633912655
2026-01-30,-0.017822709926710888,-0.017822709926710867,0.0,0.0,0.9999999999999997,3.3306690738754696e-16,-0.00999816991209257,-0.025663448035098235,0.9999999999999997,-0.026346630831647122,2.1298575886356357,3.1771759267629753,1.237380602449868,3.593529441297221,212985.75886356356,317717.5926762975,123738.06024498679,359352.94412972213
2026-02-02,-0.019476993032270407,-0.01952312572163928,0.04704906365383089,4.704906365383089e-05,0.9999999999999999,1.1102230246251565e-16,-0.021324426199552216,-0.009843458438506758,1.0,-0.03525693449940648,2.088276111163515,3.14590152757606,1.2109941711121683,3.4668326091637165,208827.61111635147,314590.152757606,121099.41711121684,346683.26091637166
2026-02-03,0.014996984896850757,0.014996984896850751,0.0,0.0,0.9999999999999999,1.1102230246251565e-16,0.011752113556724009,0.049392939449543594,0.9999999999999998,0.021863730059986874,2.1195939564630883,3.301286851241851,1.2252259121276095,3.542630501493632,211959.39564630884,330128.6851241851,122522.59121276095,354263.0501493632
2026-02-04,0.01487003566049481,0.014870035660494718,0.0,0.0,1.0,0.0,0.008276628663272056,0.013399565563233962,0.9999999999999998,0.020860991623692815,2.1511123941814634,3.345522660848108,1.2353666520309086,3.616533286711129,215111.23941814635,334552.26608481084,123536.66520309086,361653.3286711129
2026-02-05,-0.002908366771381174,-0.0029083667713811767,0.0,0.0,1.0,0.0,-0.0060144551235666865,-0.029266186642817882,0.9999999999999998,-0.013458867237518213,2.14485617037272,3.247611970237951,1.2279365947411178,3.5678588453452185,214485.617037272,324761.1970237951,122793.65947411179,356785.88453452184
2026-02-06,-0.0008175629511671365,-0.0008175629511670834,0.0,0.0,1.0,0.0,-0.005742524226943102,0.015449491956450512,0.9999999999999998,0.00024069153986694403,2.143102615432241,3.2977859252498147,1.2208851390966668,3.5687175987847324,214310.2615432241,329778.5925249815,122088.51390966668,356871.75987847324
2026-02-09,0.013299476780435507,0.013299476780435526,0.0,0.0,0.9999999999999999,1.1102230246251565e-16,0.0162503230252391,0.02088783451882259,0.9999999999999998,0.014661955253616021,2.1716047589042726,3.366669531934935,1.2407249169837016,3.6210419765309063,217160.47589042727,336666.95319349354,124072.49169837016,362104.19765309064
2026-02-10,-0.004060746000528719,-0.004060746000528748,0.0,0.0,0.9999999999999999,1.1102230246251565e-16,0.001110390628642044,-0.003705030566966916,0.9999999999999998,-0.0013557342293921693,2.162786423564823,3.35419591841024,1.2421026063042429,3.6161328059772573,216278.64235648228,335419.591841024,124210.26063042428,361613.2805977257
2026-02-11,0.004732156537756515,0.004732156537756493,0.0,0.0,1.0,0.0,-0.0022183180577017847,0.025572985736447507,0.9999999999999998,0.00877332976227807,2.173021067478866,3.439972722788996,1.2393472276631596,3.6478583315482878,217302.1067478866,343997.27227889956,123934.72276631596,364785.83315482875
2026-02-12,-0.0068012557975591645,-0.006801255797559191,0.0,0.0,0.9999999999999999,1.1102230246251565e-16,0.001221938894569563,-0.0015072195367341612,0.9999999999999998,0.002729904997823329,2.158241795345457,3.4347879286953757,1.2408616342445182,3.6578166382389328,215824.1795345457,343478.7928695376,124086.16342445182,365781.6638238933
2026-02-13,-0.01355982752274141,-0.01355982752274143,0.0,0.0,0.9999999999999999,1.1102230246251565e-16,-0.012537132541454943,-0.04250522442694504,0.9999999999999999,-0.025752312334116567,2.128976408848201,3.288791496927217,1.2253047874703884,3.5636194017100755,212897.64088482008,328879.1496927217,122530.47874703884,356361.94017100753
2026-02-24,-0.005302133458836441,-0.0053021334588364555,0.0,0.0,1.0,0.0,0.010112844148905342,0.03417964056622358,0.9999999999999998,0.009554322919700597,2.1176882917977733,3.4012012081894416,1.237696103820984,3.597667372236924,211768.82917977733,340120.1208189442,123769.6103820984,359766.7372236924
2026-02-25,0.003291170421491572,0.0032911704214915183,0.0,0.0,1.0000000000000002,0.0,0.006022253661147836,0.01834346296925693,0.9999999999999998,0.0050336808290569746,2.124657964865677,3.4635910166028565,1.2451498237136083,3.615776881517877,212465.7964865677,346359.10166028567,124514.98237136082,361577.6881517877
2026-02-26,-0.014266940737815051,-0.014266940737815093,0.0,0.0,1.0000000000000002,0.0,-0.0019046050478369603,-0.0014788083646642969,0.9999999999999998,-0.01760875580677901,2.0943455955928116,3.458469029235728,1.24277830507405,3.5521075493594316,209434.55955928116,345846.9029235728,124277.830507405,355210.7549359432
2026-02-27,-9.045389306100638e-05,-9.045389306105989e-05,0.0,0.0,1.0000000000000002,0.0,-0.003431446178972619,0.019398436975526012,0.9999999999999998,-0.0018920909058045554,2.094156153880275,3.525557922731166,1.2385137782077935,3.545386638968849,209415.6153880275,352555.79227311665,123851.37782077935,354538.6638968849
2026-03-02,-0.001547401298377397,-0.0016966771817558124,0.14950723106185948,0.00014950723106185948,1.0,0.0,0.0038253744175433813,0.021448519831948287,1.0,0.012752512210660205,2.090603046918953,3.601175921755548,1.2432515571307245,3.590599225373811,209060.3046918953,360117.5921755548,124325.15571307245,359059.92253738106
2026-03-03,-0.013813247582175158,-0.01381324758217517,0.0,0.0,1.0,0.0,-0.01538910518179537,-0.022281394661013088,1.0,-0.018062734469309727,2.0617250294358116,3.520936699799175,1.224119028150609,3.5257431849801746,206172.50294358117,352093.66997991747,122411.9028150609,352574.31849801744
2026-03-04,-0.012747640316847674,-0.01274764031684772,0.0,0.0,1.0,0.0,-0.011443544749672352,-0.023508622845499816,1.0,-0.01508259503311582,2.0354429003283214,3.438164326860717,1.210110767273042,3.4725658283303504,203544.29003283216,343816.4326860717,121011.0767273042,347256.58283303503
2026-03-05,0.006621330016137712,0.006621330016137739,0.0,0.0,0.9999999999999999,1.1102230246251565e-16,0.00979224876266116,0.00337032194974185,1.0,0.0062375321141385776,2.0489202395004,3.449752047558355,1.2219604729365543,3.4942260692030214,204892.02395004,344975.2047558355,122196.04729365543,349422.60692030215
2026-03-06,0.009076794971508024,0.00907679497150804,0.0,0.0,0.9999999999999999,1.1102230246251565e-16,0.0027432982836634867,0.02240492588670273,1.0,0.0017070874996953922,2.067517868427318,3.5270434865114013,1.2253126750046657,3.5001910188468677,206751.78684273182,352704.3486511401,122531.26750046657,350019.1018846868
2026-03-09,-0.006667378004100993,-0.006667378004100999,0.0,0.0,1.0,0.0,-0.009651449219386876,-0.01848269641703182,1.0,-0.004056326328895188,2.05373294526828,3.461854212500542,1.213486631943987,3.4859931018609567,205373.29452682802,346185.4212500542,121348.6631943987,348599.31018609565
2026-03-10,0.01435534210674919,0.01435534210674927,0.0,0.0,1.0,0.0,0.012848123480649898,-0.007982412836585628,0.9999999999999999,0.02181280312785594,2.083214984293508,3.4342202629962895,1.2290776580333214,3.5620323830969136,208321.4984293508,343422.02629962895,122907.76580333213,356203.23830969137
2026-03-11,0.010609577354488597,0.01060957735448853,0.0,0.0,1.0,0.0,0.006361823922511389,0.006287468593485723,0.9999999999999998,0.01907745128553029,2.1053170148153995,3.4558128150429908,1.236896833680822,3.6299868823629264,210531.70148153996,345581.2815042991,123689.68336808219,362998.6882362926
2026-03-12,-0.0046030201658515575,-0.004603020165851568,0.0,0.0,1.0,0.0,-0.003600807737272782,-0.018906923407774334,0.9999999999999999,-0.00621905019298985,2.095626198140694,3.390474026837368,1.2324430059918958,3.6074118117416165,209562.6198140694,339047.4026837368,123244.30059918958,360741.18117416167
2026-03-13,-0.003912427845974469,-0.003912427845974453,0.0,0.0,1.0,0.0,-0.003929549701763846,-0.003844360166953442,0.9999999999999999,-0.007198453496999546,2.087427211848335,3.377439823541504,1.2276000599452594,3.5814440255702675,208742.72118483347,337743.98235415044,122760.00599452594,358144.40255702677
2026-03-16,0.0005591407071552051,0.0005591407071552368,0.0,0.0,0.9999999999999999,1.1102230246251565e-16,0.000518296731303769,-0.011471128958616239,0.9999999999999999,0.0026354316225813967,2.0885943773757027,3.3386967757756936,1.2282363210436773,3.5908826764097608,208859.43773757026,333869.6775775694,122823.63210436773,359088.26764097606
2026-03-17,0.0051364269620033124,0.005136426962003338,0.0,0.0,0.9999999999999998,2.220446049250313e-16,-0.007303770046836799,0.013651463061418623,1.0,0.0006814229388067972,2.099322289848344,3.384274871483473,1.2192655653916014,3.59332958623603,209932.2289848344,338427.4871483473,121926.55653916014,359332.95862360304
2026-03-18,-0.003436253810946871,-0.003436253810946921,0.0,0.0,0.9999999999999998,2.220446049250313e-16,0.0045046404913056115,-0.003188340811793311,1.0,-0.0036530918924325695,2.0921084856294465,3.373484649792396,1.224757918427119,3.5802028230577134,209210.84856294465,337348.46497923956,122475.79184271189,358020.28230577137
2026-03-19,-0.017260370815396726,-0.017260370815396775,0.0,0.0,0.9999999999999999,1.1102230246251565e-16,-0.01611736394802432,-0.018810110666717783,1.0,-0.0261592123198513,2.055997917381444,3.310029030197327,1.2050180493076044,3.486547537261216,205599.7917381444,331002.9030197327,120501.80493076044,348654.75372612156
2026-03-20,-0.00027025681055723675,-0.0002702568105572567,0.0,0.0,1.0000000000000002,0.0,-0.0035411552937325563,-0.011389885544317968,1.0,0.0017820453924102253,2.0554422699417803,3.27232817839501,1.2007508932632556,3.492760723235411,205544.22699417803,327232.81783950096,120075.08932632556,349276.0723235411
2026-03-23,-0.025941957336209315,-0.025941957336209298,0.0,0.0,0.9999999999999999,1.1102230246251565e-16,-0.032629592162942256,-0.026155693166473593,1.0,-0.023221875256621116,2.0021200742679093,3.1867381666209043,1.1615708813267869,3.411652269419213,200212.00742679092,318673.8166620904,116157.08813267869,341165.2269419213
2026-03-24,0.009318856217490522,0.009318856217490623,0.0,0.0,0.9999999999999999,1.1102230246251565e-16,0.012838388411045676,0.00043241742092225977,1.0,0.012884609093806842,2.0207775433701634,3.188116167720069,1.176483579468221,3.4556100752746786,202077.75433701635,318811.6167720069,117648.35794682209,345561.00752746785
2026-03-25,0.018039116912133057,0.018039116912133002,0.0,0.0,0.9999999999999998,2.220446049250313e-16,0.014023223799477957,0.021322801756603837,0.9999999999999999,0.01685426505015908,2.0572305857284308,3.2560957367413876,1.1929816719995148,3.513851843393358,205723.0585728431,325609.57367413875,119298.16719995148,351385.1843393358
2026-03-26,-0.010990779206339837,-0.01099077920633984,0.0,0.0,0.9999999999999999,1.1102230246251565e-16,-0.013210004694246047,0.0010747479284485273,0.9999999999999998,-0.012471928423410938,2.0346200185841603,3.2595952188892805,1.1772223785122518,3.4700273347120856,203462.00185841604,325959.521888928,117722.23785122517,347002.73347120854
2026-03-27,0.01235959000850401,0.012359590008504062,0.0,0.0,1.0,0.0,0.0055923690070194265,0.010256724303357778,0.9999999999999997,0.017348817575802977,2.0597670878369554,3.293027988389971,1.1838058404562133,3.5302282059250554,205976.70878369553,329302.7988389971,118380.58404562133,353022.82059250557
2026-03-30,-0.006203324211941306,-0.006203324211941252,0.0,0.0,0.9999999999999998,2.220446049250313e-16,-0.002358652947094586,0.005242392586458866,0.9999999999999998,-0.00133679872539616,2.0469896847900166,3.3102913339033084,1.1810136533218334,3.5255090013590173,204698.96847900166,331029.1333903308,118101.36533218334,352550.90013590176
2026-03-31,-0.0031821866779116275,-0.0031821866779115915,0.0,0.0,0.9999999999999998,2.220446049250313e-16,-0.009327797504424473,0.004776505614979554,0.9999999999999998,-0.007004949356482104,2.0404757814852554,3.3261029590469158,1.1699973971136868,3.5008129893486757,204047.57814852556,332610.29590469156,116999.73971136867,350081.29893486755
2026-04-01,0.015909472098630386,0.015553792313899306,0.3501097238481114,0.0003501097238481114,0.9999999999999999,1.1102230246251565e-16,0.017082954124110872,0.021464733993269425,1.0,0.017438320031003984,2.0722129180120183,3.397496874297084,1.1899844089739091,3.561861286625634,207221.29180120185,339749.68742970837,118998.44089739092,356186.1286625634
2026-04-02,-0.006780023040305185,-0.0067800230403052275,0.0,0.0,1.0,0.0,-0.010419635577885389,-0.010562996832680138,1.0,-0.013617658793465659,2.058163266683479,3.361609125574843,1.1775852050890356,3.5133570749547114,205816.32666834787,336160.9125574843,117758.52050890356,351335.7074954711
2026-04-03,-0.013583183629741768,-0.013583183629741757,0.0,0.0,1.0,0.0,-0.00851099932796151,-0.03163623230160073,1.0,-0.018661268849961443,2.030206857092128,3.2552604783709764,1.1675627781999054,3.4477933740130675,203020.68570921282,325526.04783709766,116756.27781999054,344779.3374013067
2026-04-07,-0.0029502605939236335,-0.0029502605939236703,0.0,0.0,1.0,0.0,-3.828147694440176e-05,-0.007683241141353103,1.0000000000000002,-0.00710705815572743,2.0242172178041358,3.230249527137736,1.1675180821723306,3.423289705995025,202421.7217804136,323024.9527137736,116751.80821723306,342328.9705995025
2026-04-08,0.023290399033269724,0.023290399033269793,0.0,0.0,0.9999999999999999,1.1102230246251565e-16,0.034891524156536846,0.025447201117280827,1.0000000000000002,0.03468812097788487,2.0713620445368095,3.312450336513811,1.20825456753964,3.5420371934589285,207136.20445368096,331245.0336513811,120825.45675396398,354203.71934589284
2026-04-09,-0.006442174670149698,-0.006442174670149736,0.0,0.0,0.9999999999999999,1.1102230246251565e-16,-0.006384423225896385,-0.012625793745339231,1.0000000000000002,-0.008586962717568758,2.058017968440785,3.2706280217733084,1.2005405590158444,3.511621852134455,205801.7968440785,327062.8021773308,120054.05590158445,351162.1852134455
2026-04-10,0.013928393153067499,0.013928393153067598,0.0,0.0,0.9999999999999998,2.220446049250313e-16,0.015406616413575991,0.04723334223927167,1.0,0.023962345227649617,2.0866828518213056,3.425110714463079,1.2190368268975416,3.595768547264259,208668.28518213055,342511.0714463079,121903.68268975416,359576.8547264259
2026-04-13,0.005353977599290534,0.005353977599290571,0.0,0.0,1.0,0.0,0.0020661825444239224,0.026307518591389245,1.0,0.01050421306007654,2.0978549050667805,3.515216878261383,1.2215555795102873,3.6335392661994446,209785.49050667806,351521.6878261383,122155.55795102872,363353.92661994445
2026-04-14,0.008434903023555974,0.008434903023555984,0.0,0.0,0.9999999999999998,2.220446049250313e-16,0.011865738299452255,0.002410740592755145,1.0,0.012917229263984087,2.11555010774851,3.5236911542821456,1.236050238334992,3.6804745259406313,211555.010774851,352369.11542821454,123605.0238334992,368047.4525940631
2026-04-15,0.00029581034082348855,0.000295810340823488,0.0,0.0,1.0,0.0,-0.0034097096960826745,-0.003456356872399202,1.0,0.0006193886365883916,2.116175909346912,3.5115120201448304,1.231835665852496,3.682754170039252,211617.59093469122,351151.20201448305,123183.5665852496,368275.4170039252
2026-04-16,0.008783752607410471,0.008783752607410378,0.0,0.0,1.0,0.0,0.010962061789658861,0.03970500182859027,1.0,0.02180192020241445,2.1347638750083773,3.6509366113257977,1.2453391245362766,3.763045282579557,213476.38750083774,365093.6611325798,124533.91245362766,376304.5282579557
2026-04-17,-0.012509027657258132,-0.012509027657258143,0.0,0.0,1.0,0.0,-0.0016763043611358608,-0.01938831456249046,1.0,-0.016321959809235453,2.108060054654182,3.5801511038577,1.2432515571307232,3.7016250087169604,210806.00546541822,358015.11038577004,124325.15571307232,370162.50087169604
2026-04-20,0.008416927127607676,0.008416927127607776,0.0,0.0,0.9999999999999997,3.3306690738754696e-16,0.006084163200223314,-0.017942114533209486,1.0,0.0006067476056776933,2.1258034425148273,3.515915622706089,1.2508157025032383,3.703870960828116,212580.34425148275,351591.5622706089,125081.57025032383,370387.0960828116
2026-04-21,0.0033201422270934854,0.0033201422270934255,0.0,0.0,1.0,0.0,0.0022196811730679222,0.011798685268246123,1.0,0.014538079860864306,2.1328614122908216,3.5573988045681078,1.2535921145690625,3.757718132650971,213286.14122908216,355739.88045681076,125359.21145690625,375771.8132650971
2026-04-22,-0.002228200766263901,-0.0022282007662639547,0.0,0.0,0.9999999999999999,1.1102230246251565e-16,0.006633808724832324,-0.004778063338685246,1.0,-0.002748543870828235,2.1281089688576205,3.5404013277589184,1.2619082048760717,3.747389879509173,212810.89688576205,354040.13277589186,126190.82048760717,374738.98795091733
2026-04-23,-0.0014207754184485677,-0.0014207754184485388,0.0,0.0,0.9999999999999999,1.1102230246251565e-16,-0.00277104693486796,-0.004597826186266141,1.0,-0.00798074894641132,2.125085403946888,3.524123177824257,1.258411398012865,3.7174829016764876,212508.54039468878,352412.31778242567,125841.13980128651,371748.29016764875
2026-04-24,0.0006095291285773486,0.0006095291285772575,0.0,0.0,0.9999999999999999,1.1102230246251565e-16,-0.003543424711626608,0.004810403010492514,1.0,0.0016728762291424726,2.1263807054013077,3.5410756305682094,1.2539523119677536,3.7237017904549456,212638.07054013078,354107.56305682095,125395.23119677536,372370.1790454946
2026-04-27,-0.0006967208039095818,-0.0006967208039095896,0.0,0.0,0.9999999999999999,1.1102230246251565e-16,0.0003312806513229294,0.0014061395932833953,1.0,-0.0056901237522895,2.124899211726823,3.546054877215162,1.2543677221063902,3.702513466450635,212489.92117268228,354605.4877215162,125436.77221063903,370251.34664506355
2026-04-28,-0.0006948162139756666,-0.000694816213975713,0.0,0.0,1.0,0.0,-0.002670327712510079,-0.012674412731752627,1.0,-0.010171370782350198,2.123422797301451,3.501110714131893,1.2510181492163714,3.664853829156721,212342.2797301451,350111.0714131893,125101.81492163714,366485.3829156721
2026-04-29,0.012861935736847758,0.012861935736847796,0.0,0.0,1.0,0.0,0.010957902236345296,0.039613591707139406,1.0,0.02397933283132292,2.1507341248625,3.639802284483005,1.264726683791378,3.752734578904218,215073.41248625,363980.2284483005,126472.6683791378,375273.4578904218
2026-04-30,-0.0061667658896186976,-0.0061667658896187305,0.0,0.0,1.0,0.0,-0.0006319706466265673,-0.02153558712146475,1.0,-0.015514957638364968,2.1374710510236588,3.561417005280615,1.2639274136512164,3.694511060884492,213747.10510236587,356141.7005280615,126392.74136512165,369451.1060884492
2026-05-06,0.0010688967011754104,0.0008415420624283687,0.22711187960797136,0.00022711187960797137,0.9999999999999999,1.1102230246251565e-16,0.014515394264151826,0.016306425591103846,1.0,0.01819893773347303,2.139269822820318,3.6194909866761154,1.2822738183816336,3.7617472376371563,213926.98228203182,361949.09866761154,128227.38183816336,376174.72376371565
2026-05-07,-0.0034101281531777063,-0.0034101281531777605,0.0,0.0,0.9999999999999997,3.3306690738754696e-16,0.0048020438417171185,0.017091810795912377,1.0,-0.0037855121825380866,2.131974638570275,3.6813546417978937,1.2884313534745881,3.747507097641452,213197.4638570275,368135.46417978936,128843.13534745881,374750.7097641452
2026-05-08,-0.0028740476283270937,-0.0028740476283271033,0.0,0.0,0.9999999999999997,3.3306690738754696e-16,-0.005836127260223978,0.007287231704746766,1.0,-0.006471829449214872,2.1258472419166385,3.70818152606002,1.2809119041296477,3.7232538708457943,212584.72419166384,370818.152606002,128091.19041296477,372325.38708457944
2026-05-11,0.00867793005525784,0.008677930055257743,0.0,0.0,1.0,0.0,0.016406296503835405,0.03214917045518284,1.0000000000000002,0.007107442159986155,2.144295195590154,3.827396486020084,1.3019269246240912,3.749716682379775,214429.5195590154,382739.6486020084,130192.69246240912,374971.66823797754
2026-05-12,-0.003950391298334543,-0.003950391298334521,0.0,0.0,0.9999999999999999,1.1102230246251565e-16,-0.0007653720637177397,-0.002737044051671411,1.0000000000000002,-0.007567926437760053,2.135824390508434,3.8169207332346344,1.300930466126982,3.7213391023650835,213582.4390508434,381692.07332346344,130093.0466126982,372133.91023650835
2026-05-13,0.0016320049420585718,0.001632004942058618,0.0,0.0,0.9999999999999998,2.220446049250313e-16,0.010163599801942258,0.020025265659025404,1.0000000000000002,0.003195662714248204,2.139310066469113,3.8933555849171,1.314152602754851,3.7332312469815854,213931.0066469113,389335.55849171005,131415.26027548508,373323.1246981585
2026-05-14,-0.016467152897994206,-0.016467152897994164,0.0,0.0,0.9999999999999999,1.1102230246251565e-16,-0.016753562182644566,-0.04668241537936468,1.0000000000000002,-0.019539174501741252,2.104081720508348,3.7116043422824307,1.2921358654071133,3.660286990191459,210408.1720508348,371160.4342282431,129213.58654071133,366028.6990191459
2026-05-15,-0.013527510907913116,-0.013527510907913154,0.0,0.0,0.9999999999999999,1.1102230246251565e-16,-0.011193179505961881,-0.014757113688695589,1.0000000000000002,-0.02128965487138046,2.0756187320830306,3.6568317750359127,1.27767275671952,3.5823607434400793,207561.87320830306,365683.1775035913,127767.27567195201,358236.07434400794
2026-05-18,-0.012570931964412372,-0.01257093196441239,0.0,0.0,1.0,0.0,-0.00536465010422682,-0.009815251590114316,1.0000000000000002,-0.014694649700907059,2.049526270217955,3.6209390511412107,1.270818489432017,3.5297192072129464,204952.6270217955,362093.9051141211,127081.8489432017,352971.92072129465
2026-05-19,-0.0015817845183686732,-0.0015817845183686563,0.0,0.0,0.9999999999999998,2.220446049250313e-16,0.00400536255151529,0.0016486141143219335,1.0000000000000004,-6.5098142334463205e-06,2.046284361293734,3.6269085823680216,1.275908578219361,3.5296962293966114,204628.4361293734,362690.85823680216,127590.85782193611,352969.62293966115
2026-05-20,-0.010039870825015486,-0.010039870825015451,0.0,0.0,0.9999999999999998,2.220446049250313e-16,-0.00044921778407880364,-0.018499199333816052,1.0000000000000004,-0.014790591312610069,2.025739930635096,3.5598136775372673,1.2753354173951663,3.4774899350099453,202573.99306350958,355981.3677537267,127533.54173951663,347748.9935009945
2026-05-21,-0.011544900610001742,-0.011544900610001796,0.0,0.0,0.9999999999999999,1.1102230246251565e-16,-0.013936132929267875,-0.029961478044318812,1.0000000000000004,-0.009958710336242405,2.0023529644742015,3.4531563981958686,1.257562173488944,3.4428586200499827,200235.29644742014,345315.6398195869,125756.2173488944,344285.86200499826
2026-05-22,0.005190468964411197,0.00519046896441111,0.0,0.0,0.9999999999999999,1.1102230246251565e-16,0.0129623047814178,0.03843628399300991,1.0000000000000004,0.01060121521121582,2.0127461153921016,3.585882898189204,1.2738630776632898,3.479357105222922,201274.61153921016,358588.2898189204,127386.30776632897,347935.71052229224
2026-05-25,0.0024154090613311037,0.0024154090613310863,0.0,0.0,1.0,0.0,0.015789147798807024,0.023633064712885288,1.0000000000000004,0.001192006755718733,2.0176077205973786,3.670628300774938,1.2939762900719587,3.4835045223979058,201760.77205973785,367062.8300774938,129397.62900719586,348350.4522397906
2026-05-26,0.0013123479041001552,0.001312347904100175,0.0,0.0,1.0,0.0,0.005333631339401901,-0.02034411324245433,1.0000000000000007,0.011356588298649717,2.020255523860801,3.595952622953015,1.3008778825651295,3.523065249095263,202025.55238608012,359595.2622953015,130087.78825651295,352306.5249095263
2026-05-27,-0.004727219041194337,-0.0047272190411943305,0.0,0.0,1.0,0.0,-0.008019644896268163,-0.01145708284064606,1.0000000000000007,-0.004910332928621752,2.0107053334803284,3.554753495860804,1.290445303893548,3.5057658257929476,201070.53334803286,355475.34958608035,129044.5303893548,350576.58257929474
2026-05-28,-0.012748557448679693,-0.012748557448679643,0.0,0.0,1.0,0.0,0.0012306012220439921,-0.0036369090766266154,1.0000000000000007,-0.010142930465591227,1.985071741024088,3.5418251806065375,1.2920333274615003,3.470207086793284,198507.17410240878,354182.51806065376,129203.33274615003,347020.7086793284
2026-05-29,0.016986065010993357,0.016986065010993423,0.0,0.0,0.9999999999999998,2.220446049250313e-16,-0.004495127395858112,0.0008444500182100967,1.0000000000000007,0.011127996472900525,2.018790298668609,3.544816074944798,1.2862254730548663,3.508823539015354,201879.02986686092,354481.6074944798,128622.54730548663,350882.3539015354
2026-06-01,-0.005867086684739094,-0.0059284035428964765,0.06167873262824604,6.167873262824603e-05,0.9999999999999999,1.1102230246251565e-16,-0.009783079728215904,-0.02788343461706322,1.0,-0.009197143811568442,2.006822095109617,3.44597442768956,1.2736422267035084,3.4765523843176136,200682.20951096172,344597.442768956,127364.22267035083,347655.23843176133
2026-06-02,0.013089958274955207,0.013089958274955293,0.0,0.0,0.9999999999999996,4.440892098500626e-16,0.014512020411786342,0.02062819612818889,1.0,0.027098905018936525,2.0330913125998604,3.5170586640366635,1.2921253486947426,3.570763147173594,203309.13125998605,351705.8664036663,129212.53486947426,357076.31471735943
2026-06-03,-0.006295334887919651,-0.006295334887919668,0.0,0.0,0.9999999999999998,2.220446049250313e-16,0.0049343176194815985,0.0029257849312687156,1.0,-0.01052236776417348,2.020292321929324,3.52734882127829,1.2985011055693858,3.533190264140276,202029.2321929324,352734.882127829,129850.11055693858,353319.0264140276
2026-06-04,-0.014756915761968753,-0.014756915761968803,0.0,0.0,0.9999999999999998,2.220446049250313e-16,-0.006896398120195046,-0.00444798232624366,1.0,-0.02433725558219224,1.9904790383200606,3.511659236062748,1.289546124985866,3.4472021096613807,199047.90383200606,351165.92360627477,128954.61249858659,344720.21096613805
2026-06-05,-0.006781263742517245,-0.006781263742517196,0.0,0.0,0.9999999999999997,3.3306690738754696e-16,-0.017907130842550578,-0.0402763612038366,1.0,-0.014047581939024001,1.9769810749872603,3.370222380246296,1.26645405379824,3.3987772555655362,197698.10749872602,337022.2380246296,126645.405379824,339877.72555655363
2026-06-08,-0.018765082904885363,-0.018765082904885322,0.0,0.0,0.9999999999999997,3.3306690738754696e-16,-0.02144108683557122,-0.024929117830814196,1.0,-0.027307664789113506,1.939882861213735,3.286205709413089,1.2392999024574909,3.3059645855776894,193988.2861213735,328620.5709413089,123929.99024574908,330596.45855776896
2026-06-09,0.00794445202443959,0.007944452024439608,0.0,0.0,0.9999999999999996,4.440892098500626e-16,0.01870528933053861,0.018752699467847744,1.0,0.012558226407679784,1.9552941675376803,3.347830937471238,1.2624813657002665,3.347481637339145,195529.41675376802,334783.0937471238,126248.13657002665,334748.1637339145
2026-06-10,-0.0013075151396972093,-0.0013075151396971796,0.0,0.0,0.9999999999999996,4.440892098500626e-16,-0.011083320664499463,-0.018861091911833827,1.0,-0.015047123009875096,1.9527375908110631,3.2846871904543122,1.2484888798912552,3.297111669368805,195273.7590811063,328468.71904543124,124848.88798912552,329711.1669368805
2026-06-11,-0.005997470769623886,-0.005997470769623869,0.0,0.0,0.9999999999999996,4.440892098500626e-16,-0.005513215501864788,-0.006309817660369754,1.0,-0.009782595778417114,1.9410261041894281,3.2639614132111934,1.241605691644733,3.264857358671068,194102.61041894282,326396.1413211193,124160.56916447329,326485.7358671068
2026-06-12,0.018062606552405047,0.01806260655240499,0.0,0.0,0.9999999999999996,4.440892098500626e-16,0.011627537634385732,-0.004111279157517078,1.0,0.03054689482175088,1.976086095017349,3.2505423566821183,1.2560425085513995,3.3645886130144125,197608.6095017349,325054.2356682118,125604.25085513995,336458.86130144127
2026-06-15,0.0090651019181676,0.009065101918167562,0.0,0.0,0.9999999999999997,3.3306690738754696e-16,0.023944387229660302,0.02688126322598139,1.0,0.02212147594689795,1.9939995168677551,3.337921041399292,1.2861176767530682,3.4390182790884176,199399.95168677552,333792.10413992923,128611.76767530682,343901.8279088418
2026-06-16,-0.010729917958756031,-0.010729917958755997,0.0,0.0,0.9999999999999997,3.3306690738754696e-16,-0.0015291176296224895,-0.01857403445453165,1.0,-0.011111424525158675,1.972604065641965,3.2759223809698357,1.284151051539776,3.400805887039686,197260.4065641965,327592.2380969836,128415.10515397761,340080.58870396856
2026-06-17,-0.004030968576693358,-0.004030968576693383,0.0,0.0,0.9999999999999997,3.3306690738754696e-16,0.00965556495087272,-0.002172521279463435,1.0,-0.0054723170232858775,1.9646525606391045,3.2688053698873083,1.2965502554246497,3.3821955990911476,196465.25606391046,326880.53698873083,129655.02554246498,338219.5599091148
2026-06-18,-0.013317782848793862,-0.013317782848793813,0.0,0.0,0.9999999999999997,3.3306690738754696e-16,0.0020704101683297615,0.011214443022883769,1.0,-0.014486374028846671,1.9384877444631863,3.305463201460806,1.2992346462572315,3.333199848603994,193848.77444631862,330546.3201460806,129923.46462572315,333319.98486039945
2026-06-22,0.02235432463208836,0.022354324632088307,0.0,0.0,0.9999999999999997,3.3306690738754696e-16,0.023891047434029256,-0.003911678327092938,1.0,0.024792713295955338,1.981821328798241,3.2925332926946482,1.3302747228188971,3.415838916808555,198182.1328798241,329253.3292694648,133027.47228188973,341583.8916808555
2026-06-23,-0.021368746097271043,-0.02136874609727102,0.0,0.0,0.9999999999999994,5.551115123125783e-16,-0.027723206697683134,0.003710261349671784,1.0,-0.038758482528685856,1.939472292012995,3.304749451713041,1.2933952417134857,3.283446183830625,193947.2292012995,330474.9451713041,129339.52417134857,328344.6183830625
2026-06-24,0.009354895488015179,0.009354895488015158,0.0,0.0,0.9999999999999998,2.220446049250313e-16,0.004803441077044113,0.040838837537826356,1.0,0.003932786426036783,1.9576158526066778,3.4397115776747706,1.2996079895463857,3.2963592764130163,195761.58526066778,343971.15776747704,129960.79895463857,329635.92764130165
2026-06-25,-0.0027840696325049643,-0.002784069632504993,0.0,0.0,0.9999999999999998,2.220446049250313e-16,0.015593705872118724,-0.00044146694409841203,1.0,-0.011714546860040365,1.9521657137593251,3.438193058715995,1.3198736942844276,3.2577439212019472,195216.57137593252,343819.30587159947,131987.36942844276,325774.39212019474
2026-06-26,-0.02599963211144946,-0.02599963211144951,0.0,0.0,0.9999999999999997,3.3306690738754696e-16,-0.03025437740284065,-0.05211784823225174,1.0,-0.03307837193425922,1.9014101233809975,3.2590018346886533,1.279941737413465,3.149983056109857,190141.01233809974,325900.18346886535,127994.1737413465,314998.30561098567
2026-06-29,0.012943911836958345,0.01294391183695831,0.0,0.0,0.9999999999999998,2.220446049250313e-16,0.012057795251652514,-0.013948041090624308,0.9999999999999999,0.019248960825709815,1.926021808383941,3.213545143183996,1.295375012817241,3.210616956558565,192602.18083839412,321354.5143183996,129537.5012817241,321061.6956558565
2026-06-30,-0.0022426044008144164,-0.002242604400814363,0.0,0.0,0.9999999999999996,4.440892098500626e-16,0.010657774025151667,0.026011395963294603,0.9999999999999999,-0.0044648458336974395,1.921702503400395,3.2971339383492775,1.3091808269816751,3.196282046816476,192170.2503400395,329713.39383492776,130918.08269816752,319628.2046816476
2026-07-01,0.0010817166138325784,0.0008647684833917868,0.21671370762291067,0.00021671370762291068,1.0,0.0,-0.004106895769194652,-0.02574956619722546,1.0,-0.006524203244989257,1.9233643311597908,3.212234169742634,1.3038041577822332,3.175428853114735,192336.43311597907,321223.41697426344,130380.41577822332,317542.8853114735
2026-07-02,-0.00801592145432538,-0.008015921454325392,0.0,0.0,0.9999999999999999,1.1102230246251565e-16,-0.029578663354157375,-0.020592471103512366,1.0,0.006484833493191733,1.907946793753163,3.146086330424494,1.2652393735194418,3.196020980496661,190794.67937531628,314608.63304244936,126523.93735194419,319602.0980496661
2026-07-03,0.012079106067195951,0.012079106067195866,0.0,0.0,1.0,0.0,0.006207011200465518,0.01156735254835084,1.0,0.02186937149008461,1.9309930854454735,3.1824782201560615,1.273092728482147,3.265915950609247,193099.30854454736,318247.82201560616,127309.27284821469,326591.5950609247
2026-07-06,0.006609562679240554,0.0066095626792406215,0.0,0.0,0.9999999999999999,1.1102230246251565e-16,-3.510822627050825e-05,0.002273861264017185,1.0,0.0025996237259531263,1.9437561052769057,3.1897147341044527,1.273048032454572,3.2744061032014193,194375.61052769056,318971.47341044527,127304.80324545721,327440.61032014195
2026-07-07,-0.008570853080446425,-0.008570853080446472,0.0,0.0,1.0,0.0,-0.010272614622056975,-0.012883328387727544,1.0000000000000002,-0.010604212727633233,1.9270964572743565,3.148620591721812,1.2599705006217985,3.239683604326411,192709.64572743565,314862.05917218124,125997.05006217986,323968.3604326411
2026-07-08,-0.0018465536724278488,-0.0018465536724278087,0.0,0.0,0.9999999999999999,1.1102230246251565e-16,-0.007664442246455794,-0.00044414881996635014,1.0,-0.00948303030859421,1.923537970234054,3.1472221356014773,1.2503135294875447,3.208961586516328,192353.7970234054,314722.21356014773,125031.35294875447,320896.1586516328
2026-07-09,0.007453219189543337,0.007453219189543336,0.0,0.0,0.9999999999999998,2.220446049250313e-16,0.02539780003490688,0.02737176513872197,1.0,0.01342175074787133,1.9378745203456178,3.233367160736548,1.282068742490408,3.252031469090044,193787.45203456178,323336.71607365477,128206.8742490408,325203.14690900437
2026-07-10,-0.005613575067563201,-0.0056135750675632146,0.0,0.0,0.9999999999999999,1.1102230246251565e-16,-0.019588582350178796,-0.018440617641964363,1.0,-0.01614103992565974,1.9269961162541396,3.1737418732293214,1.2569548333495446,3.1995402993079596,192699.61162541396,317374.1873229321,125695.48333495446,319954.02993079595
2026-07-13,-0.005944459355729923,-0.0059444593557299585,0.0,0.0,0.9999999999999999,1.1102230246251565e-16,-0.017865248212115548,-0.023545820784092064,1.0,-0.0021311721594871047,1.9155411661624173,3.0990135158672953,1.2344990232603366,3.1927215280989176,191554.11661624172,309901.3515867295,123449.90232603365,319272.1528098918
2026-07-14,0.013135030948594814,0.013135030948594917,0.0,0.0,0.9999999999999998,2.220446049250313e-16,0.02153606310884304,0.0038292372186539136,1.0,0.027274764174898714,1.9407018586632683,3.110880373763366,1.2610852721330763,3.279802254853938,194070.18586632682,311088.0373763366,126108.52721330764,327980.2254853938
2026-07-15,0.01687067017960371,0.016870670179603753,0.0,0.0,0.9999999999999998,2.220446049250313e-16,-0.0020264776399459006,0.01840074965406968,1.0,0.011328366513728705,1.9734427996377202,3.1681229047247443,1.2585297110270335,3.3169570568894775,197344.27996377202,316812.2904724744,125852.97110270335,331695.70568894775
2026-07-16,-0.005003327131965664,-0.005003327131965718,0.0,0.0,0.9999999999999999,1.1102230246251565e-16,-0.018457083885200398,-0.008303368997338523,1.0000000000000002,-0.0009717295358598887,1.9635690197349105,3.141816811217895,1.2353009225785905,3.313733871748119,196356.90197349104,314181.6811217895,123530.09225785905,331373.3871748119
2026-07-17,-0.00982488845185264,-0.009824888451852587,0.0,0.0,0.9999999999999998,2.220446049250313e-16,-0.0360396983673269,-0.02324489945097241,1.0000000000000002,-0.016009480569001977,1.9442771731485016,3.06878559534776,1.1907810499359774,3.260682713717524,194427.71731485016,306878.559534776,119078.10499359775,326068.2713717524
2026-07-20,0.027579496112517046,0.027579496112517088,0.0,0.0,0.9999999999999997,3.3306690738754696e-16,0.015283389635909916,0.029455548692866484,1.0000000000000002,0.03050782662457041,1.9978993578870063,3.1591783588794935,1.208980220693207,3.360159056625352,199789.93578870065,315917.83588794933,120898.0220693207,336015.90566253517
2026-07-21,0.0035424253987676596,0.0035424253987677012,0.0,0.0,0.9999999999999997,3.3306690738754696e-16,0.03064380034447356,0.013435009631957762,1.0000000000000002,0.012723678552825746,2.004976767316567,3.2016219505601122,1.2460279691965472,3.402912640348219,200497.67673165668,320162.1950560112,124602.79691965472,340291.2640348219
2026-07-22,0.007529789162320638,0.007529789162320721,0.0,0.0,0.9999999999999998,2.220446049250313e-16,-0.004639994260670965,0.00698473649592346,1.0000000000000002,0.010746998728754509,2.020073819649812,3.223984436244339,1.2402464065708398,3.439483738168104,202007.3819649812,322398.4436244339,124024.64065708399,343948.37381681043
2026-07-23,0.008755644133382671,0.0087556441333827,0.0,0.0,0.9999999999999996,4.440892098500626e-16,0.002280994819004345,0.007458973880179132,1.0000000000000002,0.020467439670152743,2.0377608671378287,3.2480320519443895,1.2430754021985166,3.509881164075531,203776.08671378286,324803.2051944389,124307.54021985167,350988.1164075531
2026-07-24,-0.010824006783898464,-0.010824006783898499,0.0,0.0,0.9999999999999996,4.440892098500626e-16,-0.01666878172588837,-0.015310881397459397,1.0000000000000002,-0.0186507210021003,2.015704129687966,3.198301818421922,1.2223548496504486,3.444419349733831,201570.41296879662,319830.1818421922,122235.48496504486,344441.9349733831
2026-07-27,0.008747613582141678,0.0087476135821416,0.0,0.0,0.9999999999999997,3.3306690738754696e-16,0.011451457135544185,0.027417882005507543,1.0000000000000002,0.0163284375550119,2.0333367305104035,3.2859924802974145,1.2363525938156452,3.5006613359992347,203333.67305104036,328599.24802974146,123635.25938156452,350066.13359992346
2026-07-28,0.0014522717006834455,0.0014522717006835162,0.0,0.0,0.9999999999999997,3.3306690738754696e-16,-0.028264110257887887,-0.015028196693890328,1.0000000000000002,-0.004819014780245268,2.036289687902084,3.2366099389688605,1.2014081877864142,3.483791597280421,203628.96879020843,323660.99389688607,120140.81877864142,348379.15972804214
2026-07-29,0.010852319482154121,0.010852319482154149,0.0,0.0,0.9999999999999997,3.3306690738754696e-16,0.006727183599152697,0.0010709327823050785,1.0000000000000002,0.013599437828043293,2.0583881541534135,3.240076130656037,1.2094902812431787,3.531169204513496,205838.81541534135,324007.61306560365,120949.02812431788,353116.92045134964
2026-07-30,0.01099689472545378,0.010996894725453732,0.0,0.0,0.9999999999999997,3.3306690738754696e-16,-0.01098633555494688,-0.0019162055620429719,1.0000000000000004,0.012106002686542494,2.0810240319887594,3.233867478753031,1.196202415162994,3.5739175483899728,208102.40319887595,323386.7478753031,119620.2415162994,357391.75483899727
