signal_date,trade_date,rank,ticker,momentum_return,return_20d,target_weight,eligible_stocks,selected_stocks,lookback_days,strategy_variant,momentum_target_weight,blended_target_weight,scaled_target_weight,executed_weight
2019-07-31,2019-08-01,1,000858,2.291695988740323,2.291695988740323,0.16666666666666666,20,6,120,risk_controlled_core_satellite,0.16666666666666666,0.08499999999999999,0.0,0.0
2019-07-31,2019-08-01,2,002475,0.8552472858866107,0.8552472858866107,0.16666666666666666,20,6,120,risk_controlled_core_satellite,0.16666666666666666,0.08499999999999999,0.0,0.0
2019-07-31,2019-08-01,3,601888,0.7893603273745422,0.7893603273745422,0.16666666666666666,20,6,120,risk_controlled_core_satellite,0.16666666666666666,0.08499999999999999,0.0,0.0
2019-07-31,2019-08-01,4,601899,0.7745098039215685,0.7745098039215685,0.16666666666666666,20,6,120,risk_controlled_core_satellite,0.16666666666666666,0.08499999999999999,0.0,0.0
2019-07-31,2019-08-01,5,600519,0.7735952262555943,0.7735952262555943,0.16666666666666666,20,6,120,risk_controlled_core_satellite,0.16666666666666666,0.08499999999999999,0.0,0.0
2019-07-31,2019-08-01,6,600309,0.6892511462047886,0.6892511462047886,0.16666666666666666,20,6,120,risk_controlled_core_satellite,0.16666666666666666,0.08499999999999999,0.0,0.0
2019-08-30,2019-09-02,1,000858,1.6852982620948804,1.6852982620948804,0.16666666666666666,20,6,120,risk_controlled_core_satellite,0.16666666666666666,0.08499999999999999,0.07161003978829883,0.07161003978829883
2019-08-30,2019-09-02,2,600519,0.9036877291352168,0.9036877291352168,0.16666666666666666,20,6,120,risk_controlled_core_satellite,0.16666666666666666,0.08499999999999999,0.07161003978829883,0.07161003978829883
2019-08-30,2019-09-02,3,601888,0.707250872431175,0.707250872431175,0.16666666666666666,20,6,120,risk_controlled_core_satellite,0.16666666666666666,0.08499999999999999,0.07161003978829883,0.07161003978829883
2019-08-30,2019-09-02,4,002475,0.6020036429872495,0.6020036429872495,0.16666666666666666,20,6,120,risk_controlled_core_satellite,0.16666666666666666,0.08499999999999999,0.07161003978829883,0.07161003978829883
2019-08-30,2019-09-02,5,000651,0.4656972408650262,0.4656972408650262,0.16666666666666666,20,6,120,risk_controlled_core_satellite,0.16666666666666666,0.08499999999999999,0.07161003978829883,0.07161003978829883
2019-08-30,2019-09-02,6,600276,0.3954802259887007,0.3954802259887007,0.16666666666666666,20,6,120,risk_controlled_core_satellite,0.16666666666666666,0.08499999999999999,0.07161003978829883,0.07161003978829883
2019-09-30,2019-10-08,1,002475,0.43121301775147947,0.43121301775147947,0.16666666666666666,19,6,120,risk_controlled_core_satellite,0.16666666666666666,0.08499999999999999,0.0797952379152488,0.0797952379152488
2019-09-30,2019-10-08,2,600519,0.421998722860792,0.421998722860792,0.16666666666666666,19,6,120,risk_controlled_core_satellite,0.16666666666666666,0.08499999999999999,0.0797952379152488,0.0797952379152488
2019-09-30,2019-10-08,3,000858,0.40333606781514897,0.40333606781514897,0.16666666666666666,19,6,120,risk_controlled_core_satellite,0.16666666666666666,0.08499999999999999,0.0797952379152488,0.0797952379152488
2019-09-30,2019-10-08,4,601888,0.3352042407234175,0.3352042407234175,0.16666666666666666,19,6,120,risk_controlled_core_satellite,0.16666666666666666,0.08499999999999999,0.0797952379152488,0.0797952379152488
2019-09-30,2019-10-08,5,600276,0.26864289022695687,0.26864289022695687,0.16666666666666666,19,6,120,risk_controlled_core_satellite,0.16666666666666666,0.08499999999999999,0.0797952379152488,0.0797952379152488
2019-09-30,2019-10-08,6,600900,0.23389494549058476,0.23389494549058476,0.16666666666666666,19,6,120,risk_controlled_core_satellite,0.16666666666666666,0.08499999999999999,0.0797952379152488,0.0797952379152488
2019-10-31,2019-11-01,1,002475,0.7814417177914113,0.7814417177914113,0.16666666666666666,20,6,120,risk_controlled_core_satellite,0.16666666666666666,0.08499999999999999,0.08499999999999998,0.08499999999999998
2019-10-31,2019-11-01,2,000858,0.5636363636363637,0.5636363636363637,0.16666666666666666,20,6,120,risk_controlled_core_satellite,0.16666666666666666,0.08499999999999999,0.08499999999999998,0.08499999999999998
2019-10-31,2019-11-01,3,600519,0.4942388834793896,0.4942388834793896,0.16666666666666666,20,6,120,risk_controlled_core_satellite,0.16666666666666666,0.08499999999999999,0.08499999999999998,0.08499999999999998
2019-10-31,2019-11-01,4,600276,0.3847358997314234,0.3847358997314234,0.16666666666666666,20,6,120,risk_controlled_core_satellite,0.16666666666666666,0.08499999999999999,0.08499999999999998,0.08499999999999998
2019-10-31,2019-11-01,5,000001,0.3470411233701103,0.3470411233701103,0.16666666666666666,20,6,120,risk_controlled_core_satellite,0.16666666666666666,0.08499999999999999,0.08499999999999998,0.08499999999999998
2019-10-31,2019-11-01,6,601899,0.2142857142857142,0.2142857142857142,0.16666666666666666,20,6,120,risk_controlled_core_satellite,0.16666666666666666,0.08499999999999999,0.08499999999999998,0.08499999999999998
2019-11-29,2019-12-02,1,002475,1.127986348122867,1.127986348122867,0.16666666666666666,20,6,120,risk_controlled_core_satellite,0.16666666666666666,0.08499999999999999,0.08499999999999999,0.08499999999999999
2019-11-29,2019-12-02,2,300750,0.5838544627629334,0.5838544627629334,0.16666666666666666,20,6,120,risk_controlled_core_satellite,0.16666666666666666,0.08499999999999999,0.08499999999999999,0.08499999999999999
2019-11-29,2019-12-02,3,600276,0.4701736722879437,0.4701736722879437,0.16666666666666666,20,6,120,risk_controlled_core_satellite,0.16666666666666666,0.08499999999999999,0.08499999999999999,0.08499999999999999
2019-11-29,2019-12-02,4,600519,0.454901304784209,0.454901304784209,0.16666666666666666,20,6,120,risk_controlled_core_satellite,0.16666666666666666,0.08499999999999999,0.08499999999999999,0.08499999999999999
2019-11-29,2019-12-02,5,000858,0.43026072090041323,0.43026072090041323,0.16666666666666666,20,6,120,risk_controlled_core_satellite,0.16666666666666666,0.08499999999999999,0.08499999999999999,0.08499999999999999
2019-11-29,2019-12-02,6,000001,0.38598442714126824,0.38598442714126824,0.16666666666666666,20,6,120,risk_controlled_core_satellite,0.16666666666666666,0.08499999999999999,0.08499999999999999,0.08499999999999999
2019-12-31,2020-01-02,1,300750,1.1986262163709216,1.1986262163709216,0.16666666666666666,20,6,120,risk_controlled_core_satellite,0.16666666666666666,0.08499999999999999,0.08499999999999999,0.08499999999999999
2019-12-31,2020-01-02,2,002475,0.9435191889934829,0.9435191889934829,0.16666666666666666,20,6,120,risk_controlled_core_satellite,0.16666666666666666,0.08499999999999999,0.08499999999999999,0.08499999999999999
2019-12-31,2020-01-02,3,601899,0.5657142857142858,0.5657142857142858,0.16666666666666666,20,6,120,risk_controlled_core_satellite,0.16666666666666666,0.08499999999999999,0.08499999999999999,0.08499999999999999
2019-12-31,2020-01-02,4,600309,0.46054750402576494,0.46054750402576494,0.16666666666666666,20,6,120,risk_controlled_core_satellite,0.16666666666666666,0.08499999999999999,0.08499999999999999,0.08499999999999999
2019-12-31,2020-01-02,5,600276,0.3249499221010461,0.3249499221010461,0.16666666666666666,20,6,120,risk_controlled_core_satellite,0.16666666666666666,0.08499999999999999,0.08499999999999999,0.08499999999999999
2019-12-31,2020-01-02,6,000651,0.2732663057489044,0.2732663057489044,0.16666666666666666,20,6,120,risk_controlled_core_satellite,0.16666666666666666,0.08499999999999999,0.08499999999999999,0.08499999999999999
2020-01-23,2020-02-03,1,300750,1.3040000000000003,1.3040000000000003,0.16666666666666666,20,6,120,risk_controlled_core_satellite,0.16666666666666666,0.08499999999999999,0.07432161297018701,0.07432161297018701
2020-01-23,2020-02-03,2,002475,1.1831812255541072,1.1831812255541072,0.16666666666666666,20,6,120,risk_controlled_core_satellite,0.16666666666666666,0.08499999999999999,0.07432161297018701,0.07432161297018701
2020-01-23,2020-02-03,3,601899,0.3707865168539326,0.3707865168539326,0.16666666666666666,20,6,120,risk_controlled_core_satellite,0.16666666666666666,0.08499999999999999,0.07432161297018701,0.07432161297018701
2020-01-23,2020-02-03,4,600276,0.32287292817679547,0.32287292817679547,0.16666666666666666,20,6,120,risk_controlled_core_satellite,0.16666666666666666,0.08499999999999999,0.07432161297018701,0.07432161297018701
2020-01-23,2020-02-03,5,000651,0.2770794330034769,0.2770794330034769,0.16666666666666666,20,6,120,risk_controlled_core_satellite,0.16666666666666666,0.08499999999999999,0.07432161297018701,0.07432161297018701
2020-01-23,2020-02-03,6,600309,0.23914354644149594,0.23914354644149594,0.16666666666666666,20,6,120,risk_controlled_core_satellite,0.16666666666666666,0.08499999999999999,0.07432161297018701,0.07432161297018701
2020-02-28,2020-03-02,1,300750,1.7307692307692308,1.7307692307692308,0.16666666666666666,20,6,120,risk_controlled_core_satellite,0.16666666666666666,0.08499999999999999,0.048081034471053594,0.048081034471053594
2020-02-28,2020-03-02,2,002475,0.9554210236653824,0.9554210236653824,0.16666666666666666,20,6,120,risk_controlled_core_satellite,0.16666666666666666,0.08499999999999999,0.048081034471053594,0.048081034471053594
2020-02-28,2020-03-02,3,002594,0.3862472567666422,0.3862472567666422,0.16666666666666666,20,6,120,risk_controlled_core_satellite,0.16666666666666666,0.08499999999999999,0.048081034471053594,0.048081034471053594
2020-02-28,2020-03-02,4,601899,0.25543478260869557,0.25543478260869557,0.16666666666666666,20,6,120,risk_controlled_core_satellite,0.16666666666666666,0.08499999999999999,0.048081034471053594,0.048081034471053594
2020-02-28,2020-03-02,5,601012,0.161624203821656,0.161624203821656,0.16666666666666666,20,6,120,risk_controlled_core_satellite,0.16666666666666666,0.08499999999999999,0.048081034471053594,0.048081034471053594
2020-02-28,2020-03-02,6,002415,0.14403453689167978,0.14403453689167978,0.16666666666666666,20,6,120,risk_controlled_core_satellite,0.16666666666666666,0.08499999999999999,0.048081034471053594,0.048081034471053594
2020-03-31,2020-04-01,1,300750,1.4305263157894736,1.4305263157894736,0.16666666666666666,20,6,120,risk_controlled_core_satellite,0.16666666666666666,0.08499999999999999,0.034545258136102056,0.034545258136102056
2020-03-31,2020-04-01,2,002475,0.39020771513353125,0.39020771513353125,0.16666666666666666,20,6,120,risk_controlled_core_satellite,0.16666666666666666,0.08499999999999999,0.034545258136102056,0.034545258136102056
2020-03-31,2020-04-01,3,002594,0.28464419475655434,0.28464419475655434,0.16666666666666666,20,6,120,risk_controlled_core_satellite,0.16666666666666666,0.08499999999999999,0.034545258136102056,0.034545258136102056
2020-03-31,2020-04-01,4,601899,0.2777777777777779,0.2777777777777779,0.16666666666666666,20,6,120,risk_controlled_core_satellite,0.16666666666666666,0.08499999999999999,0.034545258136102056,0.034545258136102056
2020-03-31,2020-04-01,5,600276,0.13844476744186052,0.13844476744186052,0.16666666666666666,20,6,120,risk_controlled_core_satellite,0.16666666666666666,0.08499999999999999,0.034545258136102056,0.034545258136102056
2020-03-31,2020-04-01,6,600887,0.07526366251198469,0.07526366251198469,0.16666666666666666,20,6,120,risk_controlled_core_satellite,0.16666666666666666,0.08499999999999999,0.034545258136102056,0.034545258136102056
2020-04-30,2020-05-06,1,300750,2.278787878787879,2.278787878787879,0.16666666666666666,20,6,120,risk_controlled_core_satellite,0.16666666666666666,0.08499999999999999,0.038102481654780126,0.038102481654780126
2020-04-30,2020-05-06,2,002594,0.4737747205503009,0.4737747205503009,0.16666666666666666,20,6,120,risk_controlled_core_satellite,0.16666666666666666,0.08499999999999999,0.038102481654780126,0.038102481654780126
2020-04-30,2020-05-06,3,002475,0.4633638634471273,0.4633638634471273,0.16666666666666666,20,6,120,risk_controlled_core_satellite,0.16666666666666666,0.08499999999999999,0.038102481654780126,0.038102481654780126
2020-04-30,2020-05-06,4,601012,0.38636363636363624,0.38636363636363624,0.16666666666666666,20,6,120,risk_controlled_core_satellite,0.16666666666666666,0.08499999999999999,0.038102481654780126,0.038102481654780126
2020-04-30,2020-05-06,5,601899,0.2716049382716048,0.2716049382716048,0.16666666666666666,20,6,120,risk_controlled_core_satellite,0.16666666666666666,0.08499999999999999,0.038102481654780126,0.038102481654780126
2020-04-30,2020-05-06,6,600030,0.07098591549295774,0.07098591549295774,0.16666666666666666,20,6,120,risk_controlled_core_satellite,0.16666666666666666,0.08499999999999999,0.038102481654780126,0.038102481654780126
2020-05-29,2020-06-01,1,300750,1.1590093323761663,1.1590093323761663,0.16666666666666666,20,6,120,risk_controlled_core_satellite,0.16666666666666666,0.08499999999999999,0.04073865614766957,0.04073865614766957
2020-05-29,2020-06-01,2,601012,0.4209558823529411,0.4209558823529411,0.16666666666666666,20,6,120,risk_controlled_core_satellite,0.16666666666666666,0.08499999999999999,0.04073865614766957,0.04073865614766957
2020-05-29,2020-06-01,3,002594,0.4103896103896103,0.4103896103896103,0.16666666666666666,20,6,120,risk_controlled_core_satellite,0.16666666666666666,0.08499999999999999,0.04073865614766957,0.04073865614766957
2020-05-29,2020-06-01,4,002475,0.3101667990468626,0.3101667990468626,0.16666666666666666,20,6,120,risk_controlled_core_satellite,0.16666666666666666,0.08499999999999999,0.04073865614766957,0.04073865614766957
2020-05-29,2020-06-01,5,601888,0.23956131078224097,0.23956131078224097,0.16666666666666666,20,6,120,risk_controlled_core_satellite,0.16666666666666666,0.08499999999999999,0.04073865614766957,0.04073865614766957
2020-05-29,2020-06-01,6,600519,0.20817422043773326,0.20817422043773326,0.16666666666666666,20,6,120,risk_controlled_core_satellite,0.16666666666666666,0.08499999999999999,0.04073865614766957,0.04073865614766957
2020-06-30,2020-07-01,1,300750,1.023607427055703,1.023607427055703,0.16666666666666666,20,6,120,risk_controlled_core_satellite,0.16666666666666666,0.08499999999999999,0.06665322162569055,0.06665322162569055
2020-06-30,2020-07-01,2,002475,0.9329996149403159,0.9329996149403159,0.16666666666666666,20,6,120,risk_controlled_core_satellite,0.16666666666666666,0.08499999999999999,0.06665322162569055,0.06665322162569055
2020-06-30,2020-07-01,3,601888,0.8158285855833542,0.8158285855833542,0.16666666666666666,20,6,120,risk_controlled_core_satellite,0.16666666666666666,0.08499999999999999,0.06665322162569055,0.06665322162569055
2020-06-30,2020-07-01,4,601012,0.7392449517120279,0.7392449517120279,0.16666666666666666,20,6,120,risk_controlled_core_satellite,0.16666666666666666,0.08499999999999999,0.06665322162569055,0.06665322162569055
2020-06-30,2020-07-01,5,002594,0.6698337292161518,0.6698337292161518,0.16666666666666666,20,6,120,risk_controlled_core_satellite,0.16666666666666666,0.08499999999999999,0.06665322162569055,0.06665322162569055
2020-06-30,2020-07-01,6,000858,0.4472720071294187,0.4472720071294187,0.16666666666666666,20,6,120,risk_controlled_core_satellite,0.16666666666666666,0.08499999999999999,0.06665322162569055,0.06665322162569055
2020-07-31,2020-08-03,1,601888,2.220223494140093,2.220223494140093,0.16666666666666666,20,6,120,risk_controlled_core_satellite,0.16666666666666666,0.08499999999999999,0.04609568410156255,0.04609568410156255
2020-07-31,2020-08-03,2,000858,1.0930535927818243,1.0930535927818243,0.16666666666666666,20,6,120,risk_controlled_core_satellite,0.16666666666666666,0.08499999999999999,0.04609568410156255,0.04609568410156255
2020-07-31,2020-08-03,3,601012,0.9404019404019404,0.9404019404019404,0.16666666666666666,20,6,120,risk_controlled_core_satellite,0.16666666666666666,0.08499999999999999,0.04609568410156255,0.04609568410156255
2020-07-31,2020-08-03,4,601899,0.7982456140350878,0.7982456140350878,0.16666666666666666,20,6,120,risk_controlled_core_satellite,0.16666666666666666,0.08499999999999999,0.04609568410156255,0.04609568410156255
2020-07-31,2020-08-03,5,600519,0.7689777514967848,0.7689777514967848,0.16666666666666666,20,6,120,risk_controlled_core_satellite,0.16666666666666666,0.08499999999999999,0.04609568410156255,0.04609568410156255
2020-07-31,2020-08-03,6,002475,0.7400787640109059,0.7400787640109059,0.16666666666666666,20,6,120,risk_controlled_core_satellite,0.16666666666666666,0.08499999999999999,0.04609568410156255,0.04609568410156255
2020-08-31,2020-09-01,1,601888,1.653922214897825,1.653922214897825,0.16666666666666666,20,6,120,risk_controlled_core_satellite,0.16666666666666666,0.08499999999999999,0.04630624813081268,0.04630624813081268
2020-08-31,2020-09-01,2,601899,1.1501976284584985,1.1501976284584985,0.16666666666666666,20,6,120,risk_controlled_core_satellite,0.16666666666666666,0.08499999999999999,0.04630624813081268,0.04630624813081268
2020-08-31,2020-09-01,3,601012,1.1459904043865659,1.1459904043865659,0.16666666666666666,20,6,120,risk_controlled_core_satellite,0.16666666666666666,0.08499999999999999,0.04630624813081268,0.04630624813081268
2020-08-31,2020-09-01,4,000858,1.0895928481197164,1.0895928481197164,0.16666666666666666,20,6,120,risk_controlled_core_satellite,0.16666666666666666,0.08499999999999999,0.04630624813081268,0.04630624813081268
2020-08-31,2020-09-01,5,600519,0.7230540926537534,0.7230540926537534,0.16666666666666666,20,6,120,risk_controlled_core_satellite,0.16666666666666666,0.08499999999999999,0.04630624813081268,0.04630624813081268
2020-08-31,2020-09-01,6,300750,0.5934270709808571,0.5934270709808571,0.16666666666666666,20,6,120,risk_controlled_core_satellite,0.16666666666666666,0.08499999999999999,0.04630624813081268,0.04630624813081268
2020-09-30,2020-10-09,1,601888,2.1706744868035193,2.1706744868035193,0.16666666666666666,20,6,120,risk_controlled_core_satellite,0.16666666666666666,0.08499999999999999,0.047879893042465385,0.047879893042465385
2020-09-30,2020-10-09,2,601012,2.103161397670549,2.103161397670549,0.16666666666666666,20,6,120,risk_controlled_core_satellite,0.16666666666666666,0.08499999999999999,0.047879893042465385,0.047879893042465385
2020-09-30,2020-10-09,3,002594,1.3025641025641028,1.3025641025641028,0.16666666666666666,20,6,120,risk_controlled_core_satellite,0.16666666666666666,0.08499999999999999,0.047879893042465385,0.047879893042465385
2020-09-30,2020-10-09,4,601899,1.0952380952380953,1.0952380952380953,0.16666666666666666,20,6,120,risk_controlled_core_satellite,0.16666666666666666,0.08499999999999999,0.047879893042465385,0.047879893042465385
2020-09-30,2020-10-09,5,300750,1.007978165022045,1.007978165022045,0.16666666666666666,20,6,120,risk_controlled_core_satellite,0.16666666666666666,0.08499999999999999,0.047879893042465385,0.047879893042465385
2020-09-30,2020-10-09,6,000858,0.9979616795760291,0.9979616795760291,0.16666666666666666,20,6,120,risk_controlled_core_satellite,0.16666666666666666,0.08499999999999999,0.047879893042465385,0.047879893042465385
2020-10-30,2020-11-02,1,002594,1.94340723453909,1.94340723453909,0.16666666666666666,20,6,120,risk_controlled_core_satellite,0.16666666666666666,0.08499999999999999,0.06136990634450364,0.06136990634450364
2020-10-30,2020-11-02,2,601012,1.5881147540983607,1.5881147540983607,0.16666666666666666,20,6,120,risk_controlled_core_satellite,0.16666666666666666,0.08499999999999999,0.06136990634450364,0.06136990634450364
2020-10-30,2020-11-02,3,601899,1.5436893203883497,1.5436893203883497,0.16666666666666666,20,6,120,risk_controlled_core_satellite,0.16666666666666666,0.08499999999999999,0.06136990634450364,0.06136990634450364
2020-10-30,2020-11-02,4,601888,1.2973295183595615,1.2973295183595615,0.16666666666666666,20,6,120,risk_controlled_core_satellite,0.16666666666666666,0.08499999999999999,0.06136990634450364,0.06136990634450364
2020-10-30,2020-11-02,5,000858,1.0199797440383023,1.0199797440383023,0.16666666666666666,20,6,120,risk_controlled_core_satellite,0.16666666666666666,0.08499999999999999,0.06136990634450364,0.06136990634450364
2020-10-30,2020-11-02,6,600309,1.0178466939730835,1.0178466939730835,0.16666666666666666,20,6,120,risk_controlled_core_satellite,0.16666666666666666,0.08499999999999999,0.06136990634450364,0.06136990634450364
2020-11-30,2020-12-01,1,601899,2.625,2.625,0.16666666666666666,20,6,120,risk_controlled_core_satellite,0.16666666666666666,0.08499999999999999,0.06334996107667852,0.06334996107667852
2020-11-30,2020-12-01,2,002594,2.1850554582603623,2.1850554582603623,0.16666666666666666,20,6,120,risk_controlled_core_satellite,0.16666666666666666,0.08499999999999999,0.06334996107667852,0.06334996107667852
2020-11-30,2020-12-01,3,601012,1.2391874180865008,1.2391874180865008,0.16666666666666666,20,6,120,risk_controlled_core_satellite,0.16666666666666666,0.08499999999999999,0.06334996107667852,0.06334996107667852
2020-11-30,2020-12-01,4,601888,0.968130012663571,0.968130012663571,0.16666666666666666,20,6,120,risk_controlled_core_satellite,0.16666666666666666,0.08499999999999999,0.06334996107667852,0.06334996107667852
2020-11-30,2020-12-01,5,300750,0.8496763754045309,0.8496763754045309,0.16666666666666666,20,6,120,risk_controlled_core_satellite,0.16666666666666666,0.08499999999999999,0.06334996107667852,0.06334996107667852
2020-11-30,2020-12-01,6,600309,0.8160628325310364,0.8160628325310364,0.16666666666666666,20,6,120,risk_controlled_core_satellite,0.16666666666666666,0.08499999999999999,0.06334996107667852,0.06334996107667852
2020-12-31,2021-01-04,1,002594,1.5036378334680678,1.5036378334680678,0.16666666666666666,20,6,120,risk_controlled_core_satellite,0.16666666666666666,0.08499999999999999,0.06571112183036946,0.06571112183036946
2020-12-31,2021-01-04,2,601012,1.0460992907801416,1.0460992907801416,0.16666666666666666,20,6,120,risk_controlled_core_satellite,0.16666666666666666,0.08499999999999999,0.06571112183036946,0.06571112183036946
2020-12-31,2021-01-04,3,601899,1.0214477211796247,1.0214477211796247,0.16666666666666666,20,6,120,risk_controlled_core_satellite,0.16666666666666666,0.08499999999999999,0.06571112183036946,0.06571112183036946
2020-12-31,2021-01-04,4,300750,0.9564924871047318,0.9564924871047318,0.16666666666666666,20,6,120,risk_controlled_core_satellite,0.16666666666666666,0.08499999999999999,0.06571112183036946,0.06571112183036946
2020-12-31,2021-01-04,5,600309,0.7908611599297011,0.7908611599297011,0.16666666666666666,20,6,120,risk_controlled_core_satellite,0.16666666666666666,0.08499999999999999,0.06571112183036946,0.06571112183036946
2020-12-31,2021-01-04,6,000333,0.7236455270894582,0.7236455270894582,0.16666666666666666,20,6,120,risk_controlled_core_satellite,0.16666666666666666,0.08499999999999999,0.06571112183036946,0.06571112183036946
2021-01-29,2021-02-01,1,002594,1.995855312735494,1.995855312735494,0.16666666666666666,20,6,120,risk_controlled_core_satellite,0.16666666666666666,0.08499999999999999,0.05232100860335737,0.05232100860335737
2021-01-29,2021-02-01,2,601012,0.8890832750174948,0.8890832750174948,0.16666666666666666,20,6,120,risk_controlled_core_satellite,0.16666666666666666,0.08499999999999999,0.05232100860335737,0.05232100860335737
2021-01-29,2021-02-01,3,000001,0.8375224416517053,0.8375224416517053,0.16666666666666666,20,6,120,risk_controlled_core_satellite,0.16666666666666666,0.08499999999999999,0.05232100860335737,0.05232100860335737
2021-01-29,2021-02-01,4,601899,0.8298368298368297,0.8298368298368297,0.16666666666666666,20,6,120,risk_controlled_core_satellite,0.16666666666666666,0.08499999999999999,0.05232100860335737,0.05232100860335737
2021-01-29,2021-02-01,5,300750,0.8295596177814708,0.8295596177814708,0.16666666666666666,20,6,120,risk_controlled_core_satellite,0.16666666666666666,0.08499999999999999,0.05232100860335737,0.05232100860335737
2021-01-29,2021-02-01,6,600309,0.7341471685317058,0.7341471685317058,0.16666666666666666,20,6,120,risk_controlled_core_satellite,0.16666666666666666,0.08499999999999999,0.05232100860335737,0.05232100860335737
2021-02-26,2021-03-01,1,002594,1.5192153722978383,1.5192153722978383,0.16666666666666666,20,6,120,risk_controlled_core_satellite,0.16666666666666666,0.08499999999999999,0.04771696083886343,0.04771696083886343
2021-02-26,2021-03-01,2,601899,1.1841004184100417,1.1841004184100417,0.16666666666666666,20,6,120,risk_controlled_core_satellite,0.16666666666666666,0.08499999999999999,0.04771696083886343,0.04771696083886343
2021-02-26,2021-03-01,3,600309,1.02809364548495,1.02809364548495,0.16666666666666666,20,6,120,risk_controlled_core_satellite,0.16666666666666666,0.08499999999999999,0.04771696083886343,0.04771696083886343
2021-02-26,2021-03-01,4,601012,0.8447729672650475,0.8447729672650475,0.16666666666666666,20,6,120,risk_controlled_core_satellite,0.16666666666666666,0.08499999999999999,0.04771696083886343,0.04771696083886343
2021-02-26,2021-03-01,5,300750,0.8123999084877602,0.8123999084877602,0.16666666666666666,20,6,120,risk_controlled_core_satellite,0.16666666666666666,0.08499999999999999,0.04771696083886343,0.04771696083886343
2021-02-26,2021-03-01,6,000001,0.5965957446808512,0.5965957446808512,0.16666666666666666,20,6,120,risk_controlled_core_satellite,0.16666666666666666,0.08499999999999999,0.04771696083886343,0.04771696083886343
2021-03-31,2021-04-01,1,300750,0.8293105439427186,0.8293105439427186,0.16666666666666666,20,6,120,risk_controlled_core_satellite,0.16666666666666666,0.08499999999999999,0.03976888098753218,0.03976888098753218
2021-03-31,2021-04-01,2,601899,0.7725225225225223,0.7725225225225223,0.16666666666666666,20,6,120,risk_controlled_core_satellite,0.16666666666666666,0.08499999999999999,0.03976888098753218,0.03976888098753218
2021-03-31,2021-04-01,3,002415,0.6224424552429666,0.6224424552429666,0.16666666666666666,20,6,120,risk_controlled_core_satellite,0.16666666666666666,0.08499999999999999,0.03976888098753218,0.03976888098753218
2021-03-31,2021-04-01,4,002594,0.5934436274509802,0.5934436274509802,0.16666666666666666,20,6,120,risk_controlled_core_satellite,0.16666666666666666,0.08499999999999999,0.03976888098753218,0.03976888098753218
2021-03-31,2021-04-01,5,600309,0.5802631578947368,0.5802631578947368,0.16666666666666666,20,6,120,risk_controlled_core_satellite,0.16666666666666666,0.08499999999999999,0.03976888098753218,0.03976888098753218
2021-03-31,2021-04-01,6,000001,0.5279747832939323,0.5279747832939323,0.16666666666666666,20,6,120,risk_controlled_core_satellite,0.16666666666666666,0.08499999999999999,0.03976888098753218,0.03976888098753218
2021-04-30,2021-05-06,1,300750,0.6069692725924705,0.6069692725924705,0.16666666666666666,20,6,120,risk_controlled_core_satellite,0.16666666666666666,0.08499999999999999,0.04587723381226645,0.04587723381226645
2021-04-30,2021-05-06,2,601899,0.5675675675675675,0.5675675675675675,0.16666666666666666,20,6,120,risk_controlled_core_satellite,0.16666666666666666,0.08499999999999999,0.04587723381226645,0.04587723381226645
2021-04-30,2021-05-06,3,601888,0.5597506769529457,0.5597506769529457,0.16666666666666666,20,6,120,risk_controlled_core_satellite,0.16666666666666666,0.08499999999999999,0.04587723381226645,0.04587723381226645
2021-04-30,2021-05-06,4,601012,0.43478260869565233,0.43478260869565233,0.16666666666666666,20,6,120,risk_controlled_core_satellite,0.16666666666666666,0.08499999999999999,0.04587723381226645,0.04587723381226645
2021-04-30,2021-05-06,5,002415,0.39102099927588707,0.39102099927588707,0.16666666666666666,20,6,120,risk_controlled_core_satellite,0.16666666666666666,0.08499999999999999,0.04587723381226645,0.04587723381226645
2021-04-30,2021-05-06,6,000001,0.3165605095541404,0.3165605095541404,0.16666666666666666,20,6,120,risk_controlled_core_satellite,0.16666666666666666,0.08499999999999999,0.04587723381226645,0.04587723381226645
2021-05-31,2021-06-01,1,300750,0.9297524276091331,0.9297524276091331,0.16666666666666666,20,6,120,risk_controlled_core_satellite,0.16666666666666666,0.08499999999999999,0.04945745903261822,0.04945745903261822
2021-05-31,2021-06-01,2,601888,0.7576407506702414,0.7576407506702414,0.16666666666666666,20,6,120,risk_controlled_core_satellite,0.16666666666666666,0.08499999999999999,0.04945745903261822,0.04945745903261822
2021-05-31,2021-06-01,3,601012,0.4986830553116768,0.4986830553116768,0.16666666666666666,20,6,120,risk_controlled_core_satellite,0.16666666666666666,0.08499999999999999,0.04945745903261822,0.04945745903261822
2021-05-31,2021-06-01,4,002415,0.4864264560710758,0.4864264560710758,0.16666666666666666,20,6,120,risk_controlled_core_satellite,0.16666666666666666,0.08499999999999999,0.04945745903261822,0.04945745903261822
2021-05-31,2021-06-01,5,600036,0.4151335311572699,0.4151335311572699,0.16666666666666666,20,6,120,risk_controlled_core_satellite,0.16666666666666666,0.08499999999999999,0.04945745903261822,0.04945745903261822
2021-05-31,2021-06-01,6,600309,0.4029017857142856,0.4029017857142856,0.16666666666666666,20,6,120,risk_controlled_core_satellite,0.16666666666666666,0.08499999999999999,0.04945745903261822,0.04945745903261822
2021-06-30,2021-07-01,1,300750,0.8370424500099647,0.8370424500099647,0.16666666666666666,20,6,120,risk_controlled_core_satellite,0.16666666666666666,0.08499999999999999,0.06994020947805644,0.06994020947805644
2021-06-30,2021-07-01,2,002415,0.45079594790159194,0.45079594790159194,0.16666666666666666,20,6,120,risk_controlled_core_satellite,0.16666666666666666,0.08499999999999999,0.06994020947805644,0.06994020947805644
2021-06-30,2021-07-01,3,002594,0.4254981484746958,0.4254981484746958,0.16666666666666666,20,6,120,risk_controlled_core_satellite,0.16666666666666666,0.08499999999999999,0.06994020947805644,0.06994020947805644
2021-06-30,2021-07-01,4,601012,0.4179104477611941,0.4179104477611941,0.16666666666666666,20,6,120,risk_controlled_core_satellite,0.16666666666666666,0.08499999999999999,0.06994020947805644,0.06994020947805644
2021-06-30,2021-07-01,5,600036,0.35137643055985146,0.35137643055985146,0.16666666666666666,20,6,120,risk_controlled_core_satellite,0.16666666666666666,0.08499999999999999,0.06994020947805644,0.06994020947805644
2021-06-30,2021-07-01,6,600309,0.2601778779907302,0.2601778779907302,0.16666666666666666,20,6,120,risk_controlled_core_satellite,0.16666666666666666,0.08499999999999999,0.06994020947805644,0.06994020947805644
2021-07-30,2021-08-02,1,300750,0.6198126596650579,0.6198126596650579,0.16666666666666666,20,6,120,risk_controlled_core_satellite,0.16666666666666666,0.08499999999999999,0.042499999999999996,0.042499999999999996
2021-07-30,2021-08-02,2,601012,0.12280051861455821,0.12280051861455821,0.16666666666666666,20,6,120,risk_controlled_core_satellite,0.16666666666666666,0.08499999999999999,0.042499999999999996,0.042499999999999996
2021-07-30,2021-08-02,3,601899,0.09808917197452227,0.09808917197452227,0.16666666666666666,20,6,120,risk_controlled_core_satellite,0.16666666666666666,0.08499999999999999,0.042499999999999996,0.042499999999999996
2021-07-30,2021-08-02,4,002594,0.07420450257829203,0.07420450257829203,0.16666666666666666,20,6,120,risk_controlled_core_satellite,0.16666666666666666,0.08499999999999999,0.042499999999999996,0.042499999999999996
2021-07-30,2021-08-02,5,600309,0.03148220570981608,0.03148220570981608,0.16666666666666666,20,6,120,risk_controlled_core_satellite,0.16666666666666666,0.08499999999999999,0.042499999999999996,0.042499999999999996
2021-07-30,2021-08-02,6,600900,0.00137174211248281,0.00137174211248281,0.16666666666666666,20,6,120,risk_controlled_core_satellite,0.16666666666666666,0.08499999999999999,0.042499999999999996,0.042499999999999996
2021-08-31,2021-09-01,1,300750,0.7419399000616058,0.7419399000616058,0.16666666666666666,20,6,120,risk_controlled_core_satellite,0.16666666666666666,0.08499999999999999,0.042499999999999996,0.042499999999999996
2021-08-31,2021-09-01,2,002594,0.6563713704457186,0.6563713704457186,0.16666666666666666,20,6,120,risk_controlled_core_satellite,0.16666666666666666,0.08499999999999999,0.042499999999999996,0.042499999999999996
2021-08-31,2021-09-01,3,601012,0.5044079104121992,0.5044079104121992,0.16666666666666666,20,6,120,risk_controlled_core_satellite,0.16666666666666666,0.08499999999999999,0.042499999999999996,0.042499999999999996
2021-08-31,2021-09-01,4,600030,0.10415597742432015,0.10415597742432015,0.16666666666666666,20,6,120,risk_controlled_core_satellite,0.16666666666666666,0.08499999999999999,0.042499999999999996,0.042499999999999996
2021-08-31,2021-09-01,5,601899,0.05803571428571419,0.05803571428571419,0.16666666666666666,20,6,120,risk_controlled_core_satellite,0.16666666666666666,0.08499999999999999,0.042499999999999996,0.042499999999999996
2021-08-31,2021-09-01,6,600036,0.04499999999999993,0.04499999999999993,0.16666666666666666,20,6,120,risk_controlled_core_satellite,0.16666666666666666,0.08499999999999999,0.042499999999999996,0.042499999999999996
2021-09-30,2021-10-08,1,300750,0.7278625954198474,0.7278625954198474,0.16666666666666666,20,6,120,risk_controlled_core_satellite,0.16666666666666666,0.08499999999999999,0.042499999999999996,0.042499999999999996
2021-09-30,2021-10-08,2,002594,0.4842163559165591,0.4842163559165591,0.16666666666666666,20,6,120,risk_controlled_core_satellite,0.16666666666666666,0.08499999999999999,0.042499999999999996,0.042499999999999996
2021-09-30,2021-10-08,3,601012,0.30432832473648785,0.30432832473648785,0.16666666666666666,20,6,120,risk_controlled_core_satellite,0.16666666666666666,0.08499999999999999,0.042499999999999996,0.042499999999999996
2021-09-30,2021-10-08,4,600900,0.09794135995009356,0.09794135995009356,0.16666666666666666,20,6,120,risk_controlled_core_satellite,0.16666666666666666,0.08499999999999999,0.042499999999999996,0.042499999999999996
2021-09-30,2021-10-08,5,600030,0.07189873417721526,0.07189873417721526,0.16666666666666666,20,6,120,risk_controlled_core_satellite,0.16666666666666666,0.08499999999999999,0.042499999999999996,0.042499999999999996
2021-09-30,2021-10-08,6,002475,0.04020402040204041,0.04020402040204041,0.16666666666666666,20,6,120,risk_controlled_core_satellite,0.16666666666666666,0.08499999999999999,0.042499999999999996,0.042499999999999996
2021-10-29,2021-11-01,1,002594,0.9615459312487862,0.9615459312487862,0.16666666666666666,20,6,120,risk_controlled_core_satellite,0.16666666666666666,0.08499999999999999,0.042499999999999996,0.042499999999999996
2021-10-29,2021-11-01,2,300750,0.7566134788998531,0.7566134788998531,0.16666666666666666,20,6,120,risk_controlled_core_satellite,0.16666666666666666,0.08499999999999999,0.042499999999999996,0.042499999999999996
2021-10-29,2021-11-01,3,601012,0.46446000424358136,0.46446000424358136,0.16666666666666666,20,6,120,risk_controlled_core_satellite,0.16666666666666666,0.08499999999999999,0.042499999999999996,0.042499999999999996
2021-10-29,2021-11-01,4,600900,0.12109115103127088,0.12109115103127088,0.16666666666666666,20,6,120,risk_controlled_core_satellite,0.16666666666666666,0.08499999999999999,0.042499999999999996,0.042499999999999996
2021-10-29,2021-11-01,5,600030,0.11111111111111094,0.11111111111111094,0.16666666666666666,20,6,120,risk_controlled_core_satellite,0.16666666666666666,0.08499999999999999,0.042499999999999996,0.042499999999999996
2021-10-29,2021-11-01,6,002475,0.057367829021372385,0.057367829021372385,0.16666666666666666,20,6,120,risk_controlled_core_satellite,0.16666666666666666,0.08499999999999999,0.042499999999999996,0.042499999999999996
2021-11-30,2021-12-01,1,300750,0.7027877055039313,0.7027877055039313,0.16666666666666666,19,6,120,risk_controlled_core_satellite,0.16666666666666666,0.08684210526315789,0.043421052631578944,0.040046471671834935
2021-11-30,2021-12-01,2,002594,0.6892954856361151,0.6892954856361151,0.16666666666666666,19,6,120,risk_controlled_core_satellite,0.16666666666666666,0.08684210526315789,0.043421052631578944,0.040046471671834935
2021-11-30,2021-12-01,3,601012,0.27327141382868936,0.27327141382868936,0.16666666666666666,19,6,120,risk_controlled_core_satellite,0.16666666666666666,0.08684210526315789,0.043421052631578944,0.040046471671834935
2021-11-30,2021-12-01,4,002475,0.03290529695024058,0.03290529695024058,0.16666666666666666,19,6,120,risk_controlled_core_satellite,0.16666666666666666,0.08684210526315789,0.043421052631578944,0.040046471671834935
2021-11-30,2021-12-01,5,600887,0.014902676399026538,0.014902676399026538,0.16666666666666666,19,6,120,risk_controlled_core_satellite,0.16666666666666666,0.08684210526315789,0.043421052631578944,0.040046471671834935
2021-11-30,2021-12-01,6,600030,-0.04243008678881388,-0.04243008678881388,0.16666666666666666,19,6,120,risk_controlled_core_satellite,0.16666666666666666,0.08684210526315789,0.043421052631578944,0.040046471671834935
2021-12-31,2022-01-04,1,600887,0.21748036872652765,0.21748036872652765,0.16666666666666666,20,6,120,risk_controlled_core_satellite,0.16666666666666666,0.08499999999999999,0.042499999999999996,0.042499999999999996
2021-12-31,2022-01-04,2,600900,0.20315581854043385,0.20315581854043385,0.16666666666666666,20,6,120,risk_controlled_core_satellite,0.16666666666666666,0.08499999999999999,0.042499999999999996,0.042499999999999996
2021-12-31,2022-01-04,3,600030,0.1428571428571428,0.1428571428571428,0.16666666666666666,20,6,120,risk_controlled_core_satellite,0.16666666666666666,0.08499999999999999,0.042499999999999996,0.042499999999999996
2021-12-31,2022-01-04,4,002475,0.09033280507131525,0.09033280507131525,0.16666666666666666,20,6,120,risk_controlled_core_satellite,0.16666666666666666,0.08499999999999999,0.042499999999999996,0.042499999999999996
2021-12-31,2022-01-04,5,300750,0.08998362639709567,0.08998362639709567,0.16666666666666666,20,6,120,risk_controlled_core_satellite,0.16666666666666666,0.08499999999999999,0.042499999999999996,0.042499999999999996
2021-12-31,2022-01-04,6,000333,0.0615107913669064,0.0615107913669064,0.16666666666666666,20,6,120,risk_controlled_core_satellite,0.16666666666666666,0.08499999999999999,0.042499999999999996,0.042499999999999996
2022-01-28,2022-02-07,1,600900,0.20994475138121538,0.20994475138121538,0.16666666666666666,20,6,120,risk_controlled_core_satellite,0.16666666666666666,0.08499999999999999,0.042499999999999996,0.042499999999999996
2022-01-28,2022-02-07,2,002475,0.19926393270241838,0.19926393270241838,0.16666666666666666,20,6,120,risk_controlled_core_satellite,0.16666666666666666,0.08499999999999999,0.042499999999999996,0.042499999999999996
2022-01-28,2022-02-07,3,600030,0.14435146443514624,0.14435146443514624,0.16666666666666666,20,6,120,risk_controlled_core_satellite,0.16666666666666666,0.08499999999999999,0.042499999999999996,0.042499999999999996
2022-01-28,2022-02-07,4,300750,0.12464032052449459,0.12464032052449459,0.16666666666666666,20,6,120,risk_controlled_core_satellite,0.16666666666666666,0.08499999999999999,0.042499999999999996,0.042499999999999996
2022-01-28,2022-02-07,5,600519,0.09021462826593996,0.09021462826593996,0.16666666666666666,20,6,120,risk_controlled_core_satellite,0.16666666666666666,0.08499999999999999,0.042499999999999996,0.042499999999999996
2022-01-28,2022-02-07,6,600887,0.0868979454361738,0.0868979454361738,0.16666666666666666,20,6,120,risk_controlled_core_satellite,0.16666666666666666,0.08499999999999999,0.042499999999999996,0.042499999999999996
2022-02-28,2022-03-01,1,600900,0.2250489236790607,0.2250489236790607,0.16666666666666666,20,6,120,risk_controlled_core_satellite,0.16666666666666666,0.08499999999999999,0.042499999999999996,0.042499999999999996
2022-02-28,2022-03-01,2,600887,0.20990312163616776,0.20990312163616776,0.16666666666666666,20,6,120,risk_controlled_core_satellite,0.16666666666666666,0.08499999999999999,0.042499999999999996,0.042499999999999996
2022-02-28,2022-03-01,3,002475,0.17228982300884965,0.17228982300884965,0.16666666666666666,20,6,120,risk_controlled_core_satellite,0.16666666666666666,0.08499999999999999,0.042499999999999996,0.042499999999999996
2022-02-28,2022-03-01,4,600519,0.08694385887052047,0.08694385887052047,0.16666666666666666,20,6,120,risk_controlled_core_satellite,0.16666666666666666,0.08499999999999999,0.042499999999999996,0.042499999999999996
2022-02-28,2022-03-01,5,601899,0.07874015748031482,0.07874015748031482,0.16666666666666666,20,6,120,risk_controlled_core_satellite,0.16666666666666666,0.08499999999999999,0.042499999999999996,0.042499999999999996
2022-02-28,2022-03-01,6,601398,0.009646302250803984,0.009646302250803984,0.16666666666666666,20,6,120,risk_controlled_core_satellite,0.16666666666666666,0.08499999999999999,0.042499999999999996,0.042499999999999996
2022-03-31,2022-04-01,1,601899,0.15733015494636482,0.15733015494636482,0.16666666666666666,20,6,120,risk_controlled_core_satellite,0.16666666666666666,0.08499999999999999,0.042499999999999996,0.042499999999999996
2022-03-31,2022-04-01,2,601398,0.028481012658227778,0.028481012658227778,0.16666666666666666,20,6,120,risk_controlled_core_satellite,0.16666666666666666,0.08499999999999999,0.042499999999999996,0.042499999999999996
2022-03-31,2022-04-01,3,300750,0.021026592455163806,0.021026592455163806,0.16666666666666666,20,6,120,risk_controlled_core_satellite,0.16666666666666666,0.08499999999999999,0.042499999999999996,0.042499999999999996
2022-03-31,2022-04-01,4,601318,0.003530689842476953,0.003530689842476953,0.16666666666666666,20,6,120,risk_controlled_core_satellite,0.16666666666666666,0.08499999999999999,0.042499999999999996,0.042499999999999996
2022-03-31,2022-04-01,5,600900,-0.006772009029345272,-0.006772009029345272,0.16666666666666666,20,6,120,risk_controlled_core_satellite,0.16666666666666666,0.08499999999999999,0.042499999999999996,0.042499999999999996
2022-03-31,2022-04-01,6,600887,-0.025391849529780575,-0.025391849529780575,0.16666666666666666,20,6,120,risk_controlled_core_satellite,0.16666666666666666,0.08499999999999999,0.042499999999999996,0.042499999999999996
2022-04-29,2022-05-05,1,600900,0.1069486404833837,0.1069486404833837,0.16666666666666666,20,6,120,risk_controlled_core_satellite,0.16666666666666666,0.08499999999999999,0.042499999999999996,0.042499999999999996
2022-04-29,2022-05-05,2,601899,0.0976744186046512,0.0976744186046512,0.16666666666666666,20,6,120,risk_controlled_core_satellite,0.16666666666666666,0.08499999999999999,0.042499999999999996,0.042499999999999996
2022-04-29,2022-05-05,3,601398,0.04153354632587858,0.04153354632587858,0.16666666666666666,20,6,120,risk_controlled_core_satellite,0.16666666666666666,0.08499999999999999,0.042499999999999996,0.042499999999999996
2022-04-29,2022-05-05,4,600519,0.015009167351583752,0.015009167351583752,0.16666666666666666,20,6,120,risk_controlled_core_satellite,0.16666666666666666,0.08499999999999999,0.042499999999999996,0.042499999999999996
2022-04-29,2022-05-05,5,600887,-0.12130177514792895,-0.12130177514792895,0.16666666666666666,20,6,120,risk_controlled_core_satellite,0.16666666666666666,0.08499999999999999,0.042499999999999996,0.042499999999999996
2022-04-29,2022-05-05,6,601318,-0.14152168267982335,-0.14152168267982335,0.16666666666666666,20,6,120,risk_controlled_core_satellite,0.16666666666666666,0.08499999999999999,0.042499999999999996,0.042499999999999996
2022-05-31,2022-06-01,1,601398,0.026143790849673332,0.026143790849673332,0.16666666666666666,19,6,120,risk_controlled_core_satellite,0.16666666666666666,0.08499999999999999,0.042499999999999996,0.042499999999999996
2022-05-31,2022-06-01,2,601899,-0.022041763341067222,-0.022041763341067222,0.16666666666666666,19,6,120,risk_controlled_core_satellite,0.16666666666666666,0.08499999999999999,0.042499999999999996,0.042499999999999996
2022-05-31,2022-06-01,3,002594,-0.028872454665180736,-0.028872454665180736,0.16666666666666666,19,6,120,risk_controlled_core_satellite,0.16666666666666666,0.08499999999999999,0.042499999999999996,0.042499999999999996
2022-05-31,2022-06-01,4,600887,-0.05126694166175594,-0.05126694166175594,0.16666666666666666,19,6,120,risk_controlled_core_satellite,0.16666666666666666,0.08499999999999999,0.042499999999999996,0.042499999999999996
2022-05-31,2022-06-01,5,000651,-0.06492951730029894,-0.06492951730029894,0.16666666666666666,19,6,120,risk_controlled_core_satellite,0.16666666666666666,0.08499999999999999,0.042499999999999996,0.042499999999999996
2022-05-31,2022-06-01,6,600309,-0.09656602903894906,-0.09656602903894906,0.16666666666666666,19,6,120,risk_controlled_core_satellite,0.16666666666666666,0.08499999999999999,0.042499999999999996,0.042499999999999996
2022-06-30,2022-07-01,1,002594,0.23860130270826185,0.23860130270826185,0.16666666666666666,20,6,120,risk_controlled_core_satellite,0.16666666666666666,0.08499999999999999,0.042499999999999996,0.042499999999999996
2022-06-30,2022-07-01,2,601012,0.14906940337449992,0.14906940337449992,0.16666666666666666,20,6,120,risk_controlled_core_satellite,0.16666666666666666,0.08499999999999999,0.042499999999999996,0.042499999999999996
2022-06-30,2022-07-01,3,601888,0.04704635517463829,0.04704635517463829,0.16666666666666666,20,6,120,risk_controlled_core_satellite,0.16666666666666666,0.08499999999999999,0.042499999999999996,0.042499999999999996
2022-06-30,2022-07-01,4,600900,0.04173622704507518,0.04173622704507518,0.16666666666666666,20,6,120,risk_controlled_core_satellite,0.16666666666666666,0.08499999999999999,0.042499999999999996,0.042499999999999996
2022-06-30,2022-07-01,5,601398,0.028481012658227778,0.028481012658227778,0.16666666666666666,20,6,120,risk_controlled_core_satellite,0.16666666666666666,0.08499999999999999,0.042499999999999996,0.042499999999999996
2022-06-30,2022-07-01,6,601899,-0.022277227722772297,-0.022277227722772297,0.16666666666666666,20,6,120,risk_controlled_core_satellite,0.16666666666666666,0.08499999999999999,0.042499999999999996,0.042499999999999996
2022-07-29,2022-08-01,1,002594,0.3399871216999355,0.3399871216999355,0.16666666666666666,20,6,120,risk_controlled_core_satellite,0.16666666666666666,0.08499999999999999,0.042499999999999996,0.042499999999999996
2022-07-29,2022-08-01,2,601012,0.16256439610761309,0.16256439610761309,0.16666666666666666,20,6,120,risk_controlled_core_satellite,0.16666666666666666,0.08499999999999999,0.042499999999999996,0.042499999999999996
2022-07-29,2022-08-01,3,600900,0.12903225806451624,0.12903225806451624,0.16666666666666666,20,6,120,risk_controlled_core_satellite,0.16666666666666666,0.08499999999999999,0.042499999999999996,0.042499999999999996
2022-07-29,2022-08-01,4,601888,0.03888888888888875,0.03888888888888875,0.16666666666666666,20,6,120,risk_controlled_core_satellite,0.16666666666666666,0.08499999999999999,0.042499999999999996,0.042499999999999996
2022-07-29,2022-08-01,5,601398,-0.0031645569620254443,-0.0031645569620254443,0.16666666666666666,20,6,120,risk_controlled_core_satellite,0.16666666666666666,0.08499999999999999,0.042499999999999996,0.042499999999999996
2022-07-29,2022-08-01,6,600519,-0.025768343225835988,-0.025768343225835988,0.16666666666666666,20,6,120,risk_controlled_core_satellite,0.16666666666666666,0.08499999999999999,0.042499999999999996,0.042499999999999996
2022-08-31,2022-09-01,1,002594,0.34593736469909064,0.34593736469909064,0.16666666666666666,20,6,120,risk_controlled_core_satellite,0.16666666666666666,0.08499999999999999,0.042499999999999996,0.042499999999999996
2022-08-31,2022-09-01,2,600519,0.12577601191954302,0.12577601191954302,0.16666666666666666,20,6,120,risk_controlled_core_satellite,0.16666666666666666,0.08499999999999999,0.042499999999999996,0.042499999999999996
2022-08-31,2022-09-01,3,600900,0.0851063829787233,0.0851063829787233,0.16666666666666666,20,6,120,risk_controlled_core_satellite,0.16666666666666666,0.08499999999999999,0.042499999999999996,0.042499999999999996
2022-08-31,2022-09-01,4,600309,0.07304753270301778,0.07304753270301778,0.16666666666666666,20,6,120,risk_controlled_core_satellite,0.16666666666666666,0.08499999999999999,0.042499999999999996,0.042499999999999996
2022-08-31,2022-09-01,5,300750,0.06582681227964571,0.06582681227964571,0.16666666666666666,20,6,120,risk_controlled_core_satellite,0.16666666666666666,0.08499999999999999,0.042499999999999996,0.042499999999999996
2022-08-31,2022-09-01,6,601888,0.04080522306855272,0.04080522306855272,0.16666666666666666,20,6,120,risk_controlled_core_satellite,0.16666666666666666,0.08499999999999999,0.042499999999999996,0.042499999999999996
2022-09-30,2022-10-10,1,601888,0.22213125078725282,0.22213125078725282,0.16666666666666666,20,6,120,risk_controlled_core_satellite,0.16666666666666666,0.08499999999999999,0.042499999999999996,0.042499999999999996
2022-09-30,2022-10-10,2,000651,0.09940720474236198,0.09940720474236198,0.16666666666666666,20,6,120,risk_controlled_core_satellite,0.16666666666666666,0.08499999999999999,0.042499999999999996,0.042499999999999996
2022-09-30,2022-10-10,3,000858,0.08443672672020819,0.08443672672020819,0.16666666666666666,20,6,120,risk_controlled_core_satellite,0.16666666666666666,0.08499999999999999,0.042499999999999996,0.042499999999999996
2022-09-30,2022-10-10,4,600309,0.07571606475716064,0.07571606475716064,0.16666666666666666,20,6,120,risk_controlled_core_satellite,0.16666666666666666,0.08499999999999999,0.042499999999999996,0.042499999999999996
2022-09-30,2022-10-10,5,600519,0.07057384085172891,0.07057384085172891,0.16666666666666666,20,6,120,risk_controlled_core_satellite,0.16666666666666666,0.08499999999999999,0.042499999999999996,0.042499999999999996
2022-09-30,2022-10-10,6,600276,0.040290820963344576,0.040290820963344576,0.16666666666666666,20,6,120,risk_controlled_core_satellite,0.16666666666666666,0.08499999999999999,0.042499999999999996,0.042499999999999996
2022-10-31,2022-11-01,1,600276,0.37134909596662014,0.37134909596662014,0.16666666666666666,20,6,120,risk_controlled_core_satellite,0.16666666666666666,0.08499999999999999,0.042499999999999996,0.042499999999999996
2022-10-31,2022-11-01,2,300750,-0.007270218637231984,-0.007270218637231984,0.16666666666666666,20,6,120,risk_controlled_core_satellite,0.16666666666666666,0.08499999999999999,0.042499999999999996,0.042499999999999996
2022-10-31,2022-11-01,3,002594,-0.008358283433133717,-0.008358283433133717,0.16666666666666666,20,6,120,risk_controlled_core_satellite,0.16666666666666666,0.08499999999999999,0.042499999999999996,0.042499999999999996
2022-10-31,2022-11-01,4,600309,-0.017506910622614114,-0.017506910622614114,0.16666666666666666,20,6,120,risk_controlled_core_satellite,0.16666666666666666,0.08499999999999999,0.042499999999999996,0.042499999999999996
2022-10-31,2022-11-01,5,601012,-0.024284832270014545,-0.024284832270014545,0.16666666666666666,20,6,120,risk_controlled_core_satellite,0.16666666666666666,0.08499999999999999,0.042499999999999996,0.042499999999999996
2022-10-31,2022-11-01,6,002475,-0.04304061089899336,-0.04304061089899336,0.16666666666666666,20,6,120,risk_controlled_core_satellite,0.16666666666666666,0.08499999999999999,0.042499999999999996,0.042499999999999996
2022-11-30,2022-12-01,1,600276,0.2907168814007268,0.2907168814007268,0.16666666666666666,20,6,120,risk_controlled_core_satellite,0.16666666666666666,0.08499999999999999,0.042499999999999996,0.042499999999999996
2022-11-30,2022-12-01,2,000651,0.10212569316081344,0.10212569316081344,0.16666666666666666,20,6,120,risk_controlled_core_satellite,0.16666666666666666,0.08499999999999999,0.042499999999999996,0.042499999999999996
2022-11-30,2022-12-01,3,601318,0.09770290964777972,0.09770290964777972,0.16666666666666666,20,6,120,risk_controlled_core_satellite,0.16666666666666666,0.08499999999999999,0.042499999999999996,0.042499999999999996
2022-11-30,2022-12-01,4,601888,0.07917364600781696,0.07917364600781696,0.16666666666666666,20,6,120,risk_controlled_core_satellite,0.16666666666666666,0.08499999999999999,0.042499999999999996,0.042499999999999996
2022-11-30,2022-12-01,5,600309,0.07026060296372005,0.07026060296372005,0.16666666666666666,20,6,120,risk_controlled_core_satellite,0.16666666666666666,0.08499999999999999,0.042499999999999996,0.042499999999999996
2022-11-30,2022-12-01,6,600030,0.014376078205865506,0.014376078205865506,0.16666666666666666,20,6,120,risk_controlled_core_satellite,0.16666666666666666,0.08499999999999999,0.042499999999999996,0.042499999999999996
2022-12-30,2023-01-03,1,601899,0.12614980289093292,0.12614980289093292,0.16666666666666666,20,6,120,risk_controlled_core_satellite,0.16666666666666666,0.08499999999999999,0.042499999999999996,0.042499999999999996
2022-12-30,2023-01-03,2,601318,0.06462489463332388,0.06462489463332388,0.16666666666666666,20,6,120,risk_controlled_core_satellite,0.16666666666666666,0.08499999999999999,0.042499999999999996,0.042499999999999996
2022-12-30,2023-01-03,3,000651,0.06147722246793452,0.06147722246793452,0.16666666666666666,20,6,120,risk_controlled_core_satellite,0.16666666666666666,0.08499999999999999,0.042499999999999996,0.042499999999999996
2022-12-30,2023-01-03,4,601888,0.039860586127338005,0.039860586127338005,0.16666666666666666,20,6,120,risk_controlled_core_satellite,0.16666666666666666,0.08499999999999999,0.042499999999999996,0.042499999999999996
2022-12-30,2023-01-03,5,002415,0.02326343381389262,0.02326343381389262,0.16666666666666666,20,6,120,risk_controlled_core_satellite,0.16666666666666666,0.08499999999999999,0.042499999999999996,0.042499999999999996
2022-12-30,2023-01-03,6,600276,-0.003167062549485289,-0.003167062549485289,0.16666666666666666,20,6,120,risk_controlled_core_satellite,0.16666666666666666,0.08499999999999999,0.042499999999999996,0.042499999999999996
2023-01-31,2023-02-01,1,601899,0.3813333333333333,0.3813333333333333,0.16666666666666666,20,6,120,risk_controlled_core_satellite,0.16666666666666666,0.08499999999999999,0.06550165855993108,0.06550165855993108
2023-01-31,2023-02-01,2,601318,0.30395515415758334,0.30395515415758334,0.16666666666666666,20,6,120,risk_controlled_core_satellite,0.16666666666666666,0.08499999999999999,0.06550165855993108,0.06550165855993108
2023-01-31,2023-02-01,3,600036,0.2245793708851498,0.2245793708851498,0.16666666666666666,20,6,120,risk_controlled_core_satellite,0.16666666666666666,0.08499999999999999,0.06550165855993108,0.06550165855993108
2023-01-31,2023-02-01,4,000001,0.22063037249283646,0.22063037249283646,0.16666666666666666,20,6,120,risk_controlled_core_satellite,0.16666666666666666,0.08499999999999999,0.06550165855993108,0.06550165855993108
2023-01-31,2023-02-01,5,600276,0.20040544454097886,0.20040544454097886,0.16666666666666666,20,6,120,risk_controlled_core_satellite,0.16666666666666666,0.08499999999999999,0.06550165855993108,0.06550165855993108
2023-01-31,2023-02-01,6,000858,0.19239232945614582,0.19239232945614582,0.16666666666666666,20,6,120,risk_controlled_core_satellite,0.16666666666666666,0.08499999999999999,0.06550165855993108,0.06550165855993108
2023-02-28,2023-03-01,1,002415,0.3191087613293051,0.3191087613293051,0.16666666666666666,20,6,120,risk_controlled_core_satellite,0.16666666666666666,0.08499999999999999,0.07509015800451112,0.07509015800451112
2023-02-28,2023-03-01,2,601899,0.29274611398963746,0.29274611398963746,0.16666666666666666,20,6,120,risk_controlled_core_satellite,0.16666666666666666,0.08499999999999999,0.07509015800451112,0.07509015800451112
2023-02-28,2023-03-01,3,000651,0.29180027485112237,0.29180027485112237,0.16666666666666666,20,6,120,risk_controlled_core_satellite,0.16666666666666666,0.08499999999999999,0.07509015800451112,0.07509015800451112
2023-02-28,2023-03-01,4,600276,0.2566892090561601,0.2566892090561601,0.16666666666666666,20,6,120,risk_controlled_core_satellite,0.16666666666666666,0.08499999999999999,0.07509015800451112,0.07509015800451112
2023-02-28,2023-03-01,5,000858,0.22766169154228844,0.22766169154228844,0.16666666666666666,20,6,120,risk_controlled_core_satellite,0.16666666666666666,0.08499999999999999,0.07509015800451112,0.07509015800451112
2023-02-28,2023-03-01,6,600309,0.1879445449065702,0.1879445449065702,0.16666666666666666,20,6,120,risk_controlled_core_satellite,0.16666666666666666,0.08499999999999999,0.07509015800451112,0.07509015800451112
2023-03-31,2023-04-03,1,601899,0.7480063795853271,0.7480063795853271,0.16666666666666666,20,6,120,risk_controlled_core_satellite,0.16666666666666666,0.08499999999999999,0.08368205904857691,0.08368205904857691
2023-03-31,2023-04-03,2,002415,0.45437685459940647,0.45437685459940647,0.16666666666666666,20,6,120,risk_controlled_core_satellite,0.16666666666666666,0.08499999999999999,0.08368205904857691,0.08368205904857691
2023-03-31,2023-04-03,3,600276,0.22946506869336458,0.22946506869336458,0.16666666666666666,20,6,120,risk_controlled_core_satellite,0.16666666666666666,0.08499999999999999,0.08368205904857691,0.08368205904857691
2023-03-31,2023-04-03,4,000651,0.21460998761865446,0.21460998761865446,0.16666666666666666,20,6,120,risk_controlled_core_satellite,0.16666666666666666,0.08499999999999999,0.08368205904857691,0.08368205904857691
2023-03-31,2023-04-03,5,600030,0.202365308804205,0.202365308804205,0.16666666666666666,20,6,120,risk_controlled_core_satellite,0.16666666666666666,0.08499999999999999,0.08368205904857691,0.08368205904857691
2023-03-31,2023-04-03,6,000858,0.19100294985250743,0.19100294985250743,0.16666666666666666,20,6,120,risk_controlled_core_satellite,0.16666666666666666,0.08499999999999999,0.08368205904857691,0.08368205904857691
2023-04-28,2023-05-04,1,601899,0.6691068814055636,0.6691068814055636,0.16666666666666666,20,6,120,risk_controlled_core_satellite,0.16666666666666666,0.08499999999999999,0.08499999999999999,0.08499999999999999
2023-04-28,2023-05-04,2,601318,0.5090137857900319,0.5090137857900319,0.16666666666666666,20,6,120,risk_controlled_core_satellite,0.16666666666666666,0.08499999999999999,0.08499999999999999,0.08499999999999999
2023-04-28,2023-05-04,3,000651,0.5082430522845032,0.5082430522845032,0.16666666666666666,20,6,120,risk_controlled_core_satellite,0.16666666666666666,0.08499999999999999,0.08499999999999999,0.08499999999999999
2023-04-28,2023-05-04,4,000333,0.5075966850828728,0.5075966850828728,0.16666666666666666,20,6,120,risk_controlled_core_satellite,0.16666666666666666,0.08499999999999999,0.08499999999999999,0.08499999999999999
2023-04-28,2023-05-04,5,002415,0.3268858800773693,0.3268858800773693,0.16666666666666666,20,6,120,risk_controlled_core_satellite,0.16666666666666666,0.08499999999999999,0.08499999999999999,0.08499999999999999
2023-04-28,2023-05-04,6,600036,0.2503624939584339,0.2503624939584339,0.16666666666666666,20,6,120,risk_controlled_core_satellite,0.16666666666666666,0.08499999999999999,0.08499999999999999,0.08499999999999999
2023-05-31,2023-06-01,1,601398,0.17263843648208477,0.17263843648208477,0.16666666666666666,20,6,120,risk_controlled_core_satellite,0.16666666666666666,0.08499999999999999,0.042499999999999996,0.042499999999999996
2023-05-31,2023-06-01,2,600276,0.14640389045303293,0.14640389045303293,0.16666666666666666,20,6,120,risk_controlled_core_satellite,0.16666666666666666,0.08499999999999999,0.042499999999999996,0.042499999999999996
2023-05-31,2023-06-01,3,002415,0.14433357091945842,0.14433357091945842,0.16666666666666666,20,6,120,risk_controlled_core_satellite,0.16666666666666666,0.08499999999999999,0.042499999999999996,0.042499999999999996
2023-05-31,2023-06-01,4,601899,0.10238095238095224,0.10238095238095224,0.16666666666666666,20,6,120,risk_controlled_core_satellite,0.16666666666666666,0.08499999999999999,0.042499999999999996,0.042499999999999996
2023-05-31,2023-06-01,5,000333,0.09956834532374104,0.09956834532374104,0.16666666666666666,20,6,120,risk_controlled_core_satellite,0.16666666666666666,0.08499999999999999,0.042499999999999996,0.042499999999999996
2023-05-31,2023-06-01,6,000651,0.07589098532494742,0.07589098532494742,0.16666666666666666,20,6,120,risk_controlled_core_satellite,0.16666666666666666,0.08499999999999999,0.042499999999999996,0.042499999999999996
2023-06-30,2023-07-03,1,600276,0.2909388646288209,0.2909388646288209,0.16666666666666666,20,6,120,risk_controlled_core_satellite,0.16666666666666666,0.08499999999999999,0.042499999999999996,0.042499999999999996
2023-06-30,2023-07-03,2,000333,0.23940405856665814,0.23940405856665814,0.16666666666666666,20,6,120,risk_controlled_core_satellite,0.16666666666666666,0.08499999999999999,0.042499999999999996,0.042499999999999996
2023-06-30,2023-07-03,3,000651,0.20371134020618564,0.20371134020618564,0.16666666666666666,20,6,120,risk_controlled_core_satellite,0.16666666666666666,0.08499999999999999,0.042499999999999996,0.042499999999999996
2023-06-30,2023-07-03,4,601899,0.18319719953325553,0.18319719953325553,0.16666666666666666,20,6,120,risk_controlled_core_satellite,0.16666666666666666,0.08499999999999999,0.042499999999999996,0.042499999999999996
2023-06-30,2023-07-03,5,601398,0.1618122977346279,0.1618122977346279,0.16666666666666666,20,6,120,risk_controlled_core_satellite,0.16666666666666666,0.08499999999999999,0.042499999999999996,0.042499999999999996
2023-06-30,2023-07-03,6,600900,0.08133411351667652,0.08133411351667652,0.16666666666666666,20,6,120,risk_controlled_core_satellite,0.16666666666666666,0.08499999999999999,0.042499999999999996,0.042499999999999996
2023-07-31,2023-08-01,1,601398,0.25407166123778513,0.25407166123778513,0.16666666666666666,20,6,120,risk_controlled_core_satellite,0.16666666666666666,0.08499999999999999,0.08377527418847427,0.08377527418847427
2023-07-31,2023-08-01,2,000333,0.21050012440905697,0.21050012440905697,0.16666666666666666,20,6,120,risk_controlled_core_satellite,0.16666666666666666,0.08499999999999999,0.08377527418847427,0.08377527418847427
2023-07-31,2023-08-01,3,000651,0.1918119787717969,0.1918119787717969,0.16666666666666666,20,6,120,risk_controlled_core_satellite,0.16666666666666666,0.08499999999999999,0.08377527418847427,0.08377527418847427
2023-07-31,2023-08-01,4,600030,0.14285714285714302,0.14285714285714302,0.16666666666666666,20,6,120,risk_controlled_core_satellite,0.16666666666666666,0.08499999999999999,0.08377527418847427,0.08377527418847427
2023-07-31,2023-08-01,5,601899,0.13051823416506703,0.13051823416506703,0.16666666666666666,20,6,120,risk_controlled_core_satellite,0.16666666666666666,0.08499999999999999,0.08377527418847427,0.08377527418847427
2023-07-31,2023-08-01,6,601318,0.11064460360582862,0.11064460360582862,0.16666666666666666,20,6,120,risk_controlled_core_satellite,0.16666666666666666,0.08499999999999999,0.08377527418847427,0.08377527418847427
2023-08-31,2023-09-01,1,000333,0.1702833801378607,0.1702833801378607,0.16666666666666666,20,6,120,risk_controlled_core_satellite,0.16666666666666666,0.08499999999999999,0.042499999999999996,0.042499999999999996
2023-08-31,2023-09-01,2,601398,0.1671924290220821,0.1671924290220821,0.16666666666666666,20,6,120,risk_controlled_core_satellite,0.16666666666666666,0.08499999999999999,0.042499999999999996,0.042499999999999996
2023-08-31,2023-09-01,3,002475,0.14184397163120588,0.14184397163120588,0.16666666666666666,20,6,120,risk_controlled_core_satellite,0.16666666666666666,0.08499999999999999,0.042499999999999996,0.042499999999999996
2023-08-31,2023-09-01,4,600030,0.12816281628162818,0.12816281628162818,0.16666666666666666,20,6,120,risk_controlled_core_satellite,0.16666666666666666,0.08499999999999999,0.042499999999999996,0.042499999999999996
2023-08-31,2023-09-01,5,600900,0.11047180667433842,0.11047180667433842,0.16666666666666666,20,6,120,risk_controlled_core_satellite,0.16666666666666666,0.08499999999999999,0.042499999999999996,0.042499999999999996
2023-08-31,2023-09-01,6,601899,0.08797653958944274,0.08797653958944274,0.16666666666666666,20,6,120,risk_controlled_core_satellite,0.16666666666666666,0.08499999999999999,0.042499999999999996,0.042499999999999996
2023-09-28,2023-10-09,1,601398,0.1393939393939394,0.1393939393939394,0.16666666666666666,20,6,120,risk_controlled_core_satellite,0.16666666666666666,0.08499999999999999,0.042499999999999996,0.042499999999999996
2023-09-28,2023-10-09,2,601318,0.13066444259104815,0.13066444259104815,0.16666666666666666,20,6,120,risk_controlled_core_satellite,0.16666666666666666,0.08499999999999999,0.042499999999999996,0.042499999999999996
2023-09-28,2023-10-09,3,600900,0.10556186152099878,0.10556186152099878,0.16666666666666666,20,6,120,risk_controlled_core_satellite,0.16666666666666666,0.08499999999999999,0.042499999999999996,0.042499999999999996
2023-09-28,2023-10-09,4,000333,0.09559902200489012,0.09559902200489012,0.16666666666666666,20,6,120,risk_controlled_core_satellite,0.16666666666666666,0.08499999999999999,0.042499999999999996,0.042499999999999996
2023-09-28,2023-10-09,5,600030,0.06734366648850876,0.06734366648850876,0.16666666666666666,20,6,120,risk_controlled_core_satellite,0.16666666666666666,0.08499999999999999,0.042499999999999996,0.042499999999999996
2023-09-28,2023-10-09,6,600276,0.05521180390290348,0.05521180390290348,0.16666666666666666,20,6,120,risk_controlled_core_satellite,0.16666666666666666,0.08499999999999999,0.042499999999999996,0.042499999999999996
2023-10-31,2023-11-01,1,002475,0.29485621709194,0.29485621709194,0.16666666666666666,20,6,120,risk_controlled_core_satellite,0.16666666666666666,0.08499999999999999,0.042499999999999996,0.042499999999999996
2023-10-31,2023-11-01,2,600030,0.04871660555264534,0.04871660555264534,0.16666666666666666,20,6,120,risk_controlled_core_satellite,0.16666666666666666,0.08499999999999999,0.042499999999999996,0.042499999999999996
2023-10-31,2023-11-01,3,600900,0.043730242360379146,0.043730242360379146,0.16666666666666666,20,6,120,risk_controlled_core_satellite,0.16666666666666666,0.08499999999999999,0.042499999999999996,0.042499999999999996
2023-10-31,2023-11-01,4,601398,0.024193548387096753,0.024193548387096753,0.16666666666666666,20,6,120,risk_controlled_core_satellite,0.16666666666666666,0.08499999999999999,0.042499999999999996,0.042499999999999996
2023-10-31,2023-11-01,5,600309,0.0041503616743745475,0.0041503616743745475,0.16666666666666666,20,6,120,risk_controlled_core_satellite,0.16666666666666666,0.08499999999999999,0.042499999999999996,0.042499999999999996
2023-10-31,2023-11-01,6,002415,-0.001481481481481417,-0.001481481481481417,0.16666666666666666,20,6,120,risk_controlled_core_satellite,0.16666666666666666,0.08499999999999999,0.042499999999999996,0.042499999999999996
2023-11-30,2023-12-01,1,002475,0.1316557257476294,0.1316557257476294,0.16666666666666666,20,6,120,risk_controlled_core_satellite,0.16666666666666666,0.08499999999999999,0.042499999999999996,0.042499999999999996
2023-11-30,2023-12-01,2,601899,0.11167512690355319,0.11167512690355319,0.16666666666666666,20,6,120,risk_controlled_core_satellite,0.16666666666666666,0.08499999999999999,0.042499999999999996,0.042499999999999996
2023-11-30,2023-12-01,3,600030,0.10886644219977559,0.10886644219977559,0.16666666666666666,20,6,120,risk_controlled_core_satellite,0.16666666666666666,0.08499999999999999,0.042499999999999996,0.042499999999999996
2023-11-30,2023-12-01,4,600519,0.10258878328531806,0.10258878328531806,0.16666666666666666,20,6,120,risk_controlled_core_satellite,0.16666666666666666,0.08499999999999999,0.042499999999999996,0.042499999999999996
2023-11-30,2023-12-01,5,600900,0.06359300476947527,0.06359300476947527,0.16666666666666666,20,6,120,risk_controlled_core_satellite,0.16666666666666666,0.08499999999999999,0.042499999999999996,0.042499999999999996
2023-11-30,2023-12-01,6,601398,0.04289544235924936,0.04289544235924936,0.16666666666666666,20,6,120,risk_controlled_core_satellite,0.16666666666666666,0.08499999999999999,0.042499999999999996,0.042499999999999996
2023-12-29,2024-01-02,1,600900,0.1172638436482083,0.1172638436482083,0.16666666666666666,20,6,120,risk_controlled_core_satellite,0.16666666666666666,0.08499999999999999,0.042499999999999996,0.042499999999999996
2023-12-29,2024-01-02,2,601398,0.09039548022598876,0.09039548022598876,0.16666666666666666,20,6,120,risk_controlled_core_satellite,0.16666666666666666,0.08499999999999999,0.042499999999999996,0.042499999999999996
2023-12-29,2024-01-02,3,601899,0.08670520231213863,0.08670520231213863,0.16666666666666666,20,6,120,risk_controlled_core_satellite,0.16666666666666666,0.08499999999999999,0.042499999999999996,0.042499999999999996
2023-12-29,2024-01-02,4,600030,0.045327364297705675,0.045327364297705675,0.16666666666666666,20,6,120,risk_controlled_core_satellite,0.16666666666666666,0.08499999999999999,0.042499999999999996,0.042499999999999996
2023-12-29,2024-01-02,5,002475,0.036979969183358774,0.036979969183358774,0.16666666666666666,20,6,120,risk_controlled_core_satellite,0.16666666666666666,0.08499999999999999,0.042499999999999996,0.042499999999999996
2023-12-29,2024-01-02,6,600519,0.02718888953424603,0.02718888953424603,0.16666666666666666,20,6,120,risk_controlled_core_satellite,0.16666666666666666,0.08499999999999999,0.042499999999999996,0.042499999999999996
2024-01-31,2024-02-01,1,600900,0.12943632567849694,0.12943632567849694,0.16666666666666666,20,6,120,risk_controlled_core_satellite,0.16666666666666666,0.08499999999999999,0.042499999999999996,0.042499999999999996
2024-01-31,2024-02-01,2,601398,0.12137203166226906,0.12137203166226906,0.16666666666666666,20,6,120,risk_controlled_core_satellite,0.16666666666666666,0.08499999999999999,0.042499999999999996,0.042499999999999996
2024-01-31,2024-02-01,3,000333,0.00783732260114367,0.00783732260114367,0.16666666666666666,20,6,120,risk_controlled_core_satellite,0.16666666666666666,0.08499999999999999,0.042499999999999996,0.042499999999999996
2024-01-31,2024-02-01,4,600887,-0.04195804195804198,-0.04195804195804198,0.16666666666666666,20,6,120,risk_controlled_core_satellite,0.16666666666666666,0.08499999999999999,0.042499999999999996,0.042499999999999996
2024-01-31,2024-02-01,5,600276,-0.043602387749805294,-0.043602387749805294,0.16666666666666666,20,6,120,risk_controlled_core_satellite,0.16666666666666666,0.08499999999999999,0.042499999999999996,0.042499999999999996
2024-01-31,2024-02-01,6,000651,-0.05857468272046862,-0.05857468272046862,0.16666666666666666,20,6,120,risk_controlled_core_satellite,0.16666666666666666,0.08499999999999999,0.042499999999999996,0.042499999999999996
2024-02-29,2024-03-01,1,000651,0.16022686990428903,0.16022686990428903,0.16666666666666666,20,6,120,risk_controlled_core_satellite,0.16666666666666666,0.08499999999999999,0.042499999999999996,0.042499999999999996
2024-02-29,2024-03-01,2,601398,0.15748031496062986,0.15748031496062986,0.16666666666666666,20,6,120,risk_controlled_core_satellite,0.16666666666666666,0.08499999999999999,0.042499999999999996,0.042499999999999996
2024-02-29,2024-03-01,3,600900,0.15134297520661155,0.15134297520661155,0.16666666666666666,20,6,120,risk_controlled_core_satellite,0.16666666666666666,0.08499999999999999,0.042499999999999996,0.042499999999999996
2024-02-29,2024-03-01,4,000333,0.14222906133216084,0.14222906133216084,0.16666666666666666,20,6,120,risk_controlled_core_satellite,0.16666666666666666,0.08499999999999999,0.042499999999999996,0.042499999999999996
2024-02-29,2024-03-01,5,601899,0.0934922089825847,0.0934922089825847,0.16666666666666666,20,6,120,risk_controlled_core_satellite,0.16666666666666666,0.08499999999999999,0.042499999999999996,0.042499999999999996
2024-02-29,2024-03-01,6,600887,0.0664639443961772,0.0664639443961772,0.16666666666666666,20,6,120,risk_controlled_core_satellite,0.16666666666666666,0.08499999999999999,0.042499999999999996,0.042499999999999996
2024-03-29,2024-04-01,1,601899,0.3695271453590194,0.3695271453590194,0.16666666666666666,20,6,120,risk_controlled_core_satellite,0.16666666666666666,0.08499999999999999,0.042499999999999996,0.042499999999999996
2024-03-29,2024-04-01,2,000333,0.1813368630046326,0.1813368630046326,0.16666666666666666,20,6,120,risk_controlled_core_satellite,0.16666666666666666,0.08499999999999999,0.042499999999999996,0.042499999999999996
2024-03-29,2024-04-01,3,601398,0.1534391534391535,0.1534391534391535,0.16666666666666666,20,6,120,risk_controlled_core_satellite,0.16666666666666666,0.08499999999999999,0.042499999999999996,0.042499999999999996
2024-03-29,2024-04-01,4,600900,0.12824427480916056,0.12824427480916056,0.16666666666666666,20,6,120,risk_controlled_core_satellite,0.16666666666666666,0.08499999999999999,0.042499999999999996,0.042499999999999996
2024-03-29,2024-04-01,5,000651,0.09130003307972223,0.09130003307972223,0.16666666666666666,20,6,120,risk_controlled_core_satellite,0.16666666666666666,0.08499999999999999,0.042499999999999996,0.042499999999999996
2024-03-29,2024-04-01,6,600887,0.04919460165433187,0.04919460165433187,0.16666666666666666,20,6,120,risk_controlled_core_satellite,0.16666666666666666,0.08499999999999999,0.042499999999999996,0.042499999999999996
2024-04-30,2024-05-06,1,601899,0.4977210574293527,0.4977210574293527,0.16666666666666666,20,6,120,risk_controlled_core_satellite,0.16666666666666666,0.08499999999999999,0.08499999999999999,0.08499999999999999
2024-04-30,2024-05-06,2,000333,0.39607935758148316,0.39607935758148316,0.16666666666666666,20,6,120,risk_controlled_core_satellite,0.16666666666666666,0.08499999999999999,0.08499999999999999,0.08499999999999999
2024-04-30,2024-05-06,3,000651,0.3008720930232558,0.3008720930232558,0.16666666666666666,20,6,120,risk_controlled_core_satellite,0.16666666666666666,0.08499999999999999,0.08499999999999999,0.08499999999999999
2024-04-30,2024-05-06,4,601398,0.17142857142857126,0.17142857142857126,0.16666666666666666,20,6,120,risk_controlled_core_satellite,0.16666666666666666,0.08499999999999999,0.08499999999999999,0.08499999999999999
2024-04-30,2024-05-06,5,600036,0.15780866721177422,0.15780866721177422,0.16666666666666666,20,6,120,risk_controlled_core_satellite,0.16666666666666666,0.08499999999999999,0.08499999999999999,0.08499999999999999
2024-04-30,2024-05-06,6,600900,0.15728643216080407,0.15728643216080407,0.16666666666666666,20,6,120,risk_controlled_core_satellite,0.16666666666666666,0.08499999999999999,0.08499999999999999,0.08499999999999999
2024-05-31,2024-06-03,1,601899,0.4862637362637363,0.4862637362637363,0.16666666666666666,20,6,120,risk_controlled_core_satellite,0.16666666666666666,0.08499999999999999,0.08499999999999998,0.08499999999999998
2024-05-31,2024-06-03,2,000333,0.38050314465408785,0.38050314465408785,0.16666666666666666,20,6,120,risk_controlled_core_satellite,0.16666666666666666,0.08499999999999999,0.08499999999999998,0.08499999999999998
2024-05-31,2024-06-03,3,000651,0.2944277108433737,0.2944277108433737,0.16666666666666666,20,6,120,risk_controlled_core_satellite,0.16666666666666666,0.08499999999999999,0.08499999999999998,0.08499999999999998
2024-05-31,2024-06-03,4,300750,0.24250809935205186,0.24250809935205186,0.16666666666666666,20,6,120,risk_controlled_core_satellite,0.16666666666666666,0.08499999999999999,0.08499999999999998,0.08499999999999998
2024-05-31,2024-06-03,5,600036,0.24024550635686115,0.24024550635686115,0.16666666666666666,20,6,120,risk_controlled_core_satellite,0.16666666666666666,0.08499999999999999,0.08499999999999998,0.08499999999999998
2024-05-31,2024-06-03,6,600900,0.2106598984771575,0.2106598984771575,0.16666666666666666,20,6,120,risk_controlled_core_satellite,0.16666666666666666,0.08499999999999999,0.08499999999999998,0.08499999999999998
2024-06-28,2024-07-01,1,601899,0.5081818181818181,0.5081818181818181,0.16666666666666666,20,6,120,risk_controlled_core_satellite,0.16666666666666666,0.08499999999999999,0.04249999999999999,0.04249999999999999
2024-06-28,2024-07-01,2,000333,0.3484452883930691,0.3484452883930691,0.16666666666666666,20,6,120,risk_controlled_core_satellite,0.16666666666666666,0.08499999999999999,0.04249999999999999,0.04249999999999999
2024-06-28,2024-07-01,3,600036,0.3251879699248119,0.3251879699248119,0.16666666666666666,20,6,120,risk_controlled_core_satellite,0.16666666666666666,0.08499999999999999,0.04249999999999999,0.04249999999999999
2024-06-28,2024-07-01,4,002594,0.31676413255360614,0.31676413255360614,0.16666666666666666,20,6,120,risk_controlled_core_satellite,0.16666666666666666,0.08499999999999999,0.04249999999999999,0.04249999999999999
2024-06-28,2024-07-01,5,000651,0.29273084479371314,0.29273084479371314,0.16666666666666666,20,6,120,risk_controlled_core_satellite,0.16666666666666666,0.08499999999999999,0.04249999999999999,0.04249999999999999
2024-06-28,2024-07-01,6,600900,0.2595089070775156,0.2595089070775156,0.16666666666666666,20,6,120,risk_controlled_core_satellite,0.16666666666666666,0.08499999999999999,0.04249999999999999,0.04249999999999999
2024-07-31,2024-08-01,1,002475,0.4313353566009104,0.4313353566009104,0.16666666666666666,20,6,120,risk_controlled_core_satellite,0.16666666666666666,0.08499999999999999,0.042499999999999996,0.042499999999999996
2024-07-31,2024-08-01,2,002594,0.41859243697479,0.41859243697479,0.16666666666666666,20,6,120,risk_controlled_core_satellite,0.16666666666666666,0.08499999999999999,0.042499999999999996,0.042499999999999996
2024-07-31,2024-08-01,3,601899,0.41048824593128375,0.41048824593128375,0.16666666666666666,20,6,120,risk_controlled_core_satellite,0.16666666666666666,0.08499999999999999,0.042499999999999996,0.042499999999999996
2024-07-31,2024-08-01,4,300750,0.3452816956284577,0.3452816956284577,0.16666666666666666,20,6,120,risk_controlled_core_satellite,0.16666666666666666,0.08499999999999999,0.042499999999999996,0.042499999999999996
2024-07-31,2024-08-01,5,600900,0.29800092980009296,0.29800092980009296,0.16666666666666666,20,6,120,risk_controlled_core_satellite,0.16666666666666666,0.08499999999999999,0.042499999999999996,0.042499999999999996
2024-07-31,2024-08-01,6,601398,0.233490566037736,0.233490566037736,0.16666666666666666,20,6,120,risk_controlled_core_satellite,0.16666666666666666,0.08499999999999999,0.042499999999999996,0.042499999999999996
2024-08-30,2024-09-02,1,002475,0.4753601213040184,0.4753601213040184,0.16666666666666666,20,6,120,risk_controlled_core_satellite,0.16666666666666666,0.08499999999999999,0.042499999999999996,0.042499999999999996
2024-08-30,2024-09-02,2,002594,0.34994225375350596,0.34994225375350596,0.16666666666666666,20,6,120,risk_controlled_core_satellite,0.16666666666666666,0.08499999999999999,0.042499999999999996,0.042499999999999996
2024-08-30,2024-09-02,3,300750,0.206489466987134,0.206489466987134,0.16666666666666666,20,6,120,risk_controlled_core_satellite,0.16666666666666666,0.08499999999999999,0.042499999999999996,0.042499999999999996
2024-08-30,2024-09-02,4,601398,0.2017937219730943,0.2017937219730943,0.16666666666666666,20,6,120,risk_controlled_core_satellite,0.16666666666666666,0.08499999999999999,0.042499999999999996,0.042499999999999996
2024-08-30,2024-09-02,5,600900,0.18582541054451163,0.18582541054451163,0.16666666666666666,20,6,120,risk_controlled_core_satellite,0.16666666666666666,0.08499999999999999,0.042499999999999996,0.042499999999999996
2024-08-30,2024-09-02,6,601899,0.1158671586715867,0.1158671586715867,0.16666666666666666,20,6,120,risk_controlled_core_satellite,0.16666666666666666,0.08499999999999999,0.042499999999999996,0.042499999999999996
2024-09-30,2024-10-08,1,002475,0.5364806866952789,0.5364806866952789,0.16666666666666666,20,6,120,risk_controlled_core_satellite,0.16666666666666666,0.08499999999999999,0.0603533615608352,0.0603533615608352
2024-09-30,2024-10-08,2,601318,0.534773601657295,0.534773601657295,0.16666666666666666,20,6,120,risk_controlled_core_satellite,0.16666666666666666,0.08499999999999999,0.0603533615608352,0.0603533615608352
2024-09-30,2024-10-08,3,002594,0.5084290616142026,0.5084290616142026,0.16666666666666666,20,6,120,risk_controlled_core_satellite,0.16666666666666666,0.08499999999999999,0.0603533615608352,0.0603533615608352
2024-09-30,2024-10-08,4,600030,0.4871207784773899,0.4871207784773899,0.16666666666666666,20,6,120,risk_controlled_core_satellite,0.16666666666666666,0.08499999999999999,0.0603533615608352,0.0603533615608352
2024-09-30,2024-10-08,5,300750,0.331135449262405,0.331135449262405,0.16666666666666666,20,6,120,risk_controlled_core_satellite,0.16666666666666666,0.08499999999999999,0.0603533615608352,0.0603533615608352
2024-09-30,2024-10-08,6,600900,0.2965867158671587,0.2965867158671587,0.16666666666666666,20,6,120,risk_controlled_core_satellite,0.16666666666666666,0.08499999999999999,0.0603533615608352,0.0603533615608352
2024-10-31,2024-11-01,1,600030,0.5353881278538812,0.5353881278538812,0.16666666666666666,20,6,120,risk_controlled_core_satellite,0.16666666666666666,0.08499999999999999,0.045761040055376644,0.045761040055376644
2024-10-31,2024-11-01,2,601318,0.44270542202347674,0.44270542202347674,0.16666666666666666,20,6,120,risk_controlled_core_satellite,0.16666666666666666,0.08499999999999999,0.045761040055376644,0.045761040055376644
2024-10-31,2024-11-01,3,002475,0.38191454123882074,0.38191454123882074,0.16666666666666666,20,6,120,risk_controlled_core_satellite,0.16666666666666666,0.08499999999999999,0.045761040055376644,0.045761040055376644
2024-10-31,2024-11-01,4,002594,0.31923918992884515,0.31923918992884515,0.16666666666666666,20,6,120,risk_controlled_core_satellite,0.16666666666666666,0.08499999999999999,0.045761040055376644,0.045761040055376644
2024-10-31,2024-11-01,5,601398,0.21797752808988768,0.21797752808988768,0.16666666666666666,20,6,120,risk_controlled_core_satellite,0.16666666666666666,0.08499999999999999,0.045761040055376644,0.045761040055376644
2024-10-31,2024-11-01,6,300750,0.2017484868863484,0.2017484868863484,0.16666666666666666,20,6,120,risk_controlled_core_satellite,0.16666666666666666,0.08499999999999999,0.045761040055376644,0.045761040055376644
2024-11-29,2024-12-02,1,600030,0.7504445761707172,0.7504445761707172,0.16666666666666666,20,6,120,risk_controlled_core_satellite,0.16666666666666666,0.08499999999999999,0.043407238336310355,0.043407238336310355
2024-11-29,2024-12-02,2,601318,0.338894967177243,0.338894967177243,0.16666666666666666,20,6,120,risk_controlled_core_satellite,0.16666666666666666,0.08499999999999999,0.043407238336310355,0.043407238336310355
2024-11-29,2024-12-02,3,300750,0.28741549661986476,0.28741549661986476,0.16666666666666666,20,6,120,risk_controlled_core_satellite,0.16666666666666666,0.08499999999999999,0.043407238336310355,0.043407238336310355
2024-11-29,2024-12-02,4,601398,0.2153846153846155,0.2153846153846155,0.16666666666666666,20,6,120,risk_controlled_core_satellite,0.16666666666666666,0.08499999999999999,0.043407238336310355,0.043407238336310355
2024-11-29,2024-12-02,5,002475,0.19574068274350132,0.19574068274350132,0.16666666666666666,20,6,120,risk_controlled_core_satellite,0.16666666666666666,0.08499999999999999,0.043407238336310355,0.043407238336310355
2024-11-29,2024-12-02,6,002594,0.1721407243930937,0.1721407243930937,0.16666666666666666,20,6,120,risk_controlled_core_satellite,0.16666666666666666,0.08499999999999999,0.043407238336310355,0.043407238336310355
2024-12-31,2025-01-02,1,600030,0.748759305210918,0.748759305210918,0.16666666666666666,20,6,120,risk_controlled_core_satellite,0.16666666666666666,0.08499999999999999,0.058662164361656596,0.058662164361656596
2024-12-31,2025-01-02,2,300750,0.539066788655078,0.539066788655078,0.16666666666666666,20,6,120,risk_controlled_core_satellite,0.16666666666666666,0.08499999999999999,0.058662164361656596,0.058662164361656596
2024-12-31,2025-01-02,3,601318,0.40511479221156654,0.40511479221156654,0.16666666666666666,20,6,120,risk_controlled_core_satellite,0.16666666666666666,0.08499999999999999,0.058662164361656596,0.058662164361656596
2024-12-31,2025-01-02,4,000651,0.3212237093690249,0.3212237093690249,0.16666666666666666,20,6,120,risk_controlled_core_satellite,0.16666666666666666,0.08499999999999999,0.058662164361656596,0.058662164361656596
2024-12-31,2025-01-02,5,601398,0.28309572301425656,0.28309572301425656,0.16666666666666666,20,6,120,risk_controlled_core_satellite,0.16666666666666666,0.08499999999999999,0.058662164361656596,0.058662164361656596
2024-12-31,2025-01-02,6,600036,0.26496952312656874,0.26496952312656874,0.16666666666666666,20,6,120,risk_controlled_core_satellite,0.16666666666666666,0.08499999999999999,0.058662164361656596,0.058662164361656596
2025-01-27,2025-02-05,1,600030,0.4329099944781889,0.4329099944781889,0.16666666666666666,20,6,120,risk_controlled_core_satellite,0.16666666666666666,0.08499999999999999,0.08108241385576943,0.08108241385576943
2025-01-27,2025-02-05,2,300750,0.41658943466172405,0.41658943466172405,0.16666666666666666,20,6,120,risk_controlled_core_satellite,0.16666666666666666,0.08499999999999999,0.08108241385576943,0.08108241385576943
2025-01-27,2025-02-05,3,600036,0.27586206896551735,0.27586206896551735,0.16666666666666666,20,6,120,risk_controlled_core_satellite,0.16666666666666666,0.08499999999999999,0.08108241385576943,0.08108241385576943
2025-01-27,2025-02-05,4,601318,0.24698633806589876,0.24698633806589876,0.16666666666666666,20,6,120,risk_controlled_core_satellite,0.16666666666666666,0.08499999999999999,0.08108241385576943,0.08108241385576943
2025-01-27,2025-02-05,5,601398,0.21414913957934978,0.21414913957934978,0.16666666666666666,20,6,120,risk_controlled_core_satellite,0.16666666666666666,0.08499999999999999,0.08108241385576943,0.08108241385576943
2025-01-27,2025-02-05,6,000651,0.2136498516320473,0.2136498516320473,0.16666666666666666,20,6,120,risk_controlled_core_satellite,0.16666666666666666,0.08499999999999999,0.08108241385576943,0.08108241385576943
2025-02-28,2025-03-03,1,600030,0.5284222737819029,0.5284222737819029,0.16666666666666666,20,6,120,risk_controlled_core_satellite,0.16666666666666666,0.08499999999999999,0.08499999999999999,0.08499999999999999
2025-02-28,2025-03-03,2,002594,0.5198776758409784,0.5198776758409784,0.16666666666666666,20,6,120,risk_controlled_core_satellite,0.16666666666666666,0.08499999999999999,0.08499999999999999,0.08499999999999999
2025-02-28,2025-03-03,3,300750,0.47935389133627027,0.47935389133627027,0.16666666666666666,20,6,120,risk_controlled_core_satellite,0.16666666666666666,0.08499999999999999,0.08499999999999999,0.08499999999999999
2025-02-28,2025-03-03,4,601012,0.28637413394919164,0.28637413394919164,0.16666666666666666,20,6,120,risk_controlled_core_satellite,0.16666666666666666,0.08499999999999999,0.08499999999999999,0.08499999999999999
2025-02-28,2025-03-03,5,600036,0.27831932773109247,0.27831932773109247,0.16666666666666666,20,6,120,risk_controlled_core_satellite,0.16666666666666666,0.08499999999999999,0.08499999999999999,0.08499999999999999
2025-02-28,2025-03-03,6,600887,0.26877470355731226,0.26877470355731226,0.16666666666666666,20,6,120,risk_controlled_core_satellite,0.16666666666666666,0.08499999999999999,0.08499999999999999,0.08499999999999999
2025-03-31,2025-04-01,1,002594,0.3962732919254659,0.3962732919254659,0.16666666666666666,20,6,120,risk_controlled_core_satellite,0.16666666666666666,0.08499999999999999,0.08499999999999999,0.08499999999999999
2025-03-31,2025-04-01,2,300750,0.253648874061718,0.253648874061718,0.16666666666666666,20,6,120,risk_controlled_core_satellite,0.16666666666666666,0.08499999999999999,0.08499999999999999,0.08499999999999999
2025-03-31,2025-04-01,3,600036,0.252232142857143,0.252232142857143,0.16666666666666666,20,6,120,risk_controlled_core_satellite,0.16666666666666666,0.08499999999999999,0.08499999999999999,0.08499999999999999
2025-03-31,2025-04-01,4,600030,0.2013170272812792,0.2013170272812792,0.16666666666666666,20,6,120,risk_controlled_core_satellite,0.16666666666666666,0.08499999999999999,0.08499999999999999,0.08499999999999999
2025-03-31,2025-04-01,5,601398,0.15053763440860202,0.15053763440860202,0.16666666666666666,20,6,120,risk_controlled_core_satellite,0.16666666666666666,0.08499999999999999,0.08499999999999999,0.08499999999999999
2025-03-31,2025-04-01,6,600887,0.11169284467713791,0.11169284467713791,0.16666666666666666,20,6,120,risk_controlled_core_satellite,0.16666666666666666,0.08499999999999999,0.08499999999999999,0.08499999999999999
2025-04-30,2025-05-06,1,002594,0.21917234154007326,0.21917234154007326,0.16666666666666666,20,6,120,risk_controlled_core_satellite,0.16666666666666666,0.08499999999999999,0.07601893311438926,0.07601893311438926
2025-04-30,2025-05-06,2,601398,0.18264014466546108,0.18264014466546108,0.16666666666666666,20,6,120,risk_controlled_core_satellite,0.16666666666666666,0.08499999999999999,0.07601893311438926,0.07601893311438926
2025-04-30,2025-05-06,3,600036,0.08031774051191509,0.08031774051191509,0.16666666666666666,20,6,120,risk_controlled_core_satellite,0.16666666666666666,0.08499999999999999,0.07601893311438926,0.07601893311438926
2025-04-30,2025-05-06,4,600276,0.0750636132315523,0.0750636132315523,0.16666666666666666,20,6,120,risk_controlled_core_satellite,0.16666666666666666,0.08499999999999999,0.07601893311438926,0.07601893311438926
2025-04-30,2025-05-06,5,600900,0.06643625192012292,0.06643625192012292,0.16666666666666666,20,6,120,risk_controlled_core_satellite,0.16666666666666666,0.08499999999999999,0.07601893311438926,0.07601893311438926
2025-04-30,2025-05-06,6,600887,0.0568093385214008,0.0568093385214008,0.16666666666666666,20,6,120,risk_controlled_core_satellite,0.16666666666666666,0.08499999999999999,0.07601893311438926,0.07601893311438926
2025-05-30,2025-06-03,1,002594,0.2872505543237249,0.2872505543237249,0.16666666666666666,20,6,120,risk_controlled_core_satellite,0.16666666666666666,0.08499999999999999,0.07831225998689305,0.07831225998689305
2025-05-30,2025-06-03,2,600036,0.2144838212634821,0.2144838212634821,0.16666666666666666,20,6,120,risk_controlled_core_satellite,0.16666666666666666,0.08499999999999999,0.07831225998689305,0.07831225998689305
2025-05-30,2025-06-03,3,601398,0.18491921005385992,0.18491921005385992,0.16666666666666666,20,6,120,risk_controlled_core_satellite,0.16666666666666666,0.08499999999999999,0.07831225998689305,0.07831225998689305
2025-05-30,2025-06-03,4,000651,0.1547460781706993,0.1547460781706993,0.16666666666666666,20,6,120,risk_controlled_core_satellite,0.16666666666666666,0.08499999999999999,0.07831225998689305,0.07831225998689305
2025-05-30,2025-06-03,5,601899,0.15017064846416384,0.15017064846416384,0.16666666666666666,20,6,120,risk_controlled_core_satellite,0.16666666666666666,0.08499999999999999,0.07831225998689305,0.07831225998689305
2025-05-30,2025-06-03,6,000333,0.14192000000000005,0.14192000000000005,0.16666666666666666,20,6,120,risk_controlled_core_satellite,0.16666666666666666,0.08499999999999999,0.07831225998689305,0.07831225998689305
2025-06-30,2025-07-01,1,601899,0.28222523744911787,0.28222523744911787,0.16666666666666666,20,6,120,risk_controlled_core_satellite,0.16666666666666666,0.08499999999999999,0.08499999999999999,0.08499999999999999
2025-06-30,2025-07-01,2,600036,0.182459108855048,0.182459108855048,0.16666666666666666,20,6,120,risk_controlled_core_satellite,0.16666666666666666,0.08499999999999999,0.08499999999999999,0.08499999999999999
2025-06-30,2025-07-01,3,002594,0.16746769197906652,0.16746769197906652,0.16666666666666666,20,6,120,risk_controlled_core_satellite,0.16666666666666666,0.08499999999999999,0.08499999999999999,0.08499999999999999
2025-06-30,2025-07-01,4,600276,0.13104353533143742,0.13104353533143742,0.16666666666666666,20,6,120,risk_controlled_core_satellite,0.16666666666666666,0.08499999999999999,0.08499999999999999,0.08499999999999999
2025-06-30,2025-07-01,5,601398,0.12836767036450092,0.12836767036450092,0.16666666666666666,20,6,120,risk_controlled_core_satellite,0.16666666666666666,0.08499999999999999,0.08499999999999999,0.08499999999999999
2025-06-30,2025-07-01,6,601318,0.07385554425228902,0.07385554425228902,0.16666666666666666,20,6,120,risk_controlled_core_satellite,0.16666666666666666,0.08499999999999999,0.08499999999999999,0.08499999999999999
2025-07-31,2025-08-01,1,600276,0.4262966333030027,0.4262966333030027,0.16666666666666666,20,6,120,risk_controlled_core_satellite,0.16666666666666666,0.08499999999999999,0.08499999999999999,0.08499999999999999
2025-07-31,2025-08-01,2,601318,0.21849836779107723,0.21849836779107723,0.16666666666666666,20,6,120,risk_controlled_core_satellite,0.16666666666666666,0.08499999999999999,0.08499999999999999,0.08499999999999999
2025-07-31,2025-08-01,3,601899,0.20220349967595608,0.20220349967595608,0.16666666666666666,20,6,120,risk_controlled_core_satellite,0.16666666666666666,0.08499999999999999,0.08499999999999999,0.08499999999999999
2025-07-31,2025-08-01,4,600036,0.17357656163626323,0.17357656163626323,0.16666666666666666,20,6,120,risk_controlled_core_satellite,0.16666666666666666,0.08499999999999999,0.08499999999999999,0.08499999999999999
2025-07-31,2025-08-01,5,601398,0.16559485530546625,0.16559485530546625,0.16666666666666666,20,6,120,risk_controlled_core_satellite,0.16666666666666666,0.08499999999999999,0.08499999999999999,0.08499999999999999
2025-07-31,2025-08-01,6,000001,0.1182692307692308,0.1182692307692308,0.16666666666666666,20,6,120,risk_controlled_core_satellite,0.16666666666666666,0.08499999999999999,0.08499999999999999,0.08499999999999999
2025-08-29,2025-09-01,1,600276,0.45825971731448756,0.45825971731448756,0.16666666666666666,20,6,120,risk_controlled_core_satellite,0.16666666666666666,0.08499999999999999,0.08499999999999999,0.08499999999999999
2025-08-29,2025-09-01,2,601899,0.4456591639871381,0.4456591639871381,0.16666666666666666,20,6,120,risk_controlled_core_satellite,0.16666666666666666,0.08499999999999999,0.08499999999999999,0.08499999999999999
2025-08-29,2025-09-01,3,601318,0.21144067796610155,0.21144067796610155,0.16666666666666666,20,6,120,risk_controlled_core_satellite,0.16666666666666666,0.08499999999999999,0.08499999999999999,0.08499999999999999
2025-08-29,2025-09-01,4,300750,0.2051788015463918,0.2051788015463918,0.16666666666666666,20,6,120,risk_controlled_core_satellite,0.16666666666666666,0.08499999999999999,0.08499999999999999,0.08499999999999999
2025-08-29,2025-09-01,5,600030,0.15714285714285703,0.15714285714285703,0.16666666666666666,20,6,120,risk_controlled_core_satellite,0.16666666666666666,0.08499999999999999,0.08499999999999999,0.08499999999999999
2025-08-29,2025-09-01,6,601888,0.13993684560412167,0.13993684560412167,0.16666666666666666,20,6,120,risk_controlled_core_satellite,0.16666666666666666,0.08499999999999999,0.08499999999999999,0.08499999999999999
2025-09-30,2025-10-09,1,002475,1.2849538679914834,1.2849538679914834,0.16666666666666666,20,6,120,risk_controlled_core_satellite,0.16666666666666666,0.08499999999999999,0.08499999999999998,0.08499999999999998
2025-09-30,2025-10-09,2,300750,0.9858758482030661,0.9858758482030661,0.16666666666666666,20,6,120,risk_controlled_core_satellite,0.16666666666666666,0.08499999999999999,0.08499999999999998,0.08499999999999998
2025-09-30,2025-10-09,3,601899,0.9321808510638299,0.9321808510638299,0.16666666666666666,20,6,120,risk_controlled_core_satellite,0.16666666666666666,0.08499999999999999,0.08499999999999998,0.08499999999999998
2025-09-30,2025-10-09,4,600276,0.49205353408615626,0.49205353408615626,0.16666666666666666,20,6,120,risk_controlled_core_satellite,0.16666666666666666,0.08499999999999999,0.08499999999999998,0.08499999999999998
2025-09-30,2025-10-09,5,601012,0.22365737593473822,0.22365737593473822,0.16666666666666666,20,6,120,risk_controlled_core_satellite,0.16666666666666666,0.08499999999999999,0.08499999999999998,0.08499999999999998
2025-09-30,2025-10-09,6,600030,0.22124634044332914,0.22124634044332914,0.16666666666666666,20,6,120,risk_controlled_core_satellite,0.16666666666666666,0.08499999999999999,0.08499999999999998,0.08499999999999998
2025-10-31,2025-11-03,1,002475,1.021276595744681,1.021276595744681,0.16666666666666666,20,6,120,risk_controlled_core_satellite,0.16666666666666666,0.08499999999999999,0.08499999999999999,0.08499999999999999
2025-10-31,2025-11-03,2,601899,0.7542224810716365,0.7542224810716365,0.16666666666666666,20,6,120,risk_controlled_core_satellite,0.16666666666666666,0.08499999999999999,0.08499999999999999,0.08499999999999999
2025-10-31,2025-11-03,3,300750,0.6552232336367578,0.6552232336367578,0.16666666666666666,20,6,120,risk_controlled_core_satellite,0.16666666666666666,0.08499999999999999,0.08499999999999999,0.08499999999999999
2025-10-31,2025-11-03,4,601012,0.39801324503311264,0.39801324503311264,0.16666666666666666,20,6,120,risk_controlled_core_satellite,0.16666666666666666,0.08499999999999999,0.08499999999999999,0.08499999999999999
2025-10-31,2025-11-03,5,600276,0.2512228526707103,0.2512228526707103,0.16666666666666666,20,6,120,risk_controlled_core_satellite,0.16666666666666666,0.08499999999999999,0.08499999999999999,0.08499999999999999
2025-10-31,2025-11-03,6,601888,0.2225466342254665,0.2225466342254665,0.16666666666666666,20,6,120,risk_controlled_core_satellite,0.16666666666666666,0.08499999999999999,0.08499999999999999,0.08499999999999999
2025-11-28,2025-12-01,1,002475,0.8464503694185672,0.8464503694185672,0.16666666666666666,20,6,120,risk_controlled_core_satellite,0.16666666666666666,0.08499999999999999,0.08499999999999999,0.08499999999999999
2025-11-28,2025-12-01,2,601899,0.6588235294117646,0.6588235294117646,0.16666666666666666,20,6,120,risk_controlled_core_satellite,0.16666666666666666,0.08499999999999999,0.08499999999999999,0.08499999999999999
2025-11-28,2025-12-01,3,300750,0.5037152592470955,0.5037152592470955,0.16666666666666666,20,6,120,risk_controlled_core_satellite,0.16666666666666666,0.08499999999999999,0.08499999999999999,0.08499999999999999
2025-11-28,2025-12-01,4,601888,0.3142617449664429,0.3142617449664429,0.16666666666666666,20,6,120,risk_controlled_core_satellite,0.16666666666666666,0.08499999999999999,0.08499999999999999,0.08499999999999999
2025-11-28,2025-12-01,5,601012,0.28068965517241384,0.28068965517241384,0.16666666666666666,20,6,120,risk_controlled_core_satellite,0.16666666666666666,0.08499999999999999,0.08499999999999999,0.08499999999999999
2025-11-28,2025-12-01,6,600309,0.24259573665346168,0.24259573665346168,0.16666666666666666,20,6,120,risk_controlled_core_satellite,0.16666666666666666,0.08499999999999999,0.08499999999999999,0.08499999999999999
2025-12-31,2026-01-05,1,601899,0.7736732570239337,0.7736732570239337,0.16666666666666666,20,6,120,risk_controlled_core_satellite,0.16666666666666666,0.08499999999999999,0.08499999999999999,0.08499999999999999
2025-12-31,2026-01-05,2,002475,0.6181870338496844,0.6181870338496844,0.16666666666666666,20,6,120,risk_controlled_core_satellite,0.16666666666666666,0.08499999999999999,0.08499999999999999,0.08499999999999999
2025-12-31,2026-01-05,3,601888,0.5519459102902375,0.5519459102902375,0.16666666666666666,20,6,120,risk_controlled_core_satellite,0.16666666666666666,0.08499999999999999,0.08499999999999999,0.08499999999999999
2025-12-31,2026-01-05,4,300750,0.41092404072043864,0.41092404072043864,0.16666666666666666,20,6,120,risk_controlled_core_satellite,0.16666666666666666,0.08499999999999999,0.08499999999999999,0.08499999999999999
2025-12-31,2026-01-05,5,600309,0.3955596669750234,0.3955596669750234,0.16666666666666666,20,6,120,risk_controlled_core_satellite,0.16666666666666666,0.08499999999999999,0.08499999999999999,0.08499999999999999
2025-12-31,2026-01-05,6,601318,0.2400000000000002,0.2400000000000002,0.16666666666666666,20,6,120,risk_controlled_core_satellite,0.16666666666666666,0.08499999999999999,0.08499999999999999,0.08499999999999999
2026-01-30,2026-02-02,1,601899,1.0633108458744163,1.0633108458744163,0.16666666666666666,20,6,120,risk_controlled_core_satellite,0.16666666666666666,0.08499999999999999,0.08499999999999999,0.08499999999999999
2026-01-30,2026-02-02,2,600309,0.4516237027117509,0.4516237027117509,0.16666666666666666,20,6,120,risk_controlled_core_satellite,0.16666666666666666,0.08499999999999999,0.08499999999999999,0.08499999999999999
2026-01-30,2026-02-02,3,002475,0.4207907105335913,0.4207907105335913,0.16666666666666666,20,6,120,risk_controlled_core_satellite,0.16666666666666666,0.08499999999999999,0.08499999999999999,0.08499999999999999
2026-01-30,2026-02-02,4,601888,0.3854783421626673,0.3854783421626673,0.16666666666666666,20,6,120,risk_controlled_core_satellite,0.16666666666666666,0.08499999999999999,0.08499999999999999,0.08499999999999999
2026-01-30,2026-02-02,5,300750,0.3308894836882732,0.3308894836882732,0.16666666666666666,20,6,120,risk_controlled_core_satellite,0.16666666666666666,0.08499999999999999,0.08499999999999999,0.08499999999999999
2026-01-30,2026-02-02,6,601318,0.1516654854712971,0.1516654854712971,0.16666666666666666,20,6,120,risk_controlled_core_satellite,0.16666666666666666,0.08499999999999999,0.08499999999999999,0.08499999999999999
2026-02-27,2026-03-02,1,601899,0.8125867653863954,0.8125867653863954,0.16666666666666666,20,6,120,risk_controlled_core_satellite,0.16666666666666666,0.08499999999999999,0.08499999999999999,0.08499999999999999
2026-02-27,2026-03-02,2,600309,0.3710400478182905,0.3710400478182905,0.16666666666666666,20,6,120,risk_controlled_core_satellite,0.16666666666666666,0.08499999999999999,0.08499999999999999,0.08499999999999999
2026-02-27,2026-03-02,3,300750,0.18255284610226918,0.18255284610226918,0.16666666666666666,20,6,120,risk_controlled_core_satellite,0.16666666666666666,0.08499999999999999,0.08499999999999999,0.08499999999999999
2026-02-27,2026-03-02,4,002475,0.17420867526377481,0.17420867526377481,0.16666666666666666,20,6,120,risk_controlled_core_satellite,0.16666666666666666,0.08499999999999999,0.08499999999999999,0.08499999999999999
2026-02-27,2026-03-02,5,601888,0.16909833673767127,0.16909833673767127,0.16666666666666666,20,6,120,risk_controlled_core_satellite,0.16666666666666666,0.08499999999999999,0.08499999999999999,0.08499999999999999
2026-02-27,2026-03-02,6,601012,0.09242695289206915,0.09242695289206915,0.16666666666666666,20,6,120,risk_controlled_core_satellite,0.16666666666666666,0.08499999999999999,0.08499999999999999,0.08499999999999999
2026-03-31,2026-04-01,1,601899,0.2767469403868932,0.2767469403868932,0.16666666666666666,20,6,120,risk_controlled_core_satellite,0.16666666666666666,0.08499999999999999,0.08499999999999999,0.08499999999999999
2026-03-31,2026-04-01,2,600309,0.25260291526509704,0.25260291526509704,0.16666666666666666,20,6,120,risk_controlled_core_satellite,0.16666666666666666,0.08499999999999999,0.08499999999999999,0.08499999999999999
2026-03-31,2026-04-01,3,300750,0.058361481958072,0.058361481958072,0.16666666666666666,20,6,120,risk_controlled_core_satellite,0.16666666666666666,0.08499999999999999,0.08499999999999999,0.08499999999999999
2026-03-31,2026-04-01,4,601318,0.046396653356151285,0.046396653356151285,0.16666666666666666,20,6,120,risk_controlled_core_satellite,0.16666666666666666,0.08499999999999999,0.08499999999999999,0.08499999999999999
2026-03-31,2026-04-01,5,601398,0.0432960893854748,0.0432960893854748,0.16666666666666666,20,6,120,risk_controlled_core_satellite,0.16666666666666666,0.08499999999999999,0.08499999999999999,0.08499999999999999
2026-03-31,2026-04-01,6,000333,0.039204464157962526,0.039204464157962526,0.16666666666666666,20,6,120,risk_controlled_core_satellite,0.16666666666666666,0.08499999999999999,0.08499999999999999,0.08499999999999999
2026-04-30,2026-05-06,1,600309,0.4384164222873901,0.4384164222873901,0.16666666666666666,20,6,120,risk_controlled_core_satellite,0.16666666666666666,0.08499999999999999,0.08499999999999998,0.08499999999999998
2026-04-30,2026-05-06,2,300750,0.14177970984130295,0.14177970984130295,0.16666666666666666,20,6,120,risk_controlled_core_satellite,0.16666666666666666,0.08499999999999999,0.08499999999999998,0.08499999999999998
2026-04-30,2026-05-06,3,002415,0.10647571606475714,0.10647571606475714,0.16666666666666666,20,6,120,risk_controlled_core_satellite,0.16666666666666666,0.08499999999999999,0.08499999999999998,0.08499999999999998
2026-04-30,2026-05-06,4,601899,0.09296148738379806,0.09296148738379806,0.16666666666666666,20,6,120,risk_controlled_core_satellite,0.16666666666666666,0.08499999999999999,0.08499999999999998,0.08499999999999998
2026-04-30,2026-05-06,5,000333,0.07189361407397143,0.07189361407397143,0.16666666666666666,20,6,120,risk_controlled_core_satellite,0.16666666666666666,0.08499999999999999,0.08499999999999998,0.08499999999999998
2026-04-30,2026-05-06,6,002475,0.06634768740031882,0.06634768740031882,0.16666666666666666,20,6,120,risk_controlled_core_satellite,0.16666666666666666,0.08499999999999999,0.08499999999999998,0.08499999999999998
2026-05-29,2026-06-01,1,002475,0.2766143106457244,0.2766143106457244,0.16666666666666666,20,6,120,risk_controlled_core_satellite,0.16666666666666666,0.08499999999999999,0.08499999999999998,0.08499999999999998
2026-05-29,2026-06-01,2,600309,0.17614091273018406,0.17614091273018406,0.16666666666666666,20,6,120,risk_controlled_core_satellite,0.16666666666666666,0.08499999999999999,0.08499999999999998,0.08499999999999998
2026-05-29,2026-06-01,3,300750,0.15875488508103075,0.15875488508103075,0.16666666666666666,20,6,120,risk_controlled_core_satellite,0.16666666666666666,0.08499999999999999,0.08499999999999998,0.08499999999999998
2026-05-29,2026-06-01,4,601899,0.07165775401069507,0.07165775401069507,0.16666666666666666,20,6,120,risk_controlled_core_satellite,0.16666666666666666,0.08499999999999999,0.08499999999999998,0.08499999999999998
2026-05-29,2026-06-01,5,002415,0.04837049742710131,0.04837049742710131,0.16666666666666666,20,6,120,risk_controlled_core_satellite,0.16666666666666666,0.08499999999999999,0.08499999999999998,0.08499999999999998
2026-05-29,2026-06-01,6,000333,0.013801261829653022,0.013801261829653022,0.16666666666666666,20,6,120,risk_controlled_core_satellite,0.16666666666666666,0.08499999999999999,0.08499999999999998,0.08499999999999998
2026-06-30,2026-07-01,1,002475,0.18822932521562663,0.18822932521562663,0.16666666666666666,20,6,120,risk_controlled_core_satellite,0.16666666666666666,0.08499999999999999,0.08499999999999999,0.08499999999999999
2026-06-30,2026-07-01,2,002415,0.1842105263157896,0.1842105263157896,0.16666666666666666,20,6,120,risk_controlled_core_satellite,0.16666666666666666,0.08499999999999999,0.08499999999999999,0.08499999999999999
2026-06-30,2026-07-01,3,300750,0.07350450696530997,0.07350450696530997,0.16666666666666666,20,6,120,risk_controlled_core_satellite,0.16666666666666666,0.08499999999999999,0.08499999999999999,0.08499999999999999
2026-06-30,2026-07-01,4,600030,0.016631280962491113,0.016631280962491113,0.16666666666666666,20,6,120,risk_controlled_core_satellite,0.16666666666666666,0.08499999999999999,0.08499999999999999,0.08499999999999999
2026-06-30,2026-07-01,5,000333,0.00881527981835184,0.00881527981835184,0.16666666666666666,20,6,120,risk_controlled_core_satellite,0.16666666666666666,0.08499999999999999,0.08499999999999999,0.08499999999999999
2026-06-30,2026-07-01,6,600900,-0.03603603603603611,-0.03603603603603611,0.16666666666666666,20,6,120,risk_controlled_core_satellite,0.16666666666666666,0.08499999999999999,0.08499999999999999,0.08499999999999999
